-- phpMyAdmin SQL Dump
-- version 5.2.2
-- https://www.phpmyadmin.net/
--
-- Host: localhost:3306
-- Generation Time: Oct 08, 2025 at 01:05 AM
-- Server version: 11.4.8-MariaDB-cll-lve
-- PHP Version: 8.3.25

SET SQL_MODE = "NO_AUTO_VALUE_ON_ZERO";
START TRANSACTION;
SET time_zone = "+00:00";


/*!40101 SET @OLD_CHARACTER_SET_CLIENT=@@CHARACTER_SET_CLIENT */;
/*!40101 SET @OLD_CHARACTER_SET_RESULTS=@@CHARACTER_SET_RESULTS */;
/*!40101 SET @OLD_COLLATION_CONNECTION=@@COLLATION_CONNECTION */;
/*!40101 SET NAMES utf8mb4 */;

--
-- Database: `jforfdxo_cariella`
--

-- --------------------------------------------------------

--
-- Table structure for table `admins`
--

CREATE TABLE `admins` (
  `id` int(10) UNSIGNED NOT NULL,
  `username` varchar(50) NOT NULL,
  `email` varchar(100) NOT NULL,
  `password` varchar(255) NOT NULL,
  `full_name` varchar(100) DEFAULT NULL,
  `role` enum('super_admin','admin','moderator') DEFAULT 'admin',
  `active` tinyint(1) DEFAULT 1,
  `last_login` datetime DEFAULT NULL,
  `created_at` timestamp NULL DEFAULT current_timestamp(),
  `updated_at` timestamp NULL DEFAULT current_timestamp() ON UPDATE current_timestamp()
) ENGINE=InnoDB DEFAULT CHARSET=utf8mb4 COLLATE=utf8mb4_unicode_ci;

--
-- Dumping data for table `admins`
--

INSERT INTO `admins` (`id`, `username`, `email`, `password`, `full_name`, `role`, `active`, `last_login`, `created_at`, `updated_at`) VALUES
(1, 'admin', 'admin@cariella.com', '$2y$10$YourHashedPasswordHere', 'System Admin', 'super_admin', 1, '2025-09-30 15:10:56', '2025-09-29 17:05:06', '2025-09-30 12:10:56');

-- --------------------------------------------------------

--
-- Table structure for table `api_tokens`
--

CREATE TABLE `api_tokens` (
  `id` int(10) UNSIGNED NOT NULL,
  `user_id` int(10) UNSIGNED DEFAULT NULL,
  `token` varchar(255) NOT NULL,
  `device_info` varchar(255) DEFAULT NULL,
  `expires_at` datetime DEFAULT NULL,
  `created_at` timestamp NULL DEFAULT current_timestamp(),
  `last_used` datetime DEFAULT NULL
) ENGINE=InnoDB DEFAULT CHARSET=utf8mb4 COLLATE=utf8mb4_unicode_ci;

-- --------------------------------------------------------

--
-- Table structure for table `cities`
--

CREATE TABLE `cities` (
  `id` int(10) UNSIGNED NOT NULL,
  `country_id` int(10) UNSIGNED NOT NULL,
  `name` varchar(100) NOT NULL,
  `active` tinyint(1) DEFAULT 1,
  `created_at` timestamp NULL DEFAULT current_timestamp()
) ENGINE=InnoDB DEFAULT CHARSET=utf8mb4 COLLATE=utf8mb4_unicode_ci;

--
-- Dumping data for table `cities`
--

INSERT INTO `cities` (`id`, `country_id`, `name`, `active`, `created_at`) VALUES
(1, 1, 'Algiers', 1, '2025-09-29 07:12:35'),
(2, 1, 'Oran', 1, '2025-09-29 07:12:35'),
(3, 1, 'Constantine', 1, '2025-09-29 07:12:35'),
(4, 2, 'Luanda', 1, '2025-09-29 07:12:35'),
(5, 2, 'Huambo', 1, '2025-09-29 07:12:35'),
(6, 2, 'Lobito', 1, '2025-09-29 07:12:35'),
(7, 3, 'Cotonou', 1, '2025-09-29 07:12:35'),
(8, 3, 'Porto-Novo', 1, '2025-09-29 07:12:35'),
(9, 3, 'Parakou', 1, '2025-09-29 07:12:35'),
(10, 4, 'Gaborone', 1, '2025-09-29 07:12:35'),
(11, 4, 'Francistown', 1, '2025-09-29 07:12:35'),
(12, 4, 'Maun', 1, '2025-09-29 07:12:35'),
(13, 5, 'Ouagadougou', 1, '2025-09-29 07:12:35'),
(14, 5, 'Bobo-Dioulasso', 1, '2025-09-29 07:12:35'),
(15, 6, 'Bujumbura', 1, '2025-09-29 07:12:35'),
(16, 6, 'Gitega', 1, '2025-09-29 07:12:35'),
(17, 7, 'Douala', 1, '2025-09-29 07:12:35'),
(18, 7, 'Yaoundé', 1, '2025-09-29 07:12:35'),
(19, 7, 'Bamenda', 1, '2025-09-29 07:12:35'),
(20, 7, 'Garoua', 1, '2025-09-29 07:12:35'),
(21, 8, 'Praia', 1, '2025-09-29 07:12:35'),
(22, 8, 'Mindelo', 1, '2025-09-29 07:12:35'),
(23, 9, 'Bangui', 1, '2025-09-29 07:12:35'),
(24, 10, 'N\'Djamena', 1, '2025-09-29 07:12:35'),
(25, 10, 'Moundou', 1, '2025-09-29 07:12:35'),
(26, 11, 'Moroni', 1, '2025-09-29 07:12:35'),
(27, 12, 'Brazzaville', 1, '2025-09-29 07:12:35'),
(28, 12, 'Pointe-Noire', 1, '2025-09-29 07:12:35'),
(29, 13, 'Kinshasa', 1, '2025-09-29 07:12:35'),
(30, 13, 'Lubumbashi', 1, '2025-09-29 07:12:35'),
(31, 13, 'Mbuji-Mayi', 1, '2025-09-29 07:12:35'),
(32, 13, 'Goma', 1, '2025-09-29 07:12:35'),
(33, 14, 'Abidjan', 1, '2025-09-29 07:12:35'),
(34, 14, 'Yamoussoukro', 1, '2025-09-29 07:12:35'),
(35, 14, 'Bouaké', 1, '2025-09-29 07:12:35'),
(36, 15, 'Djibouti City', 1, '2025-09-29 07:12:35'),
(37, 16, 'Cairo', 1, '2025-09-29 07:12:35'),
(38, 16, 'Alexandria', 1, '2025-09-29 07:12:35'),
(39, 16, 'Giza', 1, '2025-09-29 07:12:35'),
(40, 16, 'Luxor', 1, '2025-09-29 07:12:35'),
(41, 17, 'Malabo', 1, '2025-09-29 07:12:35'),
(42, 17, 'Bata', 1, '2025-09-29 07:12:35'),
(43, 18, 'Asmara', 1, '2025-09-29 07:12:35'),
(44, 18, 'Keren', 1, '2025-09-29 07:12:35'),
(45, 19, 'Addis Ababa', 1, '2025-09-29 07:12:35'),
(46, 19, 'Dire Dawa', 1, '2025-09-29 07:12:35'),
(47, 19, 'Mekelle', 1, '2025-09-29 07:12:35'),
(48, 20, 'Libreville', 1, '2025-09-29 07:12:35'),
(49, 20, 'Port-Gentil', 1, '2025-09-29 07:12:35'),
(50, 21, 'Banjul', 1, '2025-09-29 07:12:35'),
(51, 21, 'Serekunda', 1, '2025-09-29 07:12:35'),
(52, 22, 'Accra', 1, '2025-09-29 07:12:35'),
(53, 22, 'Kumasi', 1, '2025-09-29 07:12:35'),
(54, 22, 'Tamale', 1, '2025-09-29 07:12:35'),
(55, 22, 'Takoradi', 1, '2025-09-29 07:12:35'),
(56, 23, 'Conakry', 1, '2025-09-29 07:12:35'),
(57, 23, 'Kankan', 1, '2025-09-29 07:12:35'),
(58, 24, 'Bissau', 1, '2025-09-29 07:12:35'),
(59, 25, 'Nairobi', 1, '2025-09-29 07:12:35'),
(60, 25, 'Mombasa', 1, '2025-09-29 07:12:35'),
(61, 25, 'Kisumu', 1, '2025-09-29 07:12:35'),
(62, 25, 'Nakuru', 1, '2025-09-29 07:12:35'),
(63, 26, 'Maseru', 1, '2025-09-29 07:12:35'),
(64, 26, 'Teyateyaneng', 1, '2025-09-29 07:12:35'),
(65, 27, 'Monrovia', 1, '2025-09-29 07:12:35'),
(66, 28, 'Tripoli', 1, '2025-09-29 07:12:35'),
(67, 28, 'Benghazi', 1, '2025-09-29 07:12:35'),
(68, 28, 'Misrata', 1, '2025-09-29 07:12:35'),
(69, 29, 'Antananarivo', 1, '2025-09-29 07:12:35'),
(70, 29, 'Toamasina', 1, '2025-09-29 07:12:35'),
(71, 29, 'Antsirabe', 1, '2025-09-29 07:12:35'),
(72, 30, 'Lilongwe', 1, '2025-09-29 07:12:35'),
(73, 30, 'Blantyre', 1, '2025-09-29 07:12:35'),
(74, 30, 'Mzuzu', 1, '2025-09-29 07:12:35'),
(75, 31, 'Bamako', 1, '2025-09-29 07:12:35'),
(76, 31, 'Sikasso', 1, '2025-09-29 07:12:35'),
(77, 31, 'Mopti', 1, '2025-09-29 07:12:35'),
(78, 32, 'Nouakchott', 1, '2025-09-29 07:12:35'),
(79, 32, 'Nouadhibou', 1, '2025-09-29 07:12:35'),
(80, 33, 'Port Louis', 1, '2025-09-29 07:12:35'),
(81, 33, 'Vacoas-Phoenix', 1, '2025-09-29 07:12:35'),
(82, 34, 'Casablanca', 1, '2025-09-29 07:12:35'),
(83, 34, 'Rabat', 1, '2025-09-29 07:12:35'),
(84, 34, 'Marrakech', 1, '2025-09-29 07:12:35'),
(85, 34, 'Fes', 1, '2025-09-29 07:12:35'),
(86, 35, 'Maputo', 1, '2025-09-29 07:12:35'),
(87, 35, 'Beira', 1, '2025-09-29 07:12:35'),
(88, 35, 'Nampula', 1, '2025-09-29 07:12:35'),
(89, 36, 'Windhoek', 1, '2025-09-29 07:12:35'),
(90, 36, 'Walvis Bay', 1, '2025-09-29 07:12:35'),
(91, 36, 'Swakopmund', 1, '2025-09-29 07:12:35'),
(92, 37, 'Niamey', 1, '2025-09-29 07:12:35'),
(93, 37, 'Zinder', 1, '2025-09-29 07:12:35'),
(94, 38, 'Lagos', 1, '2025-09-29 07:12:35'),
(95, 38, 'Abuja', 1, '2025-09-29 07:12:35'),
(96, 38, 'Kano', 1, '2025-09-29 07:12:35'),
(97, 38, 'Ibadan', 1, '2025-09-29 07:12:35'),
(98, 38, 'Port Harcourt', 1, '2025-09-29 07:12:35'),
(99, 39, 'Kigali', 1, '2025-09-29 07:12:35'),
(100, 39, 'Butare', 1, '2025-09-29 07:12:35'),
(101, 40, 'São Tomé', 1, '2025-09-29 07:12:35'),
(102, 41, 'Dakar', 1, '2025-09-29 07:12:35'),
(103, 41, 'Touba', 1, '2025-09-29 07:12:35'),
(104, 41, 'Thiès', 1, '2025-09-29 07:12:35'),
(105, 42, 'Victoria', 1, '2025-09-29 07:12:35'),
(106, 43, 'Freetown', 1, '2025-09-29 07:12:35'),
(107, 43, 'Bo', 1, '2025-09-29 07:12:35'),
(108, 44, 'Mogadishu', 1, '2025-09-29 07:12:35'),
(109, 44, 'Hargeisa', 1, '2025-09-29 07:12:35'),
(110, 44, 'Bosaso', 1, '2025-09-29 07:12:35'),
(111, 45, 'Johannesburg', 1, '2025-09-29 07:12:35'),
(112, 45, 'Cape Town', 1, '2025-09-29 07:12:35'),
(113, 45, 'Durban', 1, '2025-09-29 07:12:35'),
(114, 45, 'Pretoria', 1, '2025-09-29 07:12:35'),
(115, 46, 'Juba', 1, '2025-09-29 07:12:35'),
(116, 46, 'Malakal', 1, '2025-09-29 07:12:35'),
(117, 47, 'Khartoum', 1, '2025-09-29 07:12:35'),
(118, 47, 'Omdurman', 1, '2025-09-29 07:12:35'),
(119, 47, 'Port Sudan', 1, '2025-09-29 07:12:35'),
(120, 48, 'Mbabane', 1, '2025-09-29 07:12:35'),
(121, 48, 'Manzini', 1, '2025-09-29 07:12:35'),
(122, 49, 'Dar es Salaam', 1, '2025-09-29 07:12:35'),
(123, 49, 'Dodoma', 1, '2025-09-29 07:12:35'),
(124, 49, 'Mwanza', 1, '2025-09-29 07:12:35'),
(125, 49, 'Arusha', 1, '2025-09-29 07:12:35'),
(126, 50, 'Lomé', 1, '2025-09-29 07:12:35'),
(127, 50, 'Sokodé', 1, '2025-09-29 07:12:35'),
(128, 51, 'Tunis', 1, '2025-09-29 07:12:35'),
(129, 51, 'Sfax', 1, '2025-09-29 07:12:35'),
(130, 51, 'Sousse', 1, '2025-09-29 07:12:35'),
(131, 52, 'Kampala', 1, '2025-09-29 07:12:35'),
(132, 52, 'Gulu', 1, '2025-09-29 07:12:35'),
(133, 52, 'Mbarara', 1, '2025-09-29 07:12:35'),
(134, 53, 'Lusaka', 1, '2025-09-29 07:12:35'),
(135, 53, 'Kitwe', 1, '2025-09-29 07:12:35'),
(136, 53, 'Ndola', 1, '2025-09-29 07:12:35'),
(137, 54, 'Harare', 1, '2025-09-29 07:12:35'),
(138, 54, 'Bulawayo', 1, '2025-09-29 07:12:35'),
(139, 54, 'Mutare', 1, '2025-09-29 07:12:35');

-- --------------------------------------------------------

--
-- Table structure for table `comparison_logs`
--

CREATE TABLE `comparison_logs` (
  `id` int(10) UNSIGNED NOT NULL,
  `user_id` int(10) UNSIGNED DEFAULT NULL,
  `part_ids` longtext CHARACTER SET utf8mb4 COLLATE utf8mb4_bin NOT NULL CHECK (json_valid(`part_ids`)),
  `created_at` timestamp NULL DEFAULT current_timestamp()
) ENGINE=InnoDB DEFAULT CHARSET=utf8mb4 COLLATE=utf8mb4_unicode_ci;

-- --------------------------------------------------------

--
-- Table structure for table `countries`
--

CREATE TABLE `countries` (
  `id` int(10) UNSIGNED NOT NULL,
  `code` varchar(2) NOT NULL,
  `name` varchar(100) NOT NULL,
  `active` tinyint(1) DEFAULT 1,
  `created_at` timestamp NULL DEFAULT current_timestamp()
) ENGINE=InnoDB DEFAULT CHARSET=utf8mb4 COLLATE=utf8mb4_unicode_ci;

--
-- Dumping data for table `countries`
--

INSERT INTO `countries` (`id`, `code`, `name`, `active`, `created_at`) VALUES
(1, 'DZ', 'Algeria', 1, '2025-09-29 07:10:54'),
(2, 'AO', 'Angola', 1, '2025-09-29 07:10:54'),
(3, 'BJ', 'Benin', 1, '2025-09-29 07:10:54'),
(4, 'BW', 'Botswana', 1, '2025-09-29 07:10:54'),
(5, 'BF', 'Burkina Faso', 1, '2025-09-29 07:10:54'),
(6, 'BI', 'Burundi', 1, '2025-09-29 07:10:54'),
(7, 'CM', 'Cameroon', 1, '2025-09-29 07:10:54'),
(8, 'CV', 'Cape Verde', 1, '2025-09-29 07:10:54'),
(9, 'CF', 'Central African Republic', 1, '2025-09-29 07:10:54'),
(10, 'TD', 'Chad', 1, '2025-09-29 07:10:54'),
(11, 'KM', 'Comoros', 1, '2025-09-29 07:10:54'),
(12, 'CG', 'Congo', 1, '2025-09-29 07:10:54'),
(13, 'CD', 'Democratic Republic of the Congo', 1, '2025-09-29 07:10:54'),
(14, 'CI', 'Ivory Coast', 1, '2025-09-29 07:10:54'),
(15, 'DJ', 'Djibouti', 1, '2025-09-29 07:10:54'),
(16, 'EG', 'Egypt', 1, '2025-09-29 07:10:54'),
(17, 'GQ', 'Equatorial Guinea', 1, '2025-09-29 07:10:54'),
(18, 'ER', 'Eritrea', 1, '2025-09-29 07:10:54'),
(19, 'ET', 'Ethiopia', 1, '2025-09-29 07:10:54'),
(20, 'GA', 'Gabon', 1, '2025-09-29 07:10:54'),
(21, 'GM', 'Gambia', 1, '2025-09-29 07:10:54'),
(22, 'GH', 'Ghana', 1, '2025-09-29 07:10:54'),
(23, 'GN', 'Guinea', 1, '2025-09-29 07:10:54'),
(24, 'GW', 'Guinea-Bissau', 1, '2025-09-29 07:10:54'),
(25, 'KE', 'Kenya', 1, '2025-09-29 07:10:54'),
(26, 'LS', 'Lesotho', 1, '2025-09-29 07:10:54'),
(27, 'LR', 'Liberia', 1, '2025-09-29 07:10:54'),
(28, 'LY', 'Libya', 1, '2025-09-29 07:10:54'),
(29, 'MG', 'Madagascar', 1, '2025-09-29 07:10:54'),
(30, 'MW', 'Malawi', 1, '2025-09-29 07:10:54'),
(31, 'ML', 'Mali', 1, '2025-09-29 07:10:54'),
(32, 'MR', 'Mauritania', 1, '2025-09-29 07:10:54'),
(33, 'MU', 'Mauritius', 1, '2025-09-29 07:10:54'),
(34, 'MA', 'Morocco', 1, '2025-09-29 07:10:54'),
(35, 'MZ', 'Mozambique', 1, '2025-09-29 07:10:54'),
(36, 'NA', 'Namibia', 1, '2025-09-29 07:10:54'),
(37, 'NE', 'Niger', 1, '2025-09-29 07:10:54'),
(38, 'NG', 'Nigeria', 1, '2025-09-29 07:10:54'),
(39, 'RW', 'Rwanda', 1, '2025-09-29 07:10:54'),
(40, 'ST', 'Sao Tome and Principe', 1, '2025-09-29 07:10:54'),
(41, 'SN', 'Senegal', 1, '2025-09-29 07:10:54'),
(42, 'SC', 'Seychelles', 1, '2025-09-29 07:10:54'),
(43, 'SL', 'Sierra Leone', 1, '2025-09-29 07:10:54'),
(44, 'SO', 'Somalia', 1, '2025-09-29 07:10:54'),
(45, 'ZA', 'South Africa', 1, '2025-09-29 07:10:54'),
(46, 'SS', 'South Sudan', 1, '2025-09-29 07:10:54'),
(47, 'SD', 'Sudan', 1, '2025-09-29 07:10:54'),
(48, 'SZ', 'Eswatini', 1, '2025-09-29 07:10:54'),
(49, 'TZ', 'Tanzania', 1, '2025-09-29 07:10:54'),
(50, 'TG', 'Togo', 1, '2025-09-29 07:10:54'),
(51, 'TN', 'Tunisia', 1, '2025-09-29 07:10:54'),
(52, 'UG', 'Uganda', 1, '2025-09-29 07:10:54'),
(53, 'ZM', 'Zambia', 1, '2025-09-29 07:10:54'),
(54, 'ZW', 'Zimbabwe', 1, '2025-09-29 07:10:54');

-- --------------------------------------------------------

--
-- Table structure for table `currencies`
--

CREATE TABLE `currencies` (
  `id` int(10) UNSIGNED NOT NULL,
  `code` varchar(3) NOT NULL,
  `name` varchar(50) NOT NULL,
  `symbol` varchar(10) DEFAULT NULL,
  `exchange_rate` decimal(10,4) DEFAULT 1.0000,
  `active` tinyint(1) DEFAULT 1,
  `created_at` timestamp NULL DEFAULT current_timestamp()
) ENGINE=InnoDB DEFAULT CHARSET=utf8mb4 COLLATE=utf8mb4_unicode_ci;

--
-- Dumping data for table `currencies`
--

INSERT INTO `currencies` (`id`, `code`, `name`, `symbol`, `exchange_rate`, `active`, `created_at`) VALUES
(1, 'USD', 'US Dollar', '$', 1.0000, 1, '2025-09-29 07:15:28'),
(2, 'XOF', 'West African CFA Franc', 'CFA', 600.0000, 1, '2025-09-29 07:15:28'),
(3, 'XAF', 'Central African CFA Franc', 'FCFA', 600.0000, 1, '2025-09-29 07:15:28'),
(4, 'ZAR', 'South African Rand', 'R', 18.5000, 1, '2025-09-29 07:15:28'),
(5, 'EGP', 'Egyptian Pound', '£', 30.9000, 1, '2025-09-29 07:15:28'),
(6, 'NGN', 'Nigerian Naira', '₦', 775.0000, 1, '2025-09-29 07:15:28'),
(7, 'KES', 'Kenyan Shilling', 'KSh', 129.0000, 1, '2025-09-29 07:15:28'),
(8, 'GHS', 'Ghanaian Cedi', '₵', 12.0000, 1, '2025-09-29 07:15:28'),
(9, 'TZS', 'Tanzanian Shilling', 'TSh', 2500.0000, 1, '2025-09-29 07:15:28'),
(10, 'UGX', 'Ugandan Shilling', 'USh', 3700.0000, 1, '2025-09-29 07:15:28'),
(11, 'MAD', 'Moroccan Dirham', 'DH', 10.0000, 1, '2025-09-29 07:15:28'),
(12, 'ETB', 'Ethiopian Birr', 'Br', 55.0000, 1, '2025-09-29 07:15:28'),
(13, 'ZMW', 'Zambian Kwacha', 'ZK', 22.0000, 1, '2025-09-29 07:15:28'),
(14, 'AOA', 'Angolan Kwanza', 'Kz', 830.0000, 1, '2025-09-29 07:15:28'),
(15, 'TND', 'Tunisian Dinar', 'DT', 3.1000, 1, '2025-09-29 07:15:28'),
(16, 'BWP', 'Botswana Pula', 'P', 13.5000, 1, '2025-09-29 07:15:28'),
(17, 'MUR', 'Mauritian Rupee', '₨', 45.5000, 1, '2025-09-29 07:15:28'),
(18, 'NAD', 'Namibian Dollar', 'N$', 18.5000, 1, '2025-09-29 07:15:28'),
(19, 'RWF', 'Rwandan Franc', 'FRw', 1100.0000, 1, '2025-09-29 07:15:28'),
(20, 'SCR', 'Seychellois Rupee', '₨', 13.8000, 1, '2025-09-29 07:15:28'),
(21, 'MZN', 'Mozambican Metical', 'MT', 63.5000, 1, '2025-09-29 07:15:28'),
(22, 'MWK', 'Malawian Kwacha', 'MK', 1030.0000, 1, '2025-09-29 07:15:28'),
(23, 'LYD', 'Libyan Dinar', 'LD', 4.8000, 1, '2025-09-29 07:15:28'),
(24, 'DZD', 'Algerian Dinar', 'DA', 135.0000, 1, '2025-09-29 07:15:28'),
(25, 'SOS', 'Somali Shilling', 'Sh', 570.0000, 1, '2025-09-29 07:15:28'),
(26, 'SDG', 'Sudanese Pound', '£', 600.0000, 1, '2025-09-29 07:15:28'),
(27, 'SSP', 'South Sudanese Pound', '£', 130.0000, 1, '2025-09-29 07:15:28'),
(28, 'SZL', 'Swazi Lilangeni', 'L', 18.5000, 1, '2025-09-29 07:15:28'),
(29, 'LSL', 'Lesotho Loti', 'L', 18.5000, 1, '2025-09-29 07:15:28'),
(30, 'MGA', 'Malagasy Ariary', 'Ar', 4500.0000, 1, '2025-09-29 07:15:28'),
(31, 'GMD', 'Gambian Dalasi', 'D', 63.0000, 1, '2025-09-29 07:15:28'),
(32, 'CVE', 'Cape Verdean Escudo', '$', 101.0000, 1, '2025-09-29 07:15:28'),
(33, 'GNF', 'Guinean Franc', 'FG', 8600.0000, 1, '2025-09-29 07:15:28'),
(34, 'LRD', 'Liberian Dollar', 'L$', 155.0000, 1, '2025-09-29 07:15:28'),
(35, 'MRU', 'Mauritanian Ouguiya', 'UM', 36.0000, 1, '2025-09-29 07:15:28'),
(36, 'STN', 'São Tomé and Príncipe Dobra', 'Db', 22.5000, 1, '2025-09-29 07:15:28'),
(37, 'SLL', 'Sierra Leonean Leone', 'Le', 19750.0000, 1, '2025-09-29 07:15:28'),
(38, 'DJF', 'Djiboutian Franc', 'Fdj', 177.0000, 1, '2025-09-29 07:15:28'),
(39, 'ERN', 'Eritrean Nakfa', 'Nfk', 15.0000, 1, '2025-09-29 07:15:28'),
(40, 'KMF', 'Comorian Franc', 'CF', 450.0000, 1, '2025-09-29 07:15:28'),
(41, 'BIF', 'Burundian Franc', 'FBu', 2850.0000, 1, '2025-09-29 07:15:28');

-- --------------------------------------------------------

--
-- Table structure for table `languages`
--

CREATE TABLE `languages` (
  `id` int(10) UNSIGNED NOT NULL,
  `code` varchar(5) NOT NULL,
  `name` varchar(50) NOT NULL,
  `active` tinyint(1) DEFAULT 1,
  `created_at` timestamp NULL DEFAULT current_timestamp()
) ENGINE=InnoDB DEFAULT CHARSET=utf8mb4 COLLATE=utf8mb4_unicode_ci;

--
-- Dumping data for table `languages`
--

INSERT INTO `languages` (`id`, `code`, `name`, `active`, `created_at`) VALUES
(1, 'en', 'English', 1, '2025-09-29 07:15:28'),
(2, 'ar', 'Arabic', 1, '2025-09-29 07:15:28'),
(3, 'sw', 'Swahili', 1, '2025-09-29 07:15:28'),
(4, 'fr', 'French', 1, '2025-09-29 07:15:28'),
(5, 'ha', 'Hausa', 1, '2025-09-29 07:15:28'),
(6, 'am', 'Amharic', 1, '2025-09-29 07:15:28'),
(7, 'yo', 'Yoruba', 1, '2025-09-29 07:15:28'),
(8, 'or', 'Oromo', 1, '2025-09-29 07:15:28'),
(9, 'ig', 'Igbo', 1, '2025-09-29 07:15:28'),
(10, 'pt', 'Portuguese', 1, '2025-09-29 07:15:28');

-- --------------------------------------------------------

--
-- Table structure for table `makes`
--

CREATE TABLE `makes` (
  `id` int(10) UNSIGNED NOT NULL,
  `name` varchar(50) NOT NULL,
  `logo_url` varchar(255) DEFAULT NULL,
  `active` tinyint(1) DEFAULT 1,
  `created_at` timestamp NULL DEFAULT current_timestamp()
) ENGINE=InnoDB DEFAULT CHARSET=utf8mb4 COLLATE=utf8mb4_unicode_ci;

--
-- Dumping data for table `makes`
--

INSERT INTO `makes` (`id`, `name`, `logo_url`, `active`, `created_at`) VALUES
(1, 'Toyota', NULL, 1, '2025-09-29 07:06:31'),
(2, 'Honda', NULL, 1, '2025-09-29 07:06:31'),
(3, 'Nissan', NULL, 1, '2025-09-29 07:06:31'),
(4, 'Mazda', NULL, 1, '2025-09-29 07:06:31'),
(5, 'Mitsubishi', NULL, 1, '2025-09-29 07:06:31'),
(6, 'Subaru', NULL, 1, '2025-09-29 07:06:31'),
(7, 'Suzuki', NULL, 1, '2025-09-29 07:06:31'),
(8, 'Isuzu', NULL, 1, '2025-09-29 07:06:31'),
(9, 'Daihatsu', NULL, 1, '2025-09-29 07:06:31'),
(10, 'Lexus', NULL, 1, '2025-09-29 07:06:31'),
(11, 'Acura', NULL, 1, '2025-09-29 07:06:31'),
(12, 'Infiniti', NULL, 1, '2025-09-29 07:06:31'),
(13, 'Hino', NULL, 1, '2025-09-29 07:06:31'),
(14, 'UD Trucks', NULL, 1, '2025-09-29 07:06:31'),
(15, 'Hyundai', NULL, 1, '2025-09-29 07:06:31'),
(16, 'Kia', NULL, 1, '2025-09-29 07:06:31'),
(17, 'Genesis', NULL, 1, '2025-09-29 07:06:31'),
(18, 'SsangYong', NULL, 1, '2025-09-29 07:06:31'),
(19, 'Daewoo', NULL, 1, '2025-09-29 07:06:31'),
(20, 'Ford', NULL, 1, '2025-09-29 07:06:31'),
(21, 'Chevrolet', NULL, 1, '2025-09-29 07:06:31'),
(22, 'GMC', NULL, 1, '2025-09-29 07:06:31'),
(23, 'Dodge', NULL, 1, '2025-09-29 07:06:31'),
(24, 'RAM', NULL, 1, '2025-09-29 07:06:31'),
(25, 'Jeep', NULL, 1, '2025-09-29 07:06:31'),
(26, 'Chrysler', NULL, 1, '2025-09-29 07:06:31'),
(27, 'Cadillac', NULL, 1, '2025-09-29 07:06:31'),
(28, 'Buick', NULL, 1, '2025-09-29 07:06:31'),
(29, 'Lincoln', NULL, 1, '2025-09-29 07:06:31'),
(30, 'Tesla', NULL, 1, '2025-09-29 07:06:31'),
(31, 'Rivian', NULL, 1, '2025-09-29 07:06:31'),
(32, 'Lucid', NULL, 1, '2025-09-29 07:06:31'),
(33, 'Hummer', NULL, 1, '2025-09-29 07:06:31'),
(34, 'Pontiac', NULL, 1, '2025-09-29 07:06:31'),
(35, 'Saturn', NULL, 1, '2025-09-29 07:06:31'),
(36, 'Mercury', NULL, 1, '2025-09-29 07:06:31'),
(37, 'Oldsmobile', NULL, 1, '2025-09-29 07:06:31'),
(38, 'Mercedes-Benz', NULL, 1, '2025-09-29 07:06:31'),
(39, 'BMW', NULL, 1, '2025-09-29 07:06:31'),
(40, 'Audi', NULL, 1, '2025-09-29 07:06:31'),
(41, 'Volkswagen', NULL, 1, '2025-09-29 07:06:31'),
(42, 'Porsche', NULL, 1, '2025-09-29 07:06:31'),
(43, 'Opel', NULL, 1, '2025-09-29 07:06:31'),
(44, 'Smart', NULL, 1, '2025-09-29 07:06:31'),
(45, 'Maybach', NULL, 1, '2025-09-29 07:06:31'),
(46, 'MAN', NULL, 1, '2025-09-29 07:06:31'),
(47, 'Land Rover', NULL, 1, '2025-09-29 07:06:31'),
(48, 'Jaguar', NULL, 1, '2025-09-29 07:06:31'),
(49, 'Mini', NULL, 1, '2025-09-29 07:06:31'),
(50, 'Bentley', NULL, 1, '2025-09-29 07:06:31'),
(51, 'Rolls-Royce', NULL, 1, '2025-09-29 07:06:31'),
(52, 'Aston Martin', NULL, 1, '2025-09-29 07:06:31'),
(53, 'McLaren', NULL, 1, '2025-09-29 07:06:31'),
(54, 'Lotus', NULL, 1, '2025-09-29 07:06:31'),
(55, 'MG', NULL, 1, '2025-09-29 07:06:31'),
(56, 'Vauxhall', NULL, 1, '2025-09-29 07:06:31'),
(57, 'Ferrari', NULL, 1, '2025-09-29 07:06:31'),
(58, 'Lamborghini', NULL, 1, '2025-09-29 07:06:31'),
(59, 'Maserati', NULL, 1, '2025-09-29 07:06:31'),
(60, 'Alfa Romeo', NULL, 1, '2025-09-29 07:06:31'),
(61, 'Fiat', NULL, 1, '2025-09-29 07:06:31'),
(62, 'Lancia', NULL, 1, '2025-09-29 07:06:31'),
(63, 'Iveco', NULL, 1, '2025-09-29 07:06:31'),
(64, 'Pagani', NULL, 1, '2025-09-29 07:06:31'),
(65, 'Renault', NULL, 1, '2025-09-29 07:06:31'),
(66, 'Peugeot', NULL, 1, '2025-09-29 07:06:31'),
(67, 'Citroen', NULL, 1, '2025-09-29 07:06:31'),
(68, 'DS', NULL, 1, '2025-09-29 07:06:31'),
(69, 'Bugatti', NULL, 1, '2025-09-29 07:06:31'),
(70, 'Alpine', NULL, 1, '2025-09-29 07:06:31'),
(71, 'Dacia', NULL, 1, '2025-09-29 07:06:31'),
(72, 'Volvo', NULL, 1, '2025-09-29 07:06:31'),
(73, 'Saab', NULL, 1, '2025-09-29 07:06:31'),
(74, 'Scania', NULL, 1, '2025-09-29 07:06:31'),
(75, 'Polestar', NULL, 1, '2025-09-29 07:06:31'),
(76, 'Koenigsegg', NULL, 1, '2025-09-29 07:06:31'),
(77, 'Geely', NULL, 1, '2025-09-29 07:06:31'),
(78, 'BYD', NULL, 1, '2025-09-29 07:06:31'),
(79, 'Great Wall', NULL, 1, '2025-09-29 07:06:31'),
(80, 'Haval', NULL, 1, '2025-09-29 07:06:31'),
(81, 'Chery', NULL, 1, '2025-09-29 07:06:31'),
(82, 'JAC', NULL, 1, '2025-09-29 07:06:31'),
(83, 'Changan', NULL, 1, '2025-09-29 07:06:31'),
(84, 'BAIC', NULL, 1, '2025-09-29 07:06:31'),
(85, 'FAW', NULL, 1, '2025-09-29 07:06:31'),
(86, 'Dongfeng', NULL, 1, '2025-09-29 07:06:31'),
(87, 'SAIC', NULL, 1, '2025-09-29 07:06:31'),
(88, 'NIO', NULL, 1, '2025-09-29 07:06:31'),
(89, 'Xpeng', NULL, 1, '2025-09-29 07:06:31'),
(90, 'Li Auto', NULL, 1, '2025-09-29 07:06:31'),
(91, 'GAC', NULL, 1, '2025-09-29 07:06:31'),
(92, 'Zotye', NULL, 1, '2025-09-29 07:06:31'),
(93, 'Lynk & Co', NULL, 1, '2025-09-29 07:06:31'),
(94, 'Wuling', NULL, 1, '2025-09-29 07:06:31'),
(95, 'Baojun', NULL, 1, '2025-09-29 07:06:31'),
(96, 'Hongqi', NULL, 1, '2025-09-29 07:06:31'),
(97, 'Foton', NULL, 1, '2025-09-29 07:06:31'),
(98, 'Lifan', NULL, 1, '2025-09-29 07:06:31'),
(99, 'Haima', NULL, 1, '2025-09-29 07:06:31'),
(100, 'Ora', NULL, 1, '2025-09-29 07:06:31'),
(101, 'Zeekr', NULL, 1, '2025-09-29 07:06:31'),
(102, 'Tata', NULL, 1, '2025-09-29 07:06:31'),
(103, 'Mahindra', NULL, 1, '2025-09-29 07:06:31'),
(104, 'Maruti Suzuki', NULL, 1, '2025-09-29 07:06:31'),
(105, 'Bajaj', NULL, 1, '2025-09-29 07:06:31'),
(106, 'Force Motors', NULL, 1, '2025-09-29 07:06:31'),
(107, 'Hindustan Motors', NULL, 1, '2025-09-29 07:06:31'),
(108, 'Ashok Leyland', NULL, 1, '2025-09-29 07:06:31'),
(109, 'Eicher', NULL, 1, '2025-09-29 07:06:31'),
(110, 'Lada', NULL, 1, '2025-09-29 07:06:31'),
(111, 'GAZ', NULL, 1, '2025-09-29 07:06:31'),
(112, 'UAZ', NULL, 1, '2025-09-29 07:06:31'),
(113, 'Kamaz', NULL, 1, '2025-09-29 07:06:31'),
(114, 'Aurus', NULL, 1, '2025-09-29 07:06:31'),
(115, 'SEAT', NULL, 1, '2025-09-29 07:06:31'),
(116, 'Cupra', NULL, 1, '2025-09-29 07:06:31'),
(117, 'Skoda', NULL, 1, '2025-09-29 07:06:31'),
(118, 'Tatra', NULL, 1, '2025-09-29 07:06:31'),
(119, 'Proton', NULL, 1, '2025-09-29 07:06:31'),
(120, 'Perodua', NULL, 1, '2025-09-29 07:06:31'),
(121, 'Thai Rung', NULL, 1, '2025-09-29 07:06:31'),
(122, 'Iran Khodro', NULL, 1, '2025-09-29 07:06:31'),
(123, 'SAIPA', NULL, 1, '2025-09-29 07:06:31'),
(124, 'Pars Khodro', NULL, 1, '2025-09-29 07:06:31'),
(125, 'TOGG', NULL, 1, '2025-09-29 07:06:31'),
(126, 'BMC', NULL, 1, '2025-09-29 07:06:31'),
(127, 'Karsan', NULL, 1, '2025-09-29 07:06:31'),
(128, 'Otokar', NULL, 1, '2025-09-29 07:06:31'),
(129, 'Holden', NULL, 1, '2025-09-29 07:06:31'),
(130, 'Birkin', NULL, 1, '2025-09-29 07:06:31'),
(131, 'VUHL', NULL, 1, '2025-09-29 07:06:31'),
(132, 'Mastretta', NULL, 1, '2025-09-29 07:06:31'),
(133, 'Troller', NULL, 1, '2025-09-29 07:06:31'),
(134, 'Agrale', NULL, 1, '2025-09-29 07:06:31'),
(135, 'Fisker', NULL, 1, '2025-09-29 07:06:31'),
(136, 'Canoo', NULL, 1, '2025-09-29 07:06:31'),
(137, 'Lordstown', NULL, 1, '2025-09-29 07:06:31'),
(138, 'Nikola', NULL, 1, '2025-09-29 07:06:31'),
(139, 'Bollinger', NULL, 1, '2025-09-29 07:06:31'),
(140, 'Faraday Future', NULL, 1, '2025-09-29 07:06:31'),
(141, 'Byton', NULL, 1, '2025-09-29 07:06:31'),
(142, 'Karma', NULL, 1, '2025-09-29 07:06:31'),
(143, 'VinFast', NULL, 1, '2025-09-29 07:06:31'),
(144, 'Arrival', NULL, 1, '2025-09-29 07:06:31'),
(145, 'Rimac', NULL, 1, '2025-09-29 07:06:31'),
(146, 'Pininfarina', NULL, 1, '2025-09-29 07:06:31'),
(147, 'Hennessey', NULL, 1, '2025-09-29 07:06:31'),
(148, 'SSC', NULL, 1, '2025-09-29 07:06:31'),
(149, 'Spyker', NULL, 1, '2025-09-29 07:06:31'),
(150, 'TVR', NULL, 1, '2025-09-29 07:06:31'),
(151, 'Morgan', NULL, 1, '2025-09-29 07:06:31'),
(152, 'Caterham', NULL, 1, '2025-09-29 07:06:31'),
(153, 'Noble', NULL, 1, '2025-09-29 07:06:31'),
(154, 'Ariel', NULL, 1, '2025-09-29 07:06:31'),
(155, 'BAC', NULL, 1, '2025-09-29 07:06:31'),
(156, 'Radical', NULL, 1, '2025-09-29 07:06:31'),
(157, 'Ultima', NULL, 1, '2025-09-29 07:06:31'),
(158, 'Zenvo', NULL, 1, '2025-09-29 07:06:31'),
(159, 'W Motors', NULL, 1, '2025-09-29 07:06:31'),
(160, 'Devel', NULL, 1, '2025-09-29 07:06:31'),
(161, 'Apollo', NULL, 1, '2025-09-29 07:06:31'),
(162, 'SCG', NULL, 1, '2025-09-29 07:06:31'),
(163, 'Czinger', NULL, 1, '2025-09-29 07:06:31'),
(164, 'Hispano-Suiza', NULL, 1, '2025-09-29 07:06:31'),
(165, 'Delage', NULL, 1, '2025-09-29 07:06:31'),
(166, 'De Tomaso', NULL, 1, '2025-09-29 07:06:31'),
(167, 'DAF', NULL, 1, '2025-09-29 07:06:31'),
(168, 'Peterbilt', NULL, 1, '2025-09-29 07:06:31'),
(169, 'Kenworth', NULL, 1, '2025-09-29 07:06:31'),
(170, 'Mack', NULL, 1, '2025-09-29 07:06:31'),
(171, 'Freightliner', NULL, 1, '2025-09-29 07:06:31'),
(172, 'Western Star', NULL, 1, '2025-09-29 07:06:31'),
(173, 'Navistar', NULL, 1, '2025-09-29 07:06:31'),
(174, 'PACCAR', NULL, 1, '2025-09-29 07:06:31'),
(175, 'Dennis Eagle', NULL, 1, '2025-09-29 07:06:31'),
(176, 'Leyland', NULL, 1, '2025-09-29 07:06:31'),
(177, 'Tata Motors', NULL, 1, '2025-09-29 07:06:31'),
(178, 'BharatBenz', NULL, 1, '2025-09-29 07:06:31'),
(179, 'Beiben', NULL, 1, '2025-09-29 07:06:31'),
(180, 'Shacman', NULL, 1, '2025-09-29 07:06:31'),
(181, 'Sinotruk', NULL, 1, '2025-09-29 07:06:31'),
(182, 'Camc', NULL, 1, '2025-09-29 07:06:31'),
(183, 'Dayun', NULL, 1, '2025-09-29 07:06:31'),
(184, 'Alpina', NULL, 1, '2025-09-29 07:06:31'),
(185, 'Brabus', NULL, 1, '2025-09-29 07:06:31'),
(186, 'Mansory', NULL, 1, '2025-09-29 07:06:31'),
(187, 'RUF', NULL, 1, '2025-09-29 07:06:31'),
(188, 'Gemballa', NULL, 1, '2025-09-29 07:06:31'),
(189, 'AC', NULL, 1, '2025-09-29 07:06:31'),
(190, 'Bristol', NULL, 1, '2025-09-29 07:06:31'),
(191, 'Donkervoort', NULL, 1, '2025-09-29 07:06:31'),
(192, 'Gumpert', NULL, 1, '2025-09-29 07:06:31'),
(193, 'Isdera', NULL, 1, '2025-09-29 07:06:31'),
(194, 'Melkus', NULL, 1, '2025-09-29 07:06:31'),
(195, 'Wiesmann', NULL, 1, '2025-09-29 07:06:31'),
(196, 'Venturi', NULL, 1, '2025-09-29 07:06:31'),
(197, 'PGO', NULL, 1, '2025-09-29 07:06:31'),
(198, 'Aixam', NULL, 1, '2025-09-29 07:06:31'),
(199, 'Ligier', NULL, 1, '2025-09-29 07:06:31'),
(200, 'Microcar', NULL, 1, '2025-09-29 07:06:31'),
(201, 'Chatenet', NULL, 1, '2025-09-29 07:06:31'),
(202, 'Bellier', NULL, 1, '2025-09-29 07:06:31'),
(203, 'Casalini', NULL, 1, '2025-09-29 07:06:31'),
(204, 'Piaggio', NULL, 1, '2025-09-29 07:06:31'),
(205, 'Think', NULL, 1, '2025-09-29 07:06:31'),
(206, 'Venucia', NULL, 1, '2025-09-29 07:06:31'),
(207, 'Roewe', NULL, 1, '2025-09-29 07:06:31'),
(208, 'Maxus', NULL, 1, '2025-09-29 07:06:31'),
(209, 'Voyah', NULL, 1, '2025-09-29 07:06:31'),
(210, 'Avatr', NULL, 1, '2025-09-29 07:06:31'),
(211, 'Seres', NULL, 1, '2025-09-29 07:06:31'),
(212, 'Weltmeister', NULL, 1, '2025-09-29 07:06:31'),
(213, 'Aiways', NULL, 1, '2025-09-29 07:06:31'),
(214, 'Human Horizons', NULL, 1, '2025-09-29 07:06:31'),
(215, 'Hozon', NULL, 1, '2025-09-29 07:06:31'),
(216, 'Leapmotor', NULL, 1, '2025-09-29 07:06:31'),
(217, 'Geometry', NULL, 1, '2025-09-29 07:06:31'),
(218, 'Arcfox', NULL, 1, '2025-09-29 07:06:31'),
(219, 'IM Motors', NULL, 1, '2025-09-29 07:06:31'),
(220, 'Rising Auto', NULL, 1, '2025-09-29 07:06:31'),
(221, 'Jetta', NULL, 1, '2025-09-29 07:06:31'),
(222, 'RAM Trucks', NULL, 1, '2025-09-29 07:06:31');

-- --------------------------------------------------------

--
-- Table structure for table `models`
--

CREATE TABLE `models` (
  `id` int(10) UNSIGNED NOT NULL,
  `make_id` int(10) UNSIGNED NOT NULL,
  `name` varchar(50) NOT NULL,
  `active` tinyint(1) DEFAULT 1,
  `created_at` timestamp NULL DEFAULT current_timestamp()
) ENGINE=InnoDB DEFAULT CHARSET=utf8mb4 COLLATE=utf8mb4_unicode_ci;

--
-- Dumping data for table `models`
--

INSERT INTO `models` (`id`, `make_id`, `name`, `active`, `created_at`) VALUES
(1, 3, '370Z', 1, '2025-09-29 07:23:05'),
(2, 3, '350Z', 1, '2025-09-29 07:23:05'),
(3, 3, '300ZX', 1, '2025-09-29 07:23:05'),
(4, 3, '280ZX', 1, '2025-09-29 07:23:05'),
(5, 3, '240Z', 1, '2025-09-29 07:23:05'),
(6, 3, 'Altima', 1, '2025-09-29 07:23:05'),
(7, 3, 'Almera', 1, '2025-09-29 07:23:05'),
(8, 3, 'Ariya', 1, '2025-09-29 07:23:05'),
(9, 3, 'Armada', 1, '2025-09-29 07:23:05'),
(10, 3, 'Bluebird', 1, '2025-09-29 07:23:05'),
(11, 3, 'Bluebird Sylphy', 1, '2025-09-29 07:23:05'),
(12, 3, 'Caravan', 1, '2025-09-29 07:23:05'),
(13, 3, 'Cefiro', 1, '2025-09-29 07:23:05'),
(14, 3, 'Cima', 1, '2025-09-29 07:23:05'),
(15, 3, 'Cube', 1, '2025-09-29 07:23:05'),
(16, 3, 'Datsun', 1, '2025-09-29 07:23:05'),
(17, 3, 'Dualis', 1, '2025-09-29 07:23:05'),
(18, 3, 'Elgrand', 1, '2025-09-29 07:23:05'),
(19, 3, 'Fuga', 1, '2025-09-29 07:23:05'),
(20, 3, 'Frontier', 1, '2025-09-29 07:23:05'),
(21, 3, 'GT-R', 1, '2025-09-29 07:23:05'),
(22, 3, 'Hardbody', 1, '2025-09-29 07:23:05'),
(23, 3, 'Juke', 1, '2025-09-29 07:23:05'),
(24, 3, 'Kicks', 1, '2025-09-29 07:23:05'),
(25, 3, 'Laurel', 1, '2025-09-29 07:23:05'),
(26, 3, 'Leaf', 1, '2025-09-29 07:23:05'),
(27, 3, 'Livina', 1, '2025-09-29 07:23:05'),
(28, 3, 'March', 1, '2025-09-29 07:23:05'),
(29, 3, 'Maxima', 1, '2025-09-29 07:23:05'),
(30, 3, 'Micra', 1, '2025-09-29 07:23:05'),
(31, 3, 'Murano', 1, '2025-09-29 07:23:05'),
(32, 3, 'Navara', 1, '2025-09-29 07:23:05'),
(33, 3, 'Note', 1, '2025-09-29 07:23:05'),
(34, 3, 'NP200', 1, '2025-09-29 07:23:05'),
(35, 3, 'NP300', 1, '2025-09-29 07:23:05'),
(36, 3, 'NV200', 1, '2025-09-29 07:23:05'),
(37, 3, 'NV350', 1, '2025-09-29 07:23:05'),
(38, 3, 'Pathfinder', 1, '2025-09-29 07:23:05'),
(39, 3, 'Patrol', 1, '2025-09-29 07:23:05'),
(40, 3, 'Patrol Safari', 1, '2025-09-29 07:23:05'),
(41, 3, 'Pickup', 1, '2025-09-29 07:23:05'),
(42, 3, 'Presage', 1, '2025-09-29 07:23:05'),
(43, 3, 'Presea', 1, '2025-09-29 07:23:05'),
(44, 3, 'Primera', 1, '2025-09-29 07:23:05'),
(45, 3, 'Pulsar', 1, '2025-09-29 07:23:05'),
(46, 3, 'Qashqai', 1, '2025-09-29 07:23:05'),
(47, 3, 'Quest', 1, '2025-09-29 07:23:05'),
(48, 3, 'Rogue', 1, '2025-09-29 07:23:05'),
(49, 3, 'Safari', 1, '2025-09-29 07:23:05'),
(50, 3, 'Sentra', 1, '2025-09-29 07:23:05'),
(51, 3, 'Serena', 1, '2025-09-29 07:23:05'),
(52, 3, 'Silvia', 1, '2025-09-29 07:23:05'),
(53, 3, 'Skyline', 1, '2025-09-29 07:23:05'),
(54, 3, 'Stagea', 1, '2025-09-29 07:23:05'),
(55, 3, 'Sunny', 1, '2025-09-29 07:23:05'),
(56, 3, 'Terrano', 1, '2025-09-29 07:23:05'),
(57, 3, 'Tiida', 1, '2025-09-29 07:23:05'),
(58, 3, 'Titan', 1, '2025-09-29 07:23:05'),
(59, 3, 'Urvan', 1, '2025-09-29 07:23:05'),
(60, 3, 'Vanette', 1, '2025-09-29 07:23:05'),
(61, 3, 'Versa', 1, '2025-09-29 07:23:05'),
(62, 3, 'Wingroad', 1, '2025-09-29 07:23:05'),
(63, 3, 'X-Trail', 1, '2025-09-29 07:23:05'),
(64, 3, 'Xterra', 1, '2025-09-29 07:23:05');

-- --------------------------------------------------------

--
-- Table structure for table `model_years`
--

CREATE TABLE `model_years` (
  `id` int(10) UNSIGNED NOT NULL,
  `model_id` int(10) UNSIGNED NOT NULL,
  `year` year(4) NOT NULL,
  `model_code` varchar(50) DEFAULT NULL,
  `engine_type` varchar(100) DEFAULT NULL,
  `transmission_type` varchar(50) DEFAULT NULL,
  `active` tinyint(1) DEFAULT 1,
  `created_at` timestamp NULL DEFAULT current_timestamp()
) ENGINE=InnoDB DEFAULT CHARSET=utf8mb4 COLLATE=utf8mb4_unicode_ci;

--
-- Dumping data for table `model_years`
--

INSERT INTO `model_years` (`id`, `model_id`, `year`, `model_code`, `engine_type`, `transmission_type`, `active`, `created_at`) VALUES
(1, 1, '2009', 'Z34', '3.7L V6', 'Manual/Auto', 1, '2025-09-29 09:03:41'),
(2, 1, '2010', 'Z34', '3.7L V6', 'Manual/Auto', 1, '2025-09-29 09:03:41'),
(3, 1, '2011', 'Z34', '3.7L V6', 'Manual/Auto', 1, '2025-09-29 09:03:41'),
(4, 1, '2012', 'Z34', '3.7L V6', 'Manual/Auto', 1, '2025-09-29 09:03:41'),
(5, 1, '2013', 'Z34', '3.7L V6', 'Manual/Auto', 1, '2025-09-29 09:03:41'),
(6, 1, '2014', 'Z34', '3.7L V6', 'Manual/Auto', 1, '2025-09-29 09:03:41'),
(7, 1, '2015', 'Z34', '3.7L V6', 'Manual/Auto', 1, '2025-09-29 09:03:41'),
(8, 1, '2016', 'Z34', '3.7L V6', 'Manual/Auto', 1, '2025-09-29 09:03:41'),
(9, 1, '2017', 'Z34', '3.7L V6', 'Manual/Auto', 1, '2025-09-29 09:03:41'),
(10, 1, '2018', 'Z34', '3.7L V6', 'Manual/Auto', 1, '2025-09-29 09:03:41'),
(11, 1, '2019', 'Z34', '3.7L V6', 'Manual/Auto', 1, '2025-09-29 09:03:41'),
(12, 1, '2020', 'Z34', '3.7L V6', 'Manual/Auto', 1, '2025-09-29 09:03:41'),
(13, 2, '2003', 'Z33', '3.5L V6', 'Manual/Auto', 1, '2025-09-29 09:03:41'),
(14, 2, '2004', 'Z33', '3.5L V6', 'Manual/Auto', 1, '2025-09-29 09:03:41'),
(15, 2, '2005', 'Z33', '3.5L V6', 'Manual/Auto', 1, '2025-09-29 09:03:41'),
(16, 2, '2006', 'Z33', '3.5L V6', 'Manual/Auto', 1, '2025-09-29 09:03:41'),
(17, 2, '2007', 'Z33', '3.5L V6', 'Manual/Auto', 1, '2025-09-29 09:03:41'),
(18, 2, '2008', 'Z33', '3.5L V6', 'Manual/Auto', 1, '2025-09-29 09:03:41'),
(19, 2, '2009', 'Z33', '3.5L V6', 'Manual/Auto', 1, '2025-09-29 09:03:41'),
(20, 3, '1984', 'Z31', '3.0L V6', 'Manual/Auto', 1, '2025-09-29 09:03:41'),
(21, 3, '1985', 'Z31', '3.0L V6', 'Manual/Auto', 1, '2025-09-29 09:03:41'),
(22, 3, '1986', 'Z31', '3.0L V6 Turbo', 'Manual/Auto', 1, '2025-09-29 09:03:41'),
(23, 3, '1987', 'Z31', '3.0L V6 Turbo', 'Manual/Auto', 1, '2025-09-29 09:03:41'),
(24, 3, '1988', 'Z31', '3.0L V6 Turbo', 'Manual/Auto', 1, '2025-09-29 09:03:41'),
(25, 3, '1989', 'Z31', '3.0L V6 Turbo', 'Manual/Auto', 1, '2025-09-29 09:03:41'),
(26, 3, '1990', 'Z32', '3.0L V6 Twin Turbo', 'Manual/Auto', 1, '2025-09-29 09:03:41'),
(27, 3, '1991', 'Z32', '3.0L V6 Twin Turbo', 'Manual/Auto', 1, '2025-09-29 09:03:41'),
(28, 3, '1992', 'Z32', '3.0L V6 Twin Turbo', 'Manual/Auto', 1, '2025-09-29 09:03:41'),
(29, 3, '1993', 'Z32', '3.0L V6 Twin Turbo', 'Manual/Auto', 1, '2025-09-29 09:03:41'),
(30, 3, '1994', 'Z32', '3.0L V6 Twin Turbo', 'Manual/Auto', 1, '2025-09-29 09:03:41'),
(31, 3, '1995', 'Z32', '3.0L V6 Twin Turbo', 'Manual/Auto', 1, '2025-09-29 09:03:41'),
(32, 3, '1996', 'Z32', '3.0L V6 Twin Turbo', 'Manual/Auto', 1, '2025-09-29 09:03:41'),
(33, 4, '1979', 'S130', '2.8L I6', 'Manual/Auto', 1, '2025-09-29 09:03:41'),
(34, 4, '1980', 'S130', '2.8L I6', 'Manual/Auto', 1, '2025-09-29 09:03:41'),
(35, 4, '1981', 'S130', '2.8L I6 Turbo', 'Manual/Auto', 1, '2025-09-29 09:03:41'),
(36, 4, '1982', 'S130', '2.8L I6 Turbo', 'Manual/Auto', 1, '2025-09-29 09:03:41'),
(37, 4, '1983', 'S130', '2.8L I6 Turbo', 'Manual/Auto', 1, '2025-09-29 09:03:41'),
(38, 5, '1970', 'S30', '2.4L I6', 'Manual', 1, '2025-09-29 09:03:41'),
(39, 5, '1971', 'S30', '2.4L I6', 'Manual', 1, '2025-09-29 09:03:41'),
(40, 5, '1972', 'S30', '2.4L I6', 'Manual', 1, '2025-09-29 09:03:41'),
(41, 5, '1973', 'S30', '2.4L I6', 'Manual', 1, '2025-09-29 09:03:41'),
(42, 5, '1974', 'S30', '2.6L I6', 'Manual', 1, '2025-09-29 09:03:41'),
(43, 5, '1975', 'S30', '2.6L I6', 'Manual', 1, '2025-09-29 09:03:41'),
(44, 5, '1976', 'S30', '2.8L I6', 'Manual', 1, '2025-09-29 09:03:41'),
(45, 5, '1977', 'S30', '2.8L I6', 'Manual', 1, '2025-09-29 09:03:41'),
(46, 5, '1978', 'S30', '2.8L I6', 'Manual', 1, '2025-09-29 09:03:41'),
(47, 6, '1993', 'U13', '2.4L I4', 'Manual/Auto', 1, '2025-09-29 09:03:41'),
(48, 6, '1994', 'U13', '2.4L I4', 'Manual/Auto', 1, '2025-09-29 09:03:41'),
(49, 6, '1995', 'U13', '2.4L I4', 'Manual/Auto', 1, '2025-09-29 09:03:41'),
(50, 6, '1996', 'U13', '2.4L I4', 'Manual/Auto', 1, '2025-09-29 09:03:41'),
(51, 6, '1997', 'U13', '2.4L I4', 'Manual/Auto', 1, '2025-09-29 09:03:41'),
(52, 6, '1998', 'L30', '2.4L I4', 'Manual/Auto', 1, '2025-09-29 09:03:41'),
(53, 6, '1999', 'L30', '2.4L I4', 'Manual/Auto', 1, '2025-09-29 09:03:41'),
(54, 6, '2000', 'L30', '2.4L I4', 'Manual/Auto', 1, '2025-09-29 09:03:41'),
(55, 6, '2001', 'L30', '2.4L I4', 'Manual/Auto', 1, '2025-09-29 09:03:41'),
(56, 6, '2002', 'L31', '2.5L I4', 'Manual/Auto', 1, '2025-09-29 09:03:41'),
(57, 6, '2003', 'L31', '2.5L I4', 'Manual/Auto', 1, '2025-09-29 09:03:41'),
(58, 6, '2004', 'L31', '2.5L I4', 'Manual/Auto', 1, '2025-09-29 09:03:41'),
(59, 6, '2005', 'L31', '2.5L I4', 'Manual/Auto', 1, '2025-09-29 09:03:41'),
(60, 6, '2006', 'L31', '2.5L I4', 'Manual/Auto', 1, '2025-09-29 09:03:41'),
(61, 6, '2007', 'L32', '2.5L I4', 'CVT', 1, '2025-09-29 09:03:41'),
(62, 6, '2008', 'L32', '2.5L I4', 'CVT', 1, '2025-09-29 09:03:41'),
(63, 6, '2009', 'L32', '2.5L I4', 'CVT', 1, '2025-09-29 09:03:41'),
(64, 6, '2010', 'L32', '2.5L I4', 'CVT', 1, '2025-09-29 09:03:41'),
(65, 6, '2011', 'L32', '2.5L I4', 'CVT', 1, '2025-09-29 09:03:41'),
(66, 6, '2012', 'L32', '2.5L I4', 'CVT', 1, '2025-09-29 09:03:41'),
(67, 6, '2013', 'L33', '2.5L I4', 'CVT', 1, '2025-09-29 09:03:41'),
(68, 6, '2014', 'L33', '2.5L I4', 'CVT', 1, '2025-09-29 09:03:41'),
(69, 6, '2015', 'L33', '2.5L I4', 'CVT', 1, '2025-09-29 09:03:41'),
(70, 6, '2016', 'L33', '2.5L I4', 'CVT', 1, '2025-09-29 09:03:41'),
(71, 6, '2017', 'L33', '2.5L I4', 'CVT', 1, '2025-09-29 09:03:41'),
(72, 6, '2018', 'L33', '2.5L I4', 'CVT', 1, '2025-09-29 09:03:41'),
(73, 6, '2019', 'L34', '2.5L I4', 'CVT', 1, '2025-09-29 09:03:41'),
(74, 6, '2020', 'L34', '2.5L I4', 'CVT', 1, '2025-09-29 09:03:41'),
(75, 6, '2021', 'L34', '2.5L I4', 'CVT', 1, '2025-09-29 09:03:41'),
(76, 6, '2022', 'L34', '2.5L I4', 'CVT', 1, '2025-09-29 09:03:41'),
(77, 6, '2023', 'L34', '2.5L I4', 'CVT', 1, '2025-09-29 09:03:41'),
(78, 6, '2024', 'L34', '2.5L I4', 'CVT', 1, '2025-09-29 09:03:41'),
(79, 7, '1995', 'N15', '1.4L I4', 'Manual/Auto', 1, '2025-09-29 09:03:41'),
(80, 7, '1996', 'N15', '1.6L I4', 'Manual/Auto', 1, '2025-09-29 09:03:41'),
(81, 7, '1997', 'N15', '1.6L I4', 'Manual/Auto', 1, '2025-09-29 09:03:41'),
(82, 7, '1998', 'N15', '1.6L I4', 'Manual/Auto', 1, '2025-09-29 09:03:41'),
(83, 7, '1999', 'N15', '1.6L I4', 'Manual/Auto', 1, '2025-09-29 09:03:41'),
(84, 7, '2000', 'N16', '1.5L I4', 'Manual/Auto', 1, '2025-09-29 09:03:41'),
(85, 7, '2001', 'N16', '1.5L I4', 'Manual/Auto', 1, '2025-09-29 09:03:41'),
(86, 7, '2002', 'N16', '1.5L I4', 'Manual/Auto', 1, '2025-09-29 09:03:41'),
(87, 7, '2003', 'N16', '1.5L I4', 'Manual/Auto', 1, '2025-09-29 09:03:41'),
(88, 7, '2004', 'N16', '1.5L I4', 'Manual/Auto', 1, '2025-09-29 09:03:41'),
(89, 7, '2005', 'N16', '1.5L I4', 'Manual/Auto', 1, '2025-09-29 09:03:41'),
(90, 7, '2006', 'N16', '1.5L I4', 'Manual/Auto', 1, '2025-09-29 09:03:41'),
(91, 7, '2012', 'N17', '1.5L I4', 'Manual/Auto', 1, '2025-09-29 09:03:41'),
(92, 7, '2013', 'N17', '1.5L I4', 'Manual/Auto', 1, '2025-09-29 09:03:41'),
(93, 7, '2014', 'N17', '1.5L I4', 'Manual/Auto', 1, '2025-09-29 09:03:41'),
(94, 7, '2015', 'N17', '1.5L I4', 'Manual/Auto', 1, '2025-09-29 09:03:41'),
(95, 7, '2016', 'N17', '1.5L I4', 'Manual/Auto', 1, '2025-09-29 09:03:41'),
(96, 7, '2017', 'N17', '1.5L I4', 'Manual/Auto', 1, '2025-09-29 09:03:41'),
(97, 7, '2018', 'N18', '1.5L I4', 'Manual/Auto', 1, '2025-09-29 09:03:41'),
(98, 7, '2019', 'N18', '1.5L I4', 'Manual/Auto', 1, '2025-09-29 09:03:41'),
(99, 7, '2020', 'N18', '1.5L I4', 'Manual/Auto', 1, '2025-09-29 09:03:41'),
(100, 8, '2022', 'FE0', 'Electric', 'Auto', 1, '2025-09-29 09:03:41'),
(101, 8, '2023', 'FE0', 'Electric', 'Auto', 1, '2025-09-29 09:03:41'),
(102, 8, '2024', 'FE0', 'Electric', 'Auto', 1, '2025-09-29 09:03:41'),
(103, 8, '2025', 'FE0', 'Electric', 'Auto', 1, '2025-09-29 09:03:41'),
(104, 9, '2004', 'TA60', '5.6L V8', 'Auto', 1, '2025-09-29 09:03:41'),
(105, 9, '2005', 'TA60', '5.6L V8', 'Auto', 1, '2025-09-29 09:03:41'),
(106, 9, '2006', 'TA60', '5.6L V8', 'Auto', 1, '2025-09-29 09:03:41'),
(107, 9, '2007', 'TA60', '5.6L V8', 'Auto', 1, '2025-09-29 09:03:41'),
(108, 9, '2008', 'TA60', '5.6L V8', 'Auto', 1, '2025-09-29 09:03:41'),
(109, 9, '2009', 'TA60', '5.6L V8', 'Auto', 1, '2025-09-29 09:03:41'),
(110, 9, '2010', 'TA60', '5.6L V8', 'Auto', 1, '2025-09-29 09:03:41'),
(111, 9, '2011', 'TA60', '5.6L V8', 'Auto', 1, '2025-09-29 09:03:41'),
(112, 9, '2012', 'TA60', '5.6L V8', 'Auto', 1, '2025-09-29 09:03:41'),
(113, 9, '2013', 'TA60', '5.6L V8', 'Auto', 1, '2025-09-29 09:03:41'),
(114, 9, '2014', 'TA60', '5.6L V8', 'Auto', 1, '2025-09-29 09:03:41'),
(115, 9, '2015', 'TA60', '5.6L V8', 'Auto', 1, '2025-09-29 09:03:41'),
(116, 9, '2017', 'Y62', '5.6L V8', 'Auto', 1, '2025-09-29 09:03:41'),
(117, 9, '2018', 'Y62', '5.6L V8', 'Auto', 1, '2025-09-29 09:03:41'),
(118, 9, '2019', 'Y62', '5.6L V8', 'Auto', 1, '2025-09-29 09:03:41'),
(119, 9, '2020', 'Y62', '5.6L V8', 'Auto', 1, '2025-09-29 09:03:41'),
(120, 9, '2021', 'Y62', '5.6L V8', 'Auto', 1, '2025-09-29 09:03:41'),
(121, 9, '2022', 'Y62', '5.6L V8', 'Auto', 1, '2025-09-29 09:03:41'),
(122, 9, '2023', 'Y62', '5.6L V8', 'Auto', 1, '2025-09-29 09:03:41'),
(123, 9, '2024', 'Y62', '5.6L V8', 'Auto', 1, '2025-09-29 09:03:41'),
(124, 10, '1983', 'U11', '1.8L I4', 'Manual/Auto', 1, '2025-09-29 09:03:41'),
(125, 10, '1984', 'U11', '1.8L I4', 'Manual/Auto', 1, '2025-09-29 09:03:41'),
(126, 10, '1985', 'U11', '1.8L I4', 'Manual/Auto', 1, '2025-09-29 09:03:41'),
(127, 10, '1986', 'U11', '1.8L I4', 'Manual/Auto', 1, '2025-09-29 09:03:41'),
(128, 10, '1987', 'U11', '1.8L I4', 'Manual/Auto', 1, '2025-09-29 09:03:41'),
(129, 10, '1988', 'U12', '2.0L I4', 'Manual/Auto', 1, '2025-09-29 09:03:41'),
(130, 10, '1989', 'U12', '2.0L I4', 'Manual/Auto', 1, '2025-09-29 09:03:41'),
(131, 10, '1990', 'U12', '2.0L I4', 'Manual/Auto', 1, '2025-09-29 09:03:41'),
(132, 10, '1991', 'U12', '2.0L I4', 'Manual/Auto', 1, '2025-09-29 09:03:41'),
(133, 10, '1992', 'U13', '2.0L I4', 'Manual/Auto', 1, '2025-09-29 09:03:41'),
(134, 10, '1993', 'U13', '2.0L I4', 'Manual/Auto', 1, '2025-09-29 09:03:41'),
(135, 10, '1994', 'U13', '2.0L I4', 'Manual/Auto', 1, '2025-09-29 09:03:41'),
(136, 10, '1995', 'U13', '2.0L I4', 'Manual/Auto', 1, '2025-09-29 09:03:41'),
(137, 10, '1996', 'U14', '2.0L I4', 'Manual/Auto', 1, '2025-09-29 09:03:41'),
(138, 10, '1997', 'U14', '2.0L I4', 'Manual/Auto', 1, '2025-09-29 09:03:41'),
(139, 10, '1998', 'U14', '2.0L I4', 'Manual/Auto', 1, '2025-09-29 09:03:41'),
(140, 10, '1999', 'U14', '2.0L I4', 'Manual/Auto', 1, '2025-09-29 09:03:41'),
(141, 10, '2000', 'U14', '2.0L I4', 'Manual/Auto', 1, '2025-09-29 09:03:41'),
(142, 10, '2001', 'U14', '2.0L I4', 'Manual/Auto', 1, '2025-09-29 09:03:41'),
(143, 11, '2000', 'G10', '1.5L I4', 'Manual/Auto', 1, '2025-09-29 09:03:41'),
(144, 11, '2001', 'G10', '1.5L I4', 'Manual/Auto', 1, '2025-09-29 09:03:41'),
(145, 11, '2002', 'G10', '1.8L I4', 'Manual/Auto', 1, '2025-09-29 09:03:41'),
(146, 11, '2003', 'G10', '1.8L I4', 'Manual/Auto', 1, '2025-09-29 09:03:41'),
(147, 11, '2004', 'G10', '1.8L I4', 'Manual/Auto', 1, '2025-09-29 09:03:41'),
(148, 11, '2005', 'G11', '2.0L I4', 'CVT', 1, '2025-09-29 09:03:41'),
(149, 11, '2006', 'G11', '2.0L I4', 'CVT', 1, '2025-09-29 09:03:41'),
(150, 11, '2007', 'G11', '2.0L I4', 'CVT', 1, '2025-09-29 09:03:41'),
(151, 11, '2008', 'G11', '2.0L I4', 'CVT', 1, '2025-09-29 09:03:41'),
(152, 11, '2009', 'G11', '2.0L I4', 'CVT', 1, '2025-09-29 09:03:41'),
(153, 11, '2010', 'G11', '2.0L I4', 'CVT', 1, '2025-09-29 09:03:41'),
(154, 11, '2011', 'G11', '2.0L I4', 'CVT', 1, '2025-09-29 09:03:41'),
(155, 11, '2012', 'B17', '1.8L I4', 'CVT', 1, '2025-09-29 09:03:41'),
(156, 11, '2013', 'B17', '1.8L I4', 'CVT', 1, '2025-09-29 09:03:41'),
(157, 11, '2014', 'B17', '1.8L I4', 'CVT', 1, '2025-09-29 09:03:41'),
(158, 11, '2015', 'B17', '1.8L I4', 'CVT', 1, '2025-09-29 09:03:41'),
(159, 11, '2016', 'B17', '1.8L I4', 'CVT', 1, '2025-09-29 09:03:41'),
(160, 11, '2017', 'B17', '1.8L I4', 'CVT', 1, '2025-09-29 09:03:41'),
(161, 11, '2018', 'B17', '1.8L I4', 'CVT', 1, '2025-09-29 09:03:41'),
(162, 11, '2019', 'B17', '1.8L I4', 'CVT', 1, '2025-09-29 09:03:41'),
(163, 12, '1986', 'E24', '2.0L I4', 'Manual/Auto', 1, '2025-09-29 09:03:41'),
(164, 12, '1987', 'E24', '2.0L I4', 'Manual/Auto', 1, '2025-09-29 09:03:41'),
(165, 12, '1988', 'E24', '2.4L I4', 'Manual/Auto', 1, '2025-09-29 09:03:41'),
(166, 12, '1989', 'E24', '2.4L I4', 'Manual/Auto', 1, '2025-09-29 09:03:41'),
(167, 12, '2001', 'E25', '2.0L I4', 'Auto', 1, '2025-09-29 09:03:41'),
(168, 12, '2002', 'E25', '2.0L I4', 'Auto', 1, '2025-09-29 09:03:41'),
(169, 12, '2003', 'E25', '2.5L I4', 'Auto', 1, '2025-09-29 09:03:41'),
(170, 12, '2004', 'E25', '2.5L I4', 'Auto', 1, '2025-09-29 09:03:41'),
(171, 12, '2005', 'E25', '2.5L I4', 'Auto', 1, '2025-09-29 09:03:41'),
(172, 12, '2006', 'E25', '2.5L I4', 'Auto', 1, '2025-09-29 09:03:41'),
(173, 12, '2007', 'E25', '2.5L I4', 'Auto', 1, '2025-09-29 09:03:41'),
(174, 12, '2008', 'E25', '2.5L I4', 'Auto', 1, '2025-09-29 09:03:41'),
(175, 12, '2009', 'E25', '2.5L I4', 'Auto', 1, '2025-09-29 09:03:41'),
(176, 12, '2010', 'E25', '2.5L I4', 'Auto', 1, '2025-09-29 09:03:41'),
(177, 12, '2011', 'E25', '2.5L I4', 'Auto', 1, '2025-09-29 09:03:41'),
(178, 12, '2012', 'E26', '2.5L I4', 'CVT', 1, '2025-09-29 09:03:41'),
(179, 12, '2013', 'E26', '2.5L I4', 'CVT', 1, '2025-09-29 09:03:41'),
(180, 12, '2014', 'E26', '2.5L I4', 'CVT', 1, '2025-09-29 09:03:41'),
(181, 12, '2015', 'E26', '2.5L I4', 'CVT', 1, '2025-09-29 09:03:41'),
(182, 12, '2016', 'E26', '2.5L I4', 'CVT', 1, '2025-09-29 09:03:41'),
(183, 12, '2017', 'E26', '2.5L I4', 'CVT', 1, '2025-09-29 09:03:41'),
(184, 12, '2018', 'E26', '2.5L I4', 'CVT', 1, '2025-09-29 09:03:41'),
(185, 13, '1989', 'A31', '2.0L I6', 'Manual/Auto', 1, '2025-09-29 09:03:41'),
(186, 13, '1990', 'A31', '2.0L I6', 'Manual/Auto', 1, '2025-09-29 09:03:41'),
(187, 13, '1991', 'A31', '2.0L I6', 'Manual/Auto', 1, '2025-09-29 09:03:41'),
(188, 13, '1992', 'A31', '2.5L V6', 'Manual/Auto', 1, '2025-09-29 09:03:41'),
(189, 13, '1993', 'A31', '2.5L V6', 'Manual/Auto', 1, '2025-09-29 09:03:41'),
(190, 13, '1994', 'A32', '2.0L V6', 'Auto', 1, '2025-09-29 09:03:41'),
(191, 13, '1995', 'A32', '2.0L V6', 'Auto', 1, '2025-09-29 09:03:41'),
(192, 13, '1996', 'A32', '2.0L V6', 'Auto', 1, '2025-09-29 09:03:41'),
(193, 13, '1997', 'A32', '2.0L V6', 'Auto', 1, '2025-09-29 09:03:41'),
(194, 13, '1998', 'A32', '2.0L V6', 'Auto', 1, '2025-09-29 09:03:41'),
(195, 13, '1999', 'A33', '2.0L V6', 'Auto', 1, '2025-09-29 09:03:41'),
(196, 13, '2000', 'A33', '2.0L V6', 'Auto', 1, '2025-09-29 09:03:41'),
(197, 13, '2001', 'A33', '2.5L V6', 'Auto', 1, '2025-09-29 09:03:41'),
(198, 13, '2002', 'A33', '2.5L V6', 'Auto', 1, '2025-09-29 09:03:41'),
(199, 13, '2003', 'A33', '2.5L V6', 'Auto', 1, '2025-09-29 09:03:41'),
(200, 14, '1988', 'Y31', '3.0L V6', 'Auto', 1, '2025-09-29 09:03:41'),
(201, 14, '1989', 'Y31', '3.0L V6', 'Auto', 1, '2025-09-29 09:03:41'),
(202, 14, '1990', 'Y31', '3.0L V6', 'Auto', 1, '2025-09-29 09:03:41'),
(203, 14, '1991', 'Y32', '3.0L V6', 'Auto', 1, '2025-09-29 09:03:41'),
(204, 14, '1992', 'Y32', '3.0L V6', 'Auto', 1, '2025-09-29 09:03:41'),
(205, 14, '1993', 'Y32', '3.0L V6', 'Auto', 1, '2025-09-29 09:03:41'),
(206, 14, '1994', 'Y32', '3.0L V6', 'Auto', 1, '2025-09-29 09:03:41'),
(207, 14, '1995', 'Y32', '4.1L V8', 'Auto', 1, '2025-09-29 09:03:41'),
(208, 14, '1996', 'Y33', '3.0L V6', 'Auto', 1, '2025-09-29 09:03:41'),
(209, 14, '1997', 'Y33', '3.0L V6', 'Auto', 1, '2025-09-29 09:03:41'),
(210, 14, '1998', 'Y33', '4.1L V8', 'Auto', 1, '2025-09-29 09:03:41'),
(211, 14, '1999', 'Y33', '4.1L V8', 'Auto', 1, '2025-09-29 09:03:41'),
(212, 14, '2000', 'Y33', '4.1L V8', 'Auto', 1, '2025-09-29 09:03:41'),
(213, 14, '2001', 'F50', '4.5L V8', 'Auto', 1, '2025-09-29 09:03:41'),
(214, 14, '2002', 'F50', '4.5L V8', 'Auto', 1, '2025-09-29 09:03:41'),
(215, 14, '2003', 'F50', '4.5L V8', 'Auto', 1, '2025-09-29 09:03:41'),
(216, 14, '2004', 'F50', '4.5L V8', 'Auto', 1, '2025-09-29 09:03:41'),
(217, 14, '2005', 'F50', '4.5L V8', 'Auto', 1, '2025-09-29 09:03:41'),
(218, 14, '2010', 'Y51', '3.5L V6 Hybrid', 'CVT', 1, '2025-09-29 09:03:41'),
(219, 14, '2011', 'Y51', '3.5L V6 Hybrid', 'CVT', 1, '2025-09-29 09:03:41'),
(220, 14, '2012', 'Y51', '3.5L V6 Hybrid', 'CVT', 1, '2025-09-29 09:03:41'),
(221, 14, '2013', 'Y51', '3.5L V6 Hybrid', 'CVT', 1, '2025-09-29 09:03:41'),
(222, 14, '2014', 'Y51', '3.5L V6 Hybrid', 'CVT', 1, '2025-09-29 09:03:41'),
(223, 14, '2015', 'Y51', '3.5L V6 Hybrid', 'CVT', 1, '2025-09-29 09:03:41'),
(224, 15, '1998', 'Z10', '1.3L I4', 'Manual/Auto', 1, '2025-09-29 09:03:41'),
(225, 15, '1999', 'Z10', '1.3L I4', 'Manual/Auto', 1, '2025-09-29 09:03:41'),
(226, 15, '2000', 'Z10', '1.3L I4', 'Manual/Auto', 1, '2025-09-29 09:03:41'),
(227, 15, '2002', 'Z11', '1.4L I4', 'Manual/Auto', 1, '2025-09-29 09:03:41'),
(228, 15, '2003', 'Z11', '1.4L I4', 'Manual/Auto', 1, '2025-09-29 09:03:41'),
(229, 15, '2004', 'Z11', '1.4L I4', 'Manual/Auto', 1, '2025-09-29 09:03:41'),
(230, 15, '2005', 'Z11', '1.4L I4', 'Manual/Auto', 1, '2025-09-29 09:03:41'),
(231, 15, '2006', 'Z11', '1.4L I4', 'Manual/Auto', 1, '2025-09-29 09:03:41'),
(232, 15, '2007', 'Z11', '1.4L I4', 'Manual/Auto', 1, '2025-09-29 09:03:41'),
(233, 15, '2008', 'Z11', '1.4L I4', 'Manual/Auto', 1, '2025-09-29 09:03:41'),
(234, 15, '2009', 'Z12', '1.8L I4', 'CVT', 1, '2025-09-29 09:03:41'),
(235, 15, '2010', 'Z12', '1.8L I4', 'CVT', 1, '2025-09-29 09:03:41'),
(236, 15, '2011', 'Z12', '1.8L I4', 'CVT', 1, '2025-09-29 09:03:41'),
(237, 15, '2012', 'Z12', '1.8L I4', 'CVT', 1, '2025-09-29 09:03:41'),
(238, 15, '2013', 'Z12', '1.8L I4', 'CVT', 1, '2025-09-29 09:03:41'),
(239, 15, '2014', 'Z12', '1.8L I4', 'CVT', 1, '2025-09-29 09:03:41'),
(240, 16, '1958', '1000', '1.0L I4', 'Manual', 1, '2025-09-29 09:03:41'),
(241, 16, '1959', '1000', '1.0L I4', 'Manual', 1, '2025-09-29 09:03:41'),
(242, 16, '1960', '1000', '1.0L I4', 'Manual', 1, '2025-09-29 09:03:41'),
(243, 16, '1968', '510', '1.6L I4', 'Manual', 1, '2025-09-29 09:03:41'),
(244, 16, '1969', '510', '1.6L I4', 'Manual', 1, '2025-09-29 09:03:41'),
(245, 16, '1970', '510', '1.6L I4', 'Manual', 1, '2025-09-29 09:03:41'),
(246, 16, '1971', '510', '1.6L I4', 'Manual', 1, '2025-09-29 09:03:41'),
(247, 16, '1972', '510', '1.6L I4', 'Manual', 1, '2025-09-29 09:03:41'),
(248, 16, '1973', '510', '1.8L I4', 'Manual', 1, '2025-09-29 09:03:41'),
(249, 16, '1974', '510', '1.8L I4', 'Manual', 1, '2025-09-29 09:03:41'),
(250, 16, '1975', '510', '1.8L I4', 'Manual', 1, '2025-09-29 09:03:41'),
(251, 16, '1976', '510', '1.8L I4', 'Manual', 1, '2025-09-29 09:03:41'),
(252, 16, '1977', '510', '1.8L I4', 'Manual', 1, '2025-09-29 09:03:41'),
(253, 16, '1978', '510', '2.0L I4', 'Manual', 1, '2025-09-29 09:03:41'),
(254, 16, '1979', '510', '2.0L I4', 'Manual', 1, '2025-09-29 09:03:41'),
(255, 16, '1980', '510', '2.0L I4', 'Manual', 1, '2025-09-29 09:03:41'),
(256, 17, '2007', 'J10', '2.0L I4', 'Manual/CVT', 1, '2025-09-29 09:03:41'),
(257, 17, '2008', 'J10', '2.0L I4', 'Manual/CVT', 1, '2025-09-29 09:03:41'),
(258, 17, '2009', 'J10', '2.0L I4', 'Manual/CVT', 1, '2025-09-29 09:03:41'),
(259, 17, '2010', 'J10', '2.0L I4', 'Manual/CVT', 1, '2025-09-29 09:03:41'),
(260, 17, '2011', 'J10', '2.0L I4', 'Manual/CVT', 1, '2025-09-29 09:03:41'),
(261, 17, '2012', 'J10', '2.0L I4', 'Manual/CVT', 1, '2025-09-29 09:03:41'),
(262, 17, '2013', 'J10', '2.0L I4', 'Manual/CVT', 1, '2025-09-29 09:03:41'),
(263, 17, '2014', 'J10', '2.0L I4', 'Manual/CVT', 1, '2025-09-29 09:03:41'),
(264, 18, '1997', 'E50', '3.3L V6', 'Auto', 1, '2025-09-29 09:03:41'),
(265, 18, '1998', 'E50', '3.3L V6', 'Auto', 1, '2025-09-29 09:03:41'),
(266, 18, '1999', 'E50', '3.5L V6', 'Auto', 1, '2025-09-29 09:03:41'),
(267, 18, '2000', 'E50', '3.5L V6', 'Auto', 1, '2025-09-29 09:03:41'),
(268, 18, '2001', 'E50', '3.5L V6', 'Auto', 1, '2025-09-29 09:03:41'),
(269, 18, '2002', 'E51', '2.5L I4', 'Auto', 1, '2025-09-29 09:03:41'),
(270, 18, '2003', 'E51', '2.5L I4', 'Auto', 1, '2025-09-29 09:03:41'),
(271, 18, '2004', 'E51', '3.5L V6', 'Auto', 1, '2025-09-29 09:03:41'),
(272, 18, '2005', 'E51', '3.5L V6', 'Auto', 1, '2025-09-29 09:03:41'),
(273, 18, '2006', 'E51', '3.5L V6', 'Auto', 1, '2025-09-29 09:03:41'),
(274, 18, '2007', 'E51', '3.5L V6', 'Auto', 1, '2025-09-29 09:03:41'),
(275, 18, '2008', 'E51', '3.5L V6', 'Auto', 1, '2025-09-29 09:03:41'),
(276, 18, '2009', 'E51', '3.5L V6', 'Auto', 1, '2025-09-29 09:03:41'),
(277, 18, '2010', 'E52', '2.5L I4', 'CVT', 1, '2025-09-29 09:03:41'),
(278, 18, '2011', 'E52', '2.5L I4', 'CVT', 1, '2025-09-29 09:03:41'),
(279, 18, '2012', 'E52', '3.5L V6', 'CVT', 1, '2025-09-29 09:03:41'),
(280, 18, '2013', 'E52', '3.5L V6', 'CVT', 1, '2025-09-29 09:03:41'),
(281, 18, '2014', 'E52', '3.5L V6', 'CVT', 1, '2025-09-29 09:03:41'),
(282, 18, '2015', 'E52', '3.5L V6', 'CVT', 1, '2025-09-29 09:03:41'),
(283, 18, '2016', 'E52', '3.5L V6', 'CVT', 1, '2025-09-29 09:03:41'),
(284, 18, '2017', 'E52', '3.5L V6', 'CVT', 1, '2025-09-29 09:03:41'),
(285, 18, '2018', 'E52', '3.5L V6', 'CVT', 1, '2025-09-29 09:03:41'),
(286, 18, '2019', 'E52', '3.5L V6', 'CVT', 1, '2025-09-29 09:03:41'),
(287, 18, '2020', 'E52', '3.5L V6', 'CVT', 1, '2025-09-29 09:03:41'),
(288, 19, '2004', 'Y50', '2.5L V6', 'Auto', 1, '2025-09-29 09:03:41'),
(289, 19, '2005', 'Y50', '3.5L V6', 'Auto', 1, '2025-09-29 09:03:41'),
(290, 19, '2006', 'Y50', '3.5L V6', 'Auto', 1, '2025-09-29 09:03:41'),
(291, 19, '2007', 'Y50', '3.5L V6', 'Auto', 1, '2025-09-29 09:03:41'),
(292, 19, '2008', 'Y50', '3.5L V6', 'Auto', 1, '2025-09-29 09:03:41'),
(293, 19, '2009', 'Y50', '3.5L V6', 'Auto', 1, '2025-09-29 09:03:41'),
(294, 19, '2010', 'Y51', '2.5L V6', 'Auto', 1, '2025-09-29 09:03:41'),
(295, 19, '2011', 'Y51', '2.5L V6 Hybrid', 'Auto', 1, '2025-09-29 09:03:41'),
(296, 19, '2012', 'Y51', '2.5L V6 Hybrid', 'Auto', 1, '2025-09-29 09:03:41'),
(297, 19, '2013', 'Y51', '3.7L V6', 'Auto', 1, '2025-09-29 09:03:41'),
(298, 19, '2014', 'Y51', '3.7L V6', 'Auto', 1, '2025-09-29 09:03:41'),
(299, 19, '2015', 'Y51', '3.7L V6', 'Auto', 1, '2025-09-29 09:03:41'),
(300, 20, '1998', 'D22', '2.4L I4', 'Manual/Auto', 1, '2025-09-29 09:03:41'),
(301, 20, '1999', 'D22', '2.4L I4', 'Manual/Auto', 1, '2025-09-29 09:03:41'),
(302, 20, '2000', 'D22', '3.3L V6', 'Manual/Auto', 1, '2025-09-29 09:03:41'),
(303, 20, '2001', 'D22', '3.3L V6', 'Manual/Auto', 1, '2025-09-29 09:03:41'),
(304, 20, '2002', 'D22', '3.3L V6', 'Manual/Auto', 1, '2025-09-29 09:03:41'),
(305, 20, '2003', 'D22', '3.3L V6', 'Manual/Auto', 1, '2025-09-29 09:03:41'),
(306, 20, '2004', 'D22', '3.3L V6', 'Manual/Auto', 1, '2025-09-29 09:03:41'),
(307, 20, '2005', 'D40', '2.5L I4', 'Manual/Auto', 1, '2025-09-29 09:03:41'),
(308, 20, '2006', 'D40', '2.5L I4', 'Manual/Auto', 1, '2025-09-29 09:03:41'),
(309, 20, '2007', 'D40', '4.0L V6', 'Manual/Auto', 1, '2025-09-29 09:03:41'),
(310, 20, '2008', 'D40', '4.0L V6', 'Manual/Auto', 1, '2025-09-29 09:03:41'),
(311, 20, '2009', 'D40', '4.0L V6', 'Manual/Auto', 1, '2025-09-29 09:03:41'),
(312, 20, '2010', 'D40', '4.0L V6', 'Manual/Auto', 1, '2025-09-29 09:03:41'),
(313, 20, '2011', 'D40', '4.0L V6', 'Manual/Auto', 1, '2025-09-29 09:03:41'),
(314, 20, '2012', 'D40', '4.0L V6', 'Manual/Auto', 1, '2025-09-29 09:03:41'),
(315, 20, '2013', 'D40', '4.0L V6', 'Manual/Auto', 1, '2025-09-29 09:03:41'),
(316, 20, '2014', 'D40', '4.0L V6', 'Manual/Auto', 1, '2025-09-29 09:03:41'),
(317, 20, '2015', 'D40', '4.0L V6', 'Manual/Auto', 1, '2025-09-29 09:03:41'),
(318, 20, '2016', 'D40', '4.0L V6', 'Manual/Auto', 1, '2025-09-29 09:03:41'),
(319, 20, '2017', 'D40', '4.0L V6', 'Manual/Auto', 1, '2025-09-29 09:03:41'),
(320, 20, '2018', 'D40', '4.0L V6', 'Manual/Auto', 1, '2025-09-29 09:03:41'),
(321, 20, '2019', 'D40', '4.0L V6', 'Manual/Auto', 1, '2025-09-29 09:03:41'),
(322, 20, '2020', 'D40', '4.0L V6', 'Manual/Auto', 1, '2025-09-29 09:03:41'),
(323, 20, '2022', 'D41', '3.8L V6', 'Auto', 1, '2025-09-29 09:03:41'),
(324, 20, '2023', 'D41', '3.8L V6', 'Auto', 1, '2025-09-29 09:03:41'),
(325, 20, '2024', 'D41', '3.8L V6', 'Auto', 1, '2025-09-29 09:03:41'),
(326, 21, '2007', 'R35', '3.8L V6 Twin Turbo', 'Auto', 1, '2025-09-29 09:03:41'),
(327, 21, '2008', 'R35', '3.8L V6 Twin Turbo', 'Auto', 1, '2025-09-29 09:03:41'),
(328, 21, '2009', 'R35', '3.8L V6 Twin Turbo', 'Auto', 1, '2025-09-29 09:03:41'),
(329, 21, '2010', 'R35', '3.8L V6 Twin Turbo', 'Auto', 1, '2025-09-29 09:03:41'),
(330, 21, '2011', 'R35', '3.8L V6 Twin Turbo', 'Auto', 1, '2025-09-29 09:03:41'),
(331, 21, '2012', 'R35', '3.8L V6 Twin Turbo', 'Auto', 1, '2025-09-29 09:03:41'),
(332, 21, '2013', 'R35', '3.8L V6 Twin Turbo', 'Auto', 1, '2025-09-29 09:03:41'),
(333, 21, '2014', 'R35', '3.8L V6 Twin Turbo', 'Auto', 1, '2025-09-29 09:03:41'),
(334, 21, '2015', 'R35', '3.8L V6 Twin Turbo', 'Auto', 1, '2025-09-29 09:03:41'),
(335, 21, '2016', 'R35', '3.8L V6 Twin Turbo', 'Auto', 1, '2025-09-29 09:03:41'),
(336, 21, '2017', 'R35', '3.8L V6 Twin Turbo', 'Auto', 1, '2025-09-29 09:03:41'),
(337, 21, '2018', 'R35', '3.8L V6 Twin Turbo', 'Auto', 1, '2025-09-29 09:03:41'),
(338, 21, '2019', 'R35', '3.8L V6 Twin Turbo', 'Auto', 1, '2025-09-29 09:03:41'),
(339, 21, '2020', 'R35', '3.8L V6 Twin Turbo', 'Auto', 1, '2025-09-29 09:03:41'),
(340, 21, '2021', 'R35', '3.8L V6 Twin Turbo', 'Auto', 1, '2025-09-29 09:03:41'),
(341, 21, '2022', 'R35', '3.8L V6 Twin Turbo', 'Auto', 1, '2025-09-29 09:03:41'),
(342, 21, '2023', 'R35', '3.8L V6 Twin Turbo', 'Auto', 1, '2025-09-29 09:03:41'),
(343, 21, '2024', 'R35', '3.8L V6 Twin Turbo', 'Auto', 1, '2025-09-29 09:03:41'),
(344, 22, '1986', 'D21', '2.4L I4', 'Manual', 1, '2025-09-29 09:03:41'),
(345, 22, '1987', 'D21', '2.4L I4', 'Manual', 1, '2025-09-29 09:03:41'),
(346, 22, '1988', 'D21', '2.4L I4', 'Manual/Auto', 1, '2025-09-29 09:03:41'),
(347, 22, '1989', 'D21', '2.4L I4', 'Manual/Auto', 1, '2025-09-29 09:03:41'),
(348, 22, '1990', 'D21', '2.4L I4', 'Manual/Auto', 1, '2025-09-29 09:03:41'),
(349, 22, '1991', 'D21', '3.0L V6', 'Manual/Auto', 1, '2025-09-29 09:03:41'),
(350, 22, '1992', 'D21', '3.0L V6', 'Manual/Auto', 1, '2025-09-29 09:03:41'),
(351, 22, '1993', 'D21', '3.0L V6', 'Manual/Auto', 1, '2025-09-29 09:03:41'),
(352, 22, '1994', 'D21', '3.0L V6', 'Manual/Auto', 1, '2025-09-29 09:03:41'),
(353, 22, '1995', 'D21', '3.0L V6', 'Manual/Auto', 1, '2025-09-29 09:03:41'),
(354, 22, '1996', 'D21', '3.0L V6', 'Manual/Auto', 1, '2025-09-29 09:03:41'),
(355, 22, '1997', 'D21', '3.0L V6', 'Manual/Auto', 1, '2025-09-29 09:03:41'),
(356, 23, '2010', 'F15', '1.6L I4 Turbo', 'Manual/CVT', 1, '2025-09-29 09:03:41'),
(357, 23, '2011', 'F15', '1.6L I4 Turbo', 'Manual/CVT', 1, '2025-09-29 09:03:41'),
(358, 23, '2012', 'F15', '1.6L I4 Turbo', 'Manual/CVT', 1, '2025-09-29 09:03:41'),
(359, 23, '2013', 'F15', '1.6L I4 Turbo', 'Manual/CVT', 1, '2025-09-29 09:03:41'),
(360, 23, '2014', 'F15', '1.6L I4 Turbo', 'Manual/CVT', 1, '2025-09-29 09:03:41'),
(361, 23, '2015', 'F15', '1.6L I4 Turbo', 'Manual/CVT', 1, '2025-09-29 09:03:41'),
(362, 23, '2016', 'F15', '1.6L I4 Turbo', 'Manual/CVT', 1, '2025-09-29 09:03:41'),
(363, 23, '2017', 'F15', '1.6L I4 Turbo', 'Manual/CVT', 1, '2025-09-29 09:03:41'),
(364, 23, '2018', 'F15', '1.6L I4 Turbo', 'Manual/CVT', 1, '2025-09-29 09:03:41'),
(365, 23, '2019', 'F15', '1.6L I4 Turbo', 'Manual/CVT', 1, '2025-09-29 09:03:41'),
(366, 23, '2020', 'F16', '1.0L I3 Turbo', 'Manual/DCT', 1, '2025-09-29 09:03:41'),
(367, 23, '2021', 'F16', '1.0L I3 Turbo', 'Manual/DCT', 1, '2025-09-29 09:03:41'),
(368, 23, '2022', 'F16', '1.0L I3 Turbo', 'Manual/DCT', 1, '2025-09-29 09:03:41'),
(369, 23, '2023', 'F16', '1.0L I3 Turbo', 'Manual/DCT', 1, '2025-09-29 09:03:41'),
(370, 24, '2016', 'P15', '1.6L I4', 'Manual/CVT', 1, '2025-09-29 09:03:41'),
(371, 24, '2017', 'P15', '1.6L I4', 'Manual/CVT', 1, '2025-09-29 09:03:41'),
(372, 24, '2018', 'P15', '1.6L I4', 'Manual/CVT', 1, '2025-09-29 09:03:41'),
(373, 24, '2019', 'P15', '1.6L I4', 'Manual/CVT', 1, '2025-09-29 09:03:41'),
(374, 24, '2020', 'P15', '1.6L I4', 'Manual/CVT', 1, '2025-09-29 09:03:41'),
(375, 24, '2021', 'P15', '1.6L I4', 'Manual/CVT', 1, '2025-09-29 09:03:41'),
(376, 24, '2022', 'P15', '1.6L I4', 'Manual/CVT', 1, '2025-09-29 09:03:41'),
(377, 24, '2023', 'P15', '1.6L I4', 'Manual/CVT', 1, '2025-09-29 09:03:41'),
(378, 24, '2024', 'P15', '1.6L I4', 'Manual/CVT', 1, '2025-09-29 09:03:41'),
(379, 25, '1980', 'C31', '2.0L I6', 'Manual/Auto', 1, '2025-09-29 09:03:41'),
(380, 25, '1981', 'C31', '2.0L I6', 'Manual/Auto', 1, '2025-09-29 09:03:41'),
(381, 25, '1982', 'C31', '2.0L I6', 'Manual/Auto', 1, '2025-09-29 09:03:41'),
(382, 25, '1983', 'C32', '2.0L I6', 'Manual/Auto', 1, '2025-09-29 09:03:41'),
(383, 25, '1984', 'C32', '2.0L I6', 'Manual/Auto', 1, '2025-09-29 09:03:41'),
(384, 25, '1985', 'C32', '2.0L I6 Turbo', 'Manual/Auto', 1, '2025-09-29 09:03:41'),
(385, 25, '1986', 'C33', '2.0L I6', 'Manual/Auto', 1, '2025-09-29 09:03:41'),
(386, 25, '1987', 'C33', '2.0L I6 Turbo', 'Manual/Auto', 1, '2025-09-29 09:03:41'),
(387, 25, '1988', 'C33', '2.0L I6 Turbo', 'Manual/Auto', 1, '2025-09-29 09:03:41'),
(388, 25, '1989', 'C33', '2.4L I6', 'Manual/Auto', 1, '2025-09-29 09:03:41'),
(389, 25, '1990', 'C33', '2.4L I6', 'Manual/Auto', 1, '2025-09-29 09:03:41'),
(390, 25, '1991', 'C33', '2.5L I6', 'Manual/Auto', 1, '2025-09-29 09:03:41'),
(391, 25, '1992', 'C33', '2.5L I6', 'Manual/Auto', 1, '2025-09-29 09:03:41'),
(392, 25, '1993', 'C34', '2.0L I6', 'Manual/Auto', 1, '2025-09-29 09:03:41'),
(393, 25, '1994', 'C34', '2.5L I6', 'Manual/Auto', 1, '2025-09-29 09:03:41'),
(394, 25, '1995', 'C34', '2.5L I6', 'Manual/Auto', 1, '2025-09-29 09:03:41'),
(395, 25, '1996', 'C35', '2.0L I6', 'Manual/Auto', 1, '2025-09-29 09:03:41'),
(396, 25, '1997', 'C35', '2.5L I6', 'Auto', 1, '2025-09-29 09:03:41'),
(397, 25, '1998', 'C35', '2.5L I6', 'Auto', 1, '2025-09-29 09:03:41'),
(398, 25, '1999', 'C35', '2.5L I6', 'Auto', 1, '2025-09-29 09:03:41'),
(399, 25, '2000', 'C35', '2.5L I6', 'Auto', 1, '2025-09-29 09:03:41'),
(400, 25, '2001', 'C35', '2.5L I6', 'Auto', 1, '2025-09-29 09:03:41'),
(401, 25, '2002', 'C35', '2.5L I6', 'Auto', 1, '2025-09-29 09:03:41'),
(402, 26, '2010', 'ZE0', 'Electric', 'Auto', 1, '2025-09-29 09:03:41'),
(403, 26, '2011', 'ZE0', 'Electric', 'Auto', 1, '2025-09-29 09:03:41'),
(404, 26, '2012', 'ZE0', 'Electric', 'Auto', 1, '2025-09-29 09:03:41'),
(405, 26, '2013', 'ZE0', 'Electric', 'Auto', 1, '2025-09-29 09:03:41'),
(406, 26, '2014', 'ZE0', 'Electric', 'Auto', 1, '2025-09-29 09:03:41'),
(407, 26, '2015', 'ZE0', 'Electric', 'Auto', 1, '2025-09-29 09:03:41'),
(408, 26, '2016', 'ZE0', 'Electric', 'Auto', 1, '2025-09-29 09:03:41'),
(409, 26, '2017', 'ZE0', 'Electric', 'Auto', 1, '2025-09-29 09:03:41'),
(410, 26, '2018', 'ZE1', 'Electric', 'Auto', 1, '2025-09-29 09:03:41'),
(411, 26, '2019', 'ZE1', 'Electric', 'Auto', 1, '2025-09-29 09:03:41'),
(412, 26, '2020', 'ZE1', 'Electric', 'Auto', 1, '2025-09-29 09:03:41'),
(413, 26, '2021', 'ZE1', 'Electric', 'Auto', 1, '2025-09-29 09:03:41'),
(414, 26, '2022', 'ZE1', 'Electric', 'Auto', 1, '2025-09-29 09:03:41'),
(415, 26, '2023', 'ZE1', 'Electric', 'Auto', 1, '2025-09-29 09:03:41'),
(416, 26, '2024', 'ZE1', 'Electric', 'Auto', 1, '2025-09-29 09:03:41'),
(417, 27, '2006', 'L10', '1.5L I4', 'Manual/Auto', 1, '2025-09-29 09:03:41'),
(418, 27, '2007', 'L10', '1.5L I4', 'Manual/Auto', 1, '2025-09-29 09:03:41'),
(419, 27, '2008', 'L10', '1.5L I4', 'Manual/Auto', 1, '2025-09-29 09:03:41'),
(420, 27, '2009', 'L10', '1.5L I4', 'Manual/Auto', 1, '2025-09-29 09:03:41'),
(421, 27, '2010', 'L10', '1.6L I4', 'Manual/Auto', 1, '2025-09-29 09:03:41'),
(422, 27, '2011', 'L10', '1.6L I4', 'Manual/Auto', 1, '2025-09-29 09:03:41'),
(423, 27, '2012', 'L10', '1.6L I4', 'Manual/Auto', 1, '2025-09-29 09:03:41'),
(424, 27, '2013', 'L11', '1.8L I4', 'Manual/CVT', 1, '2025-09-29 09:03:41'),
(425, 27, '2014', 'L11', '1.8L I4', 'Manual/CVT', 1, '2025-09-29 09:03:41'),
(426, 27, '2015', 'L11', '1.8L I4', 'Manual/CVT', 1, '2025-09-29 09:03:41'),
(427, 27, '2016', 'L11', '1.8L I4', 'Manual/CVT', 1, '2025-09-29 09:03:41'),
(428, 27, '2017', 'L11', '1.8L I4', 'Manual/CVT', 1, '2025-09-29 09:03:41'),
(429, 27, '2018', 'L11', '1.8L I4', 'Manual/CVT', 1, '2025-09-29 09:03:41'),
(430, 27, '2019', 'L11', '1.8L I4', 'Manual/CVT', 1, '2025-09-29 09:03:41'),
(431, 28, '1982', 'K10', '1.0L I4', 'Manual', 1, '2025-09-29 09:03:41'),
(432, 28, '1983', 'K10', '1.0L I4', 'Manual', 1, '2025-09-29 09:03:41'),
(433, 28, '1984', 'K10', '1.0L I4', 'Manual/Auto', 1, '2025-09-29 09:03:41'),
(434, 28, '1985', 'K10', '1.0L I4', 'Manual/Auto', 1, '2025-09-29 09:03:41'),
(435, 28, '1986', 'K10', '1.2L I4', 'Manual/Auto', 1, '2025-09-29 09:03:41'),
(436, 28, '1987', 'K10', '1.2L I4', 'Manual/Auto', 1, '2025-09-29 09:03:41'),
(437, 28, '1988', 'K10', '1.2L I4', 'Manual/Auto', 1, '2025-09-29 09:03:41'),
(438, 28, '1989', 'K10', '1.2L I4', 'Manual/Auto', 1, '2025-09-29 09:03:41'),
(439, 28, '1990', 'K10', '1.2L I4', 'Manual/Auto', 1, '2025-09-29 09:03:41'),
(440, 28, '1991', 'K10', '1.2L I4', 'Manual/Auto', 1, '2025-09-29 09:03:41'),
(441, 28, '1992', 'K11', '1.0L I4', 'Manual/Auto', 1, '2025-09-29 09:03:41'),
(442, 28, '1993', 'K11', '1.0L I4', 'Manual/Auto', 1, '2025-09-29 09:03:41'),
(443, 28, '1994', 'K11', '1.3L I4', 'Manual/Auto', 1, '2025-09-29 09:03:41'),
(444, 28, '1995', 'K11', '1.3L I4', 'Manual/Auto', 1, '2025-09-29 09:03:41'),
(445, 28, '1996', 'K11', '1.3L I4', 'Manual/Auto', 1, '2025-09-29 09:03:41'),
(446, 28, '1997', 'K11', '1.3L I4', 'Manual/Auto', 1, '2025-09-29 09:03:41'),
(447, 28, '1998', 'K11', '1.3L I4', 'Manual/Auto', 1, '2025-09-29 09:03:41'),
(448, 28, '1999', 'K11', '1.3L I4', 'Manual/Auto', 1, '2025-09-29 09:03:41'),
(449, 28, '2000', 'K11', '1.3L I4', 'Manual/Auto', 1, '2025-09-29 09:03:41'),
(450, 28, '2001', 'K11', '1.3L I4', 'Manual/Auto', 1, '2025-09-29 09:03:41'),
(451, 28, '2002', 'K12', '1.2L I4', 'Manual/Auto', 1, '2025-09-29 09:03:41'),
(452, 28, '2003', 'K12', '1.2L I4', 'Manual/Auto', 1, '2025-09-29 09:03:41'),
(453, 28, '2004', 'K12', '1.4L I4', 'Manual/Auto', 1, '2025-09-29 09:03:41'),
(454, 28, '2005', 'K12', '1.4L I4', 'Manual/Auto', 1, '2025-09-29 09:03:41'),
(455, 28, '2006', 'K12', '1.4L I4', 'Manual/Auto', 1, '2025-09-29 09:03:41'),
(456, 28, '2007', 'K12', '1.4L I4', 'Manual/Auto', 1, '2025-09-29 09:03:41'),
(457, 28, '2008', 'K12', '1.4L I4', 'Manual/Auto', 1, '2025-09-29 09:03:41'),
(458, 28, '2009', 'K12', '1.4L I4', 'Manual/Auto', 1, '2025-09-29 09:03:41'),
(459, 28, '2010', 'K13', '1.2L I3', 'Manual/CVT', 1, '2025-09-29 09:03:41'),
(460, 28, '2011', 'K13', '1.2L I3', 'Manual/CVT', 1, '2025-09-29 09:03:41'),
(461, 28, '2012', 'K13', '1.2L I3', 'Manual/CVT', 1, '2025-09-29 09:03:41'),
(462, 28, '2013', 'K13', '1.2L I3', 'Manual/CVT', 1, '2025-09-29 09:03:41'),
(463, 28, '2014', 'K13', '1.2L I3', 'Manual/CVT', 1, '2025-09-29 09:03:41'),
(464, 28, '2015', 'K13', '1.2L I3', 'Manual/CVT', 1, '2025-09-29 09:03:41'),
(465, 28, '2016', 'K13', '1.2L I3', 'Manual/CVT', 1, '2025-09-29 09:03:41'),
(466, 28, '2017', 'K13', '1.2L I3', 'Manual/CVT', 1, '2025-09-29 09:03:41'),
(467, 29, '1989', 'J30', '3.0L V6', 'Manual/Auto', 1, '2025-09-29 09:03:41'),
(468, 29, '1990', 'J30', '3.0L V6', 'Manual/Auto', 1, '2025-09-29 09:03:41'),
(469, 29, '1991', 'J30', '3.0L V6', 'Manual/Auto', 1, '2025-09-29 09:03:41'),
(470, 29, '1992', 'J30', '3.0L V6', 'Manual/Auto', 1, '2025-09-29 09:03:41'),
(471, 29, '1993', 'J30', '3.0L V6', 'Manual/Auto', 1, '2025-09-29 09:03:41'),
(472, 29, '1994', 'J30', '3.0L V6', 'Manual/Auto', 1, '2025-09-29 09:03:41'),
(473, 29, '1995', 'A32', '3.0L V6', 'Manual/Auto', 1, '2025-09-29 09:03:41'),
(474, 29, '1996', 'A32', '3.0L V6', 'Manual/Auto', 1, '2025-09-29 09:03:41'),
(475, 29, '1997', 'A32', '3.0L V6', 'Manual/Auto', 1, '2025-09-29 09:03:41'),
(476, 29, '1998', 'A32', '3.0L V6', 'Manual/Auto', 1, '2025-09-29 09:03:41'),
(477, 29, '1999', 'A32', '3.0L V6', 'Manual/Auto', 1, '2025-09-29 09:03:41'),
(478, 29, '2000', 'A33', '3.0L V6', 'Auto', 1, '2025-09-29 09:03:41'),
(479, 29, '2001', 'A33', '3.5L V6', 'Auto', 1, '2025-09-29 09:03:41'),
(480, 29, '2002', 'A33', '3.5L V6', 'Auto', 1, '2025-09-29 09:03:41'),
(481, 29, '2003', 'A33', '3.5L V6', 'Auto', 1, '2025-09-29 09:03:41'),
(482, 29, '2004', 'A34', '3.5L V6', 'Auto', 1, '2025-09-29 09:03:41'),
(483, 29, '2005', 'A34', '3.5L V6', 'Auto', 1, '2025-09-29 09:03:41'),
(484, 29, '2006', 'A34', '3.5L V6', 'Auto', 1, '2025-09-29 09:03:41'),
(485, 29, '2007', 'A34', '3.5L V6', 'CVT', 1, '2025-09-29 09:03:41'),
(486, 29, '2008', 'A34', '3.5L V6', 'CVT', 1, '2025-09-29 09:03:41'),
(487, 29, '2009', 'A35', '3.5L V6', 'CVT', 1, '2025-09-29 09:03:41'),
(488, 29, '2010', 'A35', '3.5L V6', 'CVT', 1, '2025-09-29 09:03:41'),
(489, 29, '2011', 'A35', '3.5L V6', 'CVT', 1, '2025-09-29 09:03:41'),
(490, 29, '2012', 'A35', '3.5L V6', 'CVT', 1, '2025-09-29 09:03:41'),
(491, 29, '2013', 'A35', '3.5L V6', 'CVT', 1, '2025-09-29 09:03:41'),
(492, 29, '2014', 'A35', '3.5L V6', 'CVT', 1, '2025-09-29 09:03:41'),
(493, 29, '2015', 'A35', '3.5L V6', 'CVT', 1, '2025-09-29 09:03:41'),
(494, 29, '2016', 'A36', '3.5L V6', 'CVT', 1, '2025-09-29 09:03:41'),
(495, 29, '2017', 'A36', '3.5L V6', 'CVT', 1, '2025-09-29 09:03:41'),
(496, 29, '2018', 'A36', '3.5L V6', 'CVT', 1, '2025-09-29 09:03:41'),
(497, 29, '2019', 'A36', '3.5L V6', 'CVT', 1, '2025-09-29 09:03:41'),
(498, 29, '2020', 'A36', '3.5L V6', 'CVT', 1, '2025-09-29 09:03:41'),
(499, 29, '2021', 'A36', '3.5L V6', 'CVT', 1, '2025-09-29 09:03:41'),
(500, 29, '2022', 'A36', '3.5L V6', 'CVT', 1, '2025-09-29 09:03:41'),
(501, 29, '2023', 'A36', '3.5L V6', 'CVT', 1, '2025-09-29 09:03:41'),
(502, 30, '1982', 'K10', '1.0L I4', 'Manual', 1, '2025-09-29 09:03:41'),
(503, 30, '1983', 'K10', '1.0L I4', 'Manual', 1, '2025-09-29 09:03:41'),
(504, 30, '1984', 'K10', '1.0L I4', 'Manual/Auto', 1, '2025-09-29 09:03:41'),
(505, 30, '1985', 'K10', '1.0L I4', 'Manual/Auto', 1, '2025-09-29 09:03:41'),
(506, 30, '1986', 'K10', '1.2L I4', 'Manual/Auto', 1, '2025-09-29 09:03:41'),
(507, 30, '1987', 'K10', '1.2L I4', 'Manual/Auto', 1, '2025-09-29 09:03:41'),
(508, 30, '1988', 'K10', '1.2L I4', 'Manual/Auto', 1, '2025-09-29 09:03:41'),
(509, 30, '1989', 'K10', '1.2L I4', 'Manual/Auto', 1, '2025-09-29 09:03:41'),
(510, 30, '1990', 'K10', '1.2L I4', 'Manual/Auto', 1, '2025-09-29 09:03:41'),
(511, 30, '1991', 'K10', '1.2L I4', 'Manual/Auto', 1, '2025-09-29 09:03:41'),
(512, 30, '1992', 'K11', '1.0L I4', 'Manual/Auto', 1, '2025-09-29 09:03:41'),
(513, 30, '1993', 'K11', '1.0L I4', 'Manual/Auto', 1, '2025-09-29 09:03:41'),
(514, 30, '1994', 'K11', '1.3L I4', 'Manual/Auto', 1, '2025-09-29 09:03:41'),
(515, 30, '1995', 'K11', '1.3L I4', 'Manual/Auto', 1, '2025-09-29 09:03:41'),
(516, 30, '1996', 'K11', '1.3L I4', 'Manual/Auto', 1, '2025-09-29 09:03:41'),
(517, 30, '1997', 'K11', '1.3L I4', 'Manual/Auto', 1, '2025-09-29 09:03:41'),
(518, 30, '1998', 'K11', '1.3L I4', 'Manual/Auto', 1, '2025-09-29 09:03:41'),
(519, 30, '1999', 'K11', '1.3L I4', 'Manual/Auto', 1, '2025-09-29 09:03:41'),
(520, 30, '2000', 'K11', '1.3L I4', 'Manual/Auto', 1, '2025-09-29 09:03:41'),
(521, 30, '2001', 'K11', '1.3L I4', 'Manual/Auto', 1, '2025-09-29 09:03:41'),
(522, 30, '2002', 'K12', '1.2L I4', 'Manual/Auto', 1, '2025-09-29 09:03:41'),
(523, 30, '2003', 'K12', '1.2L I4', 'Manual/Auto', 1, '2025-09-29 09:03:41'),
(524, 30, '2004', 'K12', '1.4L I4', 'Manual/Auto', 1, '2025-09-29 09:03:41'),
(525, 30, '2005', 'K12', '1.4L I4', 'Manual/Auto', 1, '2025-09-29 09:03:41'),
(526, 30, '2006', 'K12', '1.4L I4', 'Manual/Auto', 1, '2025-09-29 09:03:41'),
(527, 30, '2007', 'K12', '1.4L I4', 'Manual/Auto', 1, '2025-09-29 09:03:41'),
(528, 30, '2008', 'K12', '1.4L I4', 'Manual/Auto', 1, '2025-09-29 09:03:41'),
(529, 30, '2009', 'K12', '1.4L I4', 'Manual/Auto', 1, '2025-09-29 09:03:41'),
(530, 30, '2010', 'K13', '1.2L I3', 'Manual/CVT', 1, '2025-09-29 09:03:41'),
(531, 30, '2011', 'K13', '1.2L I3', 'Manual/CVT', 1, '2025-09-29 09:03:41'),
(532, 30, '2012', 'K13', '1.2L I3', 'Manual/CVT', 1, '2025-09-29 09:03:41'),
(533, 30, '2013', 'K13', '1.2L I3', 'Manual/CVT', 1, '2025-09-29 09:03:41'),
(534, 30, '2014', 'K13', '1.2L I3', 'Manual/CVT', 1, '2025-09-29 09:03:41'),
(535, 30, '2015', 'K13', '1.2L I3', 'Manual/CVT', 1, '2025-09-29 09:03:41'),
(536, 30, '2016', 'K13', '1.2L I3', 'Manual/CVT', 1, '2025-09-29 09:03:41'),
(537, 30, '2017', 'K14', '0.9L I3 Turbo', 'Manual/CVT', 1, '2025-09-29 09:03:41'),
(538, 30, '2018', 'K14', '0.9L I3 Turbo', 'Manual/CVT', 1, '2025-09-29 09:03:41'),
(539, 30, '2019', 'K14', '0.9L I3 Turbo', 'Manual/CVT', 1, '2025-09-29 09:03:41'),
(540, 30, '2020', 'K14', '0.9L I3 Turbo', 'Manual/CVT', 1, '2025-09-29 09:03:41'),
(541, 30, '2021', 'K14', '0.9L I3 Turbo', 'Manual/CVT', 1, '2025-09-29 09:03:41'),
(542, 31, '2003', 'Z50', '3.5L V6', 'CVT', 1, '2025-09-29 09:03:41'),
(543, 31, '2004', 'Z50', '3.5L V6', 'CVT', 1, '2025-09-29 09:03:41'),
(544, 31, '2005', 'Z50', '3.5L V6', 'CVT', 1, '2025-09-29 09:03:41'),
(545, 31, '2006', 'Z50', '3.5L V6', 'CVT', 1, '2025-09-29 09:03:41'),
(546, 31, '2007', 'Z50', '3.5L V6', 'CVT', 1, '2025-09-29 09:03:41'),
(547, 31, '2009', 'Z51', '3.5L V6', 'CVT', 1, '2025-09-29 09:03:41'),
(548, 31, '2010', 'Z51', '3.5L V6', 'CVT', 1, '2025-09-29 09:03:41'),
(549, 31, '2011', 'Z51', '3.5L V6', 'CVT', 1, '2025-09-29 09:03:41'),
(550, 31, '2012', 'Z51', '3.5L V6', 'CVT', 1, '2025-09-29 09:03:41'),
(551, 31, '2013', 'Z51', '3.5L V6', 'CVT', 1, '2025-09-29 09:03:41'),
(552, 31, '2014', 'Z51', '3.5L V6', 'CVT', 1, '2025-09-29 09:03:41'),
(553, 31, '2015', 'Z52', '3.5L V6', 'CVT', 1, '2025-09-29 09:03:41'),
(554, 31, '2016', 'Z52', '3.5L V6', 'CVT', 1, '2025-09-29 09:03:41'),
(555, 31, '2017', 'Z52', '3.5L V6', 'CVT', 1, '2025-09-29 09:03:41'),
(556, 31, '2018', 'Z52', '3.5L V6', 'CVT', 1, '2025-09-29 09:03:41'),
(557, 31, '2019', 'Z52', '3.5L V6', 'CVT', 1, '2025-09-29 09:03:41'),
(558, 31, '2020', 'Z52', '3.5L V6', 'CVT', 1, '2025-09-29 09:03:41'),
(559, 31, '2021', 'Z52', '3.5L V6', 'CVT', 1, '2025-09-29 09:03:41'),
(560, 31, '2022', 'Z52', '3.5L V6', 'CVT', 1, '2025-09-29 09:03:41'),
(561, 32, '1997', 'D22', '2.4L I4', 'Manual', 1, '2025-09-29 09:03:41'),
(562, 32, '1998', 'D22', '2.4L I4', 'Manual/Auto', 1, '2025-09-29 09:03:41'),
(563, 32, '1999', 'D22', '2.5L Diesel', 'Manual', 1, '2025-09-29 09:03:41'),
(564, 32, '2000', 'D22', '2.5L Diesel', 'Manual/Auto', 1, '2025-09-29 09:03:41'),
(565, 32, '2001', 'D22', '2.5L Diesel', 'Manual/Auto', 1, '2025-09-29 09:03:41'),
(566, 32, '2002', 'D22', '2.5L Diesel', 'Manual/Auto', 1, '2025-09-29 09:03:41'),
(567, 32, '2003', 'D22', '2.5L Diesel', 'Manual/Auto', 1, '2025-09-29 09:03:41'),
(568, 32, '2004', 'D22', '3.0L Diesel', 'Manual/Auto', 1, '2025-09-29 09:03:41'),
(569, 32, '2005', 'D40', '2.5L Diesel', 'Manual/Auto', 1, '2025-09-29 09:03:41'),
(570, 32, '2006', 'D40', '2.5L Diesel', 'Manual/Auto', 1, '2025-09-29 09:03:41'),
(571, 32, '2007', 'D40', '2.5L Diesel', 'Manual/Auto', 1, '2025-09-29 09:03:41'),
(572, 32, '2008', 'D40', '2.5L Diesel', 'Manual/Auto', 1, '2025-09-29 09:03:41'),
(573, 32, '2009', 'D40', '2.5L Diesel', 'Manual/Auto', 1, '2025-09-29 09:03:41'),
(574, 32, '2010', 'D40', '2.5L Diesel', 'Manual/Auto', 1, '2025-09-29 09:03:41'),
(575, 32, '2011', 'D40', '2.5L Diesel', 'Manual/Auto', 1, '2025-09-29 09:03:41'),
(576, 32, '2012', 'D40', '2.5L Diesel', 'Manual/Auto', 1, '2025-09-29 09:03:41'),
(577, 32, '2013', 'D40', '2.5L Diesel', 'Manual/Auto', 1, '2025-09-29 09:03:41'),
(578, 32, '2014', 'D40', '2.5L Diesel', 'Manual/Auto', 1, '2025-09-29 09:03:41'),
(579, 32, '2015', 'D23', '2.3L Diesel', 'Manual/Auto', 1, '2025-09-29 09:03:41'),
(580, 32, '2016', 'D23', '2.3L Diesel', 'Manual/Auto', 1, '2025-09-29 09:03:41'),
(581, 32, '2017', 'D23', '2.3L Diesel', 'Manual/Auto', 1, '2025-09-29 09:03:41'),
(582, 32, '2018', 'D23', '2.3L Diesel', 'Manual/Auto', 1, '2025-09-29 09:03:41'),
(583, 32, '2019', 'D23', '2.3L Diesel', 'Manual/Auto', 1, '2025-09-29 09:03:41'),
(584, 32, '2020', 'D23', '2.3L Diesel', 'Manual/Auto', 1, '2025-09-29 09:03:41'),
(585, 32, '2021', 'D23', '2.3L Diesel', 'Manual/Auto', 1, '2025-09-29 09:03:41'),
(586, 32, '2022', 'D23', '2.3L Diesel', 'Manual/Auto', 1, '2025-09-29 09:03:41'),
(587, 32, '2023', 'D23', '2.3L Diesel', 'Manual/Auto', 1, '2025-09-29 09:03:41'),
(588, 32, '2024', 'D23', '2.3L Diesel', 'Manual/Auto', 1, '2025-09-29 09:03:41'),
(589, 33, '2004', 'E11', '1.4L I4', 'Manual/Auto', 1, '2025-09-29 09:03:41'),
(590, 33, '2005', 'E11', '1.4L I4', 'Manual/Auto', 1, '2025-09-29 09:03:41'),
(591, 33, '2006', 'E11', '1.5L I4', 'Manual/Auto', 1, '2025-09-29 09:03:41'),
(592, 33, '2007', 'E11', '1.5L I4', 'Manual/Auto', 1, '2025-09-29 09:03:41'),
(593, 33, '2008', 'E11', '1.5L I4', 'Manual/Auto', 1, '2025-09-29 09:03:41'),
(594, 33, '2009', 'E11', '1.6L I4', 'Manual/CVT', 1, '2025-09-29 09:03:41'),
(595, 33, '2010', 'E11', '1.6L I4', 'Manual/CVT', 1, '2025-09-29 09:03:41'),
(596, 33, '2011', 'E11', '1.6L I4', 'Manual/CVT', 1, '2025-09-29 09:03:41'),
(597, 33, '2012', 'E12', '1.2L I3', 'Manual/CVT', 1, '2025-09-29 09:03:41'),
(598, 33, '2013', 'E12', '1.2L I3', 'Manual/CVT', 1, '2025-09-29 09:03:41'),
(599, 33, '2014', 'E12', '1.2L I3', 'Manual/CVT', 1, '2025-09-29 09:03:41'),
(600, 33, '2015', 'E12', '1.2L I3', 'Manual/CVT', 1, '2025-09-29 09:03:41'),
(601, 33, '2016', 'E12', '1.2L I3', 'Manual/CVT', 1, '2025-09-29 09:03:41'),
(602, 33, '2017', 'E12', '1.2L I3', 'Manual/CVT', 1, '2025-09-29 09:03:41'),
(603, 33, '2018', 'E12', '1.2L I3', 'Manual/CVT', 1, '2025-09-29 09:03:41'),
(604, 33, '2019', 'E12', '1.2L I3', 'Manual/CVT', 1, '2025-09-29 09:03:41'),
(605, 33, '2020', 'E13', '1.2L I3', 'Manual/CVT', 1, '2025-09-29 09:03:41'),
(606, 33, '2021', 'E13', '1.2L I3', 'Manual/CVT', 1, '2025-09-29 09:03:41'),
(607, 33, '2022', 'E13', '1.2L I3', 'Manual/CVT', 1, '2025-09-29 09:03:41'),
(608, 33, '2023', 'E13', '1.2L I3', 'Manual/CVT', 1, '2025-09-29 09:03:41'),
(609, 34, '2008', 'K9K', '1.6L I4', 'Manual', 1, '2025-09-29 09:03:41'),
(610, 34, '2009', 'K9K', '1.6L I4', 'Manual', 1, '2025-09-29 09:03:41'),
(611, 34, '2010', 'K9K', '1.6L I4', 'Manual', 1, '2025-09-29 09:03:41'),
(612, 34, '2011', 'K9K', '1.6L I4', 'Manual', 1, '2025-09-29 09:03:41'),
(613, 34, '2012', 'K9K', '1.6L I4', 'Manual', 1, '2025-09-29 09:03:41'),
(614, 34, '2013', 'K9K', '1.6L I4', 'Manual', 1, '2025-09-29 09:03:41'),
(615, 34, '2014', 'K9K', '1.6L I4', 'Manual', 1, '2025-09-29 09:03:41'),
(616, 34, '2015', 'K9K', '1.6L I4', 'Manual', 1, '2025-09-29 09:03:41'),
(617, 34, '2016', 'K9K', '1.6L I4', 'Manual', 1, '2025-09-29 09:03:41'),
(618, 34, '2017', 'K9K', '1.6L I4', 'Manual', 1, '2025-09-29 09:03:41'),
(619, 34, '2018', 'K9K', '1.6L I4', 'Manual', 1, '2025-09-29 09:03:41'),
(620, 34, '2019', 'K9K', '1.6L I4', 'Manual', 1, '2025-09-29 09:03:41'),
(621, 34, '2020', 'K9K', '1.6L I4', 'Manual', 1, '2025-09-29 09:03:41'),
(622, 34, '2021', 'K9K', '1.6L I4', 'Manual', 1, '2025-09-29 09:03:41'),
(623, 35, '2008', 'D22', '2.4L I4', 'Manual', 1, '2025-09-29 09:03:41'),
(624, 35, '2009', 'D22', '2.4L I4', 'Manual/Auto', 1, '2025-09-29 09:03:41'),
(625, 35, '2010', 'D22', '2.5L Diesel', 'Manual/Auto', 1, '2025-09-29 09:03:41'),
(626, 35, '2011', 'D22', '2.5L Diesel', 'Manual/Auto', 1, '2025-09-29 09:03:41'),
(627, 35, '2012', 'D22', '2.5L Diesel', 'Manual/Auto', 1, '2025-09-29 09:03:41'),
(628, 35, '2013', 'D22', '2.5L Diesel', 'Manual/Auto', 1, '2025-09-29 09:03:41'),
(629, 35, '2014', 'D22', '2.5L Diesel', 'Manual/Auto', 1, '2025-09-29 09:03:41'),
(630, 35, '2015', 'D23', '2.3L Diesel', 'Manual/Auto', 1, '2025-09-29 09:03:41'),
(631, 35, '2016', 'D23', '2.3L Diesel', 'Manual/Auto', 1, '2025-09-29 09:03:41'),
(632, 35, '2017', 'D23', '2.3L Diesel', 'Manual/Auto', 1, '2025-09-29 09:03:41'),
(633, 35, '2018', 'D23', '2.3L Diesel', 'Manual/Auto', 1, '2025-09-29 09:03:41'),
(634, 35, '2019', 'D23', '2.3L Diesel', 'Manual/Auto', 1, '2025-09-29 09:03:41'),
(635, 35, '2020', 'D23', '2.3L Diesel', 'Manual/Auto', 1, '2025-09-29 09:03:41'),
(636, 35, '2021', 'D23', '2.3L Diesel', 'Manual/Auto', 1, '2025-09-29 09:03:41'),
(637, 35, '2022', 'D23', '2.3L Diesel', 'Manual/Auto', 1, '2025-09-29 09:03:41'),
(638, 35, '2023', 'D23', '2.3L Diesel', 'Manual/Auto', 1, '2025-09-29 09:03:41'),
(639, 36, '2009', 'M20', '1.5L Diesel', 'Manual', 1, '2025-09-29 09:03:41'),
(640, 36, '2010', 'M20', '1.6L I4', 'Manual/CVT', 1, '2025-09-29 09:03:41'),
(641, 36, '2011', 'M20', '1.6L I4', 'Manual/CVT', 1, '2025-09-29 09:03:41'),
(642, 36, '2012', 'M20', '1.6L I4', 'Manual/CVT', 1, '2025-09-29 09:03:41'),
(643, 36, '2013', 'M20', '1.6L I4', 'Manual/CVT', 1, '2025-09-29 09:03:41'),
(644, 36, '2014', 'M20', '1.6L I4', 'Manual/CVT', 1, '2025-09-29 09:03:41'),
(645, 36, '2015', 'M20', '1.6L I4', 'Manual/CVT', 1, '2025-09-29 09:03:41'),
(646, 36, '2016', 'M20', '1.6L I4', 'Manual/CVT', 1, '2025-09-29 09:03:41'),
(647, 36, '2017', 'M20', '1.6L I4', 'Manual/CVT', 1, '2025-09-29 09:03:41'),
(648, 36, '2018', 'M20', '1.6L I4', 'Manual/CVT', 1, '2025-09-29 09:03:41'),
(649, 36, '2019', 'M20', '1.6L I4', 'Manual/CVT', 1, '2025-09-29 09:03:41'),
(650, 36, '2020', 'M20', '1.6L I4', 'Manual/CVT', 1, '2025-09-29 09:03:41'),
(651, 36, '2021', 'M20', '1.6L I4', 'Manual/CVT', 1, '2025-09-29 09:03:41'),
(652, 37, '2012', 'E26', '2.5L Diesel', 'Manual/Auto', 1, '2025-09-29 09:03:41'),
(653, 37, '2013', 'E26', '2.5L Diesel', 'Manual/Auto', 1, '2025-09-29 09:03:41'),
(654, 37, '2014', 'E26', '2.5L Diesel', 'Manual/Auto', 1, '2025-09-29 09:03:41'),
(655, 37, '2015', 'E26', '2.5L Diesel', 'Manual/Auto', 1, '2025-09-29 09:03:41'),
(656, 37, '2016', 'E26', '2.5L Diesel', 'Manual/Auto', 1, '2025-09-29 09:03:41'),
(657, 37, '2017', 'E26', '2.5L Diesel', 'Manual/Auto', 1, '2025-09-29 09:03:41'),
(658, 37, '2018', 'E26', '2.5L Diesel', 'Manual/Auto', 1, '2025-09-29 09:03:41'),
(659, 37, '2019', 'E26', '2.5L Diesel', 'Manual/Auto', 1, '2025-09-29 09:03:41'),
(660, 37, '2020', 'E26', '2.5L Diesel', 'Manual/Auto', 1, '2025-09-29 09:03:41'),
(661, 37, '2021', 'E26', '2.5L Diesel', 'Manual/Auto', 1, '2025-09-29 09:03:41'),
(662, 37, '2022', 'E26', '2.5L Diesel', 'Manual/Auto', 1, '2025-09-29 09:03:41'),
(663, 37, '2023', 'E26', '2.5L Diesel', 'Manual/Auto', 1, '2025-09-29 09:03:41'),
(664, 38, '1986', 'WD21', '2.4L I4', 'Manual', 1, '2025-09-29 09:03:41'),
(665, 38, '1987', 'WD21', '3.0L V6', 'Manual/Auto', 1, '2025-09-29 09:03:41'),
(666, 38, '1988', 'WD21', '3.0L V6', 'Manual/Auto', 1, '2025-09-29 09:03:41'),
(667, 38, '1989', 'WD21', '3.0L V6', 'Manual/Auto', 1, '2025-09-29 09:03:41'),
(668, 38, '1990', 'WD21', '3.0L V6', 'Manual/Auto', 1, '2025-09-29 09:03:41'),
(669, 38, '1991', 'WD21', '3.0L V6', 'Manual/Auto', 1, '2025-09-29 09:03:41'),
(670, 38, '1992', 'WD21', '3.0L V6', 'Manual/Auto', 1, '2025-09-29 09:03:41'),
(671, 38, '1993', 'WD21', '3.0L V6', 'Manual/Auto', 1, '2025-09-29 09:03:41'),
(672, 38, '1994', 'WD21', '3.0L V6', 'Manual/Auto', 1, '2025-09-29 09:03:41'),
(673, 38, '1995', 'WD21', '3.0L V6', 'Manual/Auto', 1, '2025-09-29 09:03:41'),
(674, 38, '1996', 'R50', '3.3L V6', 'Manual/Auto', 1, '2025-09-29 09:03:41'),
(675, 38, '1997', 'R50', '3.3L V6', 'Manual/Auto', 1, '2025-09-29 09:03:41'),
(676, 38, '1998', 'R50', '3.3L V6', 'Manual/Auto', 1, '2025-09-29 09:03:41');
INSERT INTO `model_years` (`id`, `model_id`, `year`, `model_code`, `engine_type`, `transmission_type`, `active`, `created_at`) VALUES
(677, 38, '1999', 'R50', '3.3L V6', 'Manual/Auto', 1, '2025-09-29 09:03:41'),
(678, 38, '2000', 'R50', '3.5L V6', 'Manual/Auto', 1, '2025-09-29 09:03:41'),
(679, 38, '2001', 'R50', '3.5L V6', 'Auto', 1, '2025-09-29 09:03:41'),
(680, 38, '2002', 'R50', '3.5L V6', 'Auto', 1, '2025-09-29 09:03:41'),
(681, 38, '2003', 'R50', '3.5L V6', 'Auto', 1, '2025-09-29 09:03:41'),
(682, 38, '2004', 'R50', '3.5L V6', 'Auto', 1, '2025-09-29 09:03:41'),
(683, 38, '2005', 'R51', '2.5L Diesel', 'Manual/Auto', 1, '2025-09-29 09:03:41'),
(684, 38, '2006', 'R51', '2.5L Diesel', 'Manual/Auto', 1, '2025-09-29 09:03:41'),
(685, 38, '2007', 'R51', '2.5L Diesel', 'Manual/Auto', 1, '2025-09-29 09:03:41'),
(686, 38, '2008', 'R51', '2.5L Diesel', 'Manual/Auto', 1, '2025-09-29 09:03:41'),
(687, 38, '2009', 'R51', '2.5L Diesel', 'Manual/Auto', 1, '2025-09-29 09:03:41'),
(688, 38, '2010', 'R51', '2.5L Diesel', 'Manual/Auto', 1, '2025-09-29 09:03:41'),
(689, 38, '2011', 'R51', '2.5L Diesel', 'Manual/Auto', 1, '2025-09-29 09:03:41'),
(690, 38, '2012', 'R51', '2.5L Diesel', 'Manual/Auto', 1, '2025-09-29 09:03:41'),
(691, 38, '2013', 'R52', '3.5L V6', 'CVT', 1, '2025-09-29 09:03:41'),
(692, 38, '2014', 'R52', '3.5L V6', 'CVT', 1, '2025-09-29 09:03:41'),
(693, 38, '2015', 'R52', '3.5L V6', 'CVT', 1, '2025-09-29 09:03:41'),
(694, 38, '2016', 'R52', '3.5L V6', 'CVT', 1, '2025-09-29 09:03:41'),
(695, 38, '2017', 'R52', '3.5L V6', 'CVT', 1, '2025-09-29 09:03:41'),
(696, 38, '2018', 'R52', '3.5L V6', 'CVT', 1, '2025-09-29 09:03:41'),
(697, 38, '2019', 'R52', '3.5L V6', 'CVT', 1, '2025-09-29 09:03:41'),
(698, 38, '2020', 'R52', '3.5L V6', 'CVT', 1, '2025-09-29 09:03:41'),
(699, 38, '2021', 'R53', '3.5L V6', 'CVT', 1, '2025-09-29 09:03:41'),
(700, 38, '2022', 'R53', '3.5L V6', 'CVT', 1, '2025-09-29 09:03:41'),
(701, 38, '2023', 'R53', '3.5L V6', 'CVT', 1, '2025-09-29 09:03:41'),
(702, 38, '2024', 'R53', '3.5L V6', 'CVT', 1, '2025-09-29 09:03:41'),
(703, 39, '1980', '160', '3.3L I6', 'Manual', 1, '2025-09-29 09:03:41'),
(704, 39, '1981', '160', '3.3L I6', 'Manual', 1, '2025-09-29 09:03:41'),
(705, 39, '1982', '160', '3.3L I6', 'Manual', 1, '2025-09-29 09:03:41'),
(706, 39, '1983', '160', '3.3L I6', 'Manual/Auto', 1, '2025-09-29 09:03:41'),
(707, 39, '1984', '160', '3.3L I6', 'Manual/Auto', 1, '2025-09-29 09:03:41'),
(708, 39, '1985', '160', '4.0L I6', 'Manual/Auto', 1, '2025-09-29 09:03:41'),
(709, 39, '1986', 'Y60', '2.8L Diesel', 'Manual', 1, '2025-09-29 09:03:41'),
(710, 39, '1987', 'Y60', '2.8L Diesel', 'Manual/Auto', 1, '2025-09-29 09:03:41'),
(711, 39, '1988', 'Y60', '4.2L I6', 'Manual/Auto', 1, '2025-09-29 09:03:41'),
(712, 39, '1989', 'Y60', '4.2L I6', 'Manual/Auto', 1, '2025-09-29 09:03:41'),
(713, 39, '1990', 'Y60', '4.2L I6', 'Manual/Auto', 1, '2025-09-29 09:03:41'),
(714, 39, '1991', 'Y60', '4.2L I6', 'Manual/Auto', 1, '2025-09-29 09:03:41'),
(715, 39, '1992', 'Y60', '4.2L I6', 'Manual/Auto', 1, '2025-09-29 09:03:41'),
(716, 39, '1993', 'Y60', '4.2L I6', 'Manual/Auto', 1, '2025-09-29 09:03:41'),
(717, 39, '1994', 'Y60', '4.2L I6', 'Manual/Auto', 1, '2025-09-29 09:03:41'),
(718, 39, '1995', 'Y60', '4.2L I6', 'Manual/Auto', 1, '2025-09-29 09:03:41'),
(719, 39, '1996', 'Y60', '4.2L I6', 'Manual/Auto', 1, '2025-09-29 09:03:41'),
(720, 39, '1997', 'Y61', '2.8L Diesel', 'Manual/Auto', 1, '2025-09-29 09:03:41'),
(721, 39, '1998', 'Y61', '3.0L Diesel', 'Manual/Auto', 1, '2025-09-29 09:03:41'),
(722, 39, '1999', 'Y61', '3.0L Diesel', 'Manual/Auto', 1, '2025-09-29 09:03:41'),
(723, 39, '2000', 'Y61', '3.0L Diesel', 'Manual/Auto', 1, '2025-09-29 09:03:41'),
(724, 39, '2001', 'Y61', '3.0L Diesel', 'Manual/Auto', 1, '2025-09-29 09:03:41'),
(725, 39, '2002', 'Y61', '3.0L Diesel', 'Manual/Auto', 1, '2025-09-29 09:03:41'),
(726, 39, '2003', 'Y61', '3.0L Diesel', 'Manual/Auto', 1, '2025-09-29 09:03:41'),
(727, 39, '2004', 'Y61', '4.8L I6', 'Manual/Auto', 1, '2025-09-29 09:03:41'),
(728, 39, '2005', 'Y61', '4.8L I6', 'Manual/Auto', 1, '2025-09-29 09:03:41'),
(729, 39, '2006', 'Y61', '4.8L I6', 'Manual/Auto', 1, '2025-09-29 09:03:41'),
(730, 39, '2007', 'Y61', '4.8L I6', 'Manual/Auto', 1, '2025-09-29 09:03:41'),
(731, 39, '2008', 'Y61', '4.8L I6', 'Manual/Auto', 1, '2025-09-29 09:03:41'),
(732, 39, '2009', 'Y61', '4.8L I6', 'Manual/Auto', 1, '2025-09-29 09:03:41'),
(733, 39, '2010', 'Y62', '5.6L V8', 'Auto', 1, '2025-09-29 09:03:41'),
(734, 39, '2011', 'Y62', '5.6L V8', 'Auto', 1, '2025-09-29 09:03:41'),
(735, 39, '2012', 'Y62', '5.6L V8', 'Auto', 1, '2025-09-29 09:03:41'),
(736, 39, '2013', 'Y62', '5.6L V8', 'Auto', 1, '2025-09-29 09:03:41'),
(737, 39, '2014', 'Y62', '5.6L V8', 'Auto', 1, '2025-09-29 09:03:41'),
(738, 39, '2015', 'Y62', '5.6L V8', 'Auto', 1, '2025-09-29 09:03:41'),
(739, 39, '2016', 'Y62', '5.6L V8', 'Auto', 1, '2025-09-29 09:03:41'),
(740, 39, '2017', 'Y62', '5.6L V8', 'Auto', 1, '2025-09-29 09:03:41'),
(741, 39, '2018', 'Y62', '5.6L V8', 'Auto', 1, '2025-09-29 09:03:41'),
(742, 39, '2019', 'Y62', '5.6L V8', 'Auto', 1, '2025-09-29 09:03:41'),
(743, 39, '2020', 'Y62', '5.6L V8', 'Auto', 1, '2025-09-29 09:03:41'),
(744, 39, '2021', 'Y62', '5.6L V8', 'Auto', 1, '2025-09-29 09:03:41'),
(745, 39, '2022', 'Y62', '5.6L V8', 'Auto', 1, '2025-09-29 09:03:41'),
(746, 39, '2023', 'Y62', '5.6L V8', 'Auto', 1, '2025-09-29 09:03:41'),
(747, 39, '2024', 'Y62', '5.6L V8', 'Auto', 1, '2025-09-29 09:03:41'),
(748, 40, '1997', 'Y61', '2.8L Diesel', 'Manual', 1, '2025-09-29 09:03:41'),
(749, 40, '1998', 'Y61', '3.0L Diesel', 'Manual/Auto', 1, '2025-09-29 09:03:41'),
(750, 40, '1999', 'Y61', '3.0L Diesel', 'Manual/Auto', 1, '2025-09-29 09:03:41'),
(751, 40, '2000', 'Y61', '3.0L Diesel', 'Manual/Auto', 1, '2025-09-29 09:03:41'),
(752, 40, '2001', 'Y61', '3.0L Diesel', 'Manual/Auto', 1, '2025-09-29 09:03:41'),
(753, 40, '2002', 'Y61', '3.0L Diesel', 'Manual/Auto', 1, '2025-09-29 09:03:41'),
(754, 40, '2003', 'Y61', '3.0L Diesel', 'Manual/Auto', 1, '2025-09-29 09:03:41'),
(755, 40, '2004', 'Y61', '4.8L I6', 'Manual/Auto', 1, '2025-09-29 09:03:41'),
(756, 40, '2005', 'Y61', '4.8L I6', 'Manual/Auto', 1, '2025-09-29 09:03:41'),
(757, 40, '2006', 'Y61', '4.8L I6', 'Manual/Auto', 1, '2025-09-29 09:03:41'),
(758, 40, '2007', 'Y61', '4.8L I6', 'Manual/Auto', 1, '2025-09-29 09:03:41'),
(759, 40, '2008', 'Y61', '4.8L I6', 'Manual/Auto', 1, '2025-09-29 09:03:41'),
(760, 40, '2009', 'Y61', '4.8L I6', 'Manual/Auto', 1, '2025-09-29 09:03:41'),
(761, 40, '2010', 'Y61', '4.8L I6', 'Manual/Auto', 1, '2025-09-29 09:03:41'),
(762, 40, '2011', 'Y61', '4.8L I6', 'Manual/Auto', 1, '2025-09-29 09:03:41'),
(763, 40, '2012', 'Y61', '4.8L I6', 'Manual/Auto', 1, '2025-09-29 09:03:41'),
(764, 40, '2013', 'Y61', '4.8L I6', 'Manual/Auto', 1, '2025-09-29 09:03:41'),
(765, 40, '2014', 'Y61', '4.8L I6', 'Manual/Auto', 1, '2025-09-29 09:03:41'),
(766, 40, '2015', 'Y61', '4.8L I6', 'Manual/Auto', 1, '2025-09-29 09:03:41'),
(767, 40, '2016', 'Y61', '4.8L I6', 'Manual/Auto', 1, '2025-09-29 09:03:41'),
(768, 40, '2017', 'Y61', '4.8L I6', 'Manual/Auto', 1, '2025-09-29 09:03:41'),
(769, 40, '2018', 'Y61', '4.8L I6', 'Manual/Auto', 1, '2025-09-29 09:03:41'),
(770, 40, '2019', 'Y61', '4.8L I6', 'Manual/Auto', 1, '2025-09-29 09:03:41'),
(771, 41, '1986', 'D21', '2.4L I4', 'Manual', 1, '2025-09-29 09:03:41'),
(772, 41, '1987', 'D21', '2.4L I4', 'Manual', 1, '2025-09-29 09:03:41'),
(773, 41, '1988', 'D21', '2.4L I4', 'Manual/Auto', 1, '2025-09-29 09:03:41'),
(774, 41, '1989', 'D21', '2.4L I4', 'Manual/Auto', 1, '2025-09-29 09:03:41'),
(775, 41, '1990', 'D21', '2.4L I4', 'Manual/Auto', 1, '2025-09-29 09:03:41'),
(776, 41, '1991', 'D21', '3.0L V6', 'Manual/Auto', 1, '2025-09-29 09:03:41'),
(777, 41, '1992', 'D21', '3.0L V6', 'Manual/Auto', 1, '2025-09-29 09:03:41'),
(778, 41, '1993', 'D21', '3.0L V6', 'Manual/Auto', 1, '2025-09-29 09:03:41'),
(779, 41, '1994', 'D21', '3.0L V6', 'Manual/Auto', 1, '2025-09-29 09:03:41'),
(780, 41, '1995', 'D21', '3.0L V6', 'Manual/Auto', 1, '2025-09-29 09:03:41'),
(781, 41, '1996', 'D21', '3.0L V6', 'Manual/Auto', 1, '2025-09-29 09:03:41'),
(782, 41, '1997', 'D22', '2.4L I4', 'Manual', 1, '2025-09-29 09:03:41'),
(783, 42, '1998', 'U30', '2.4L I4', 'Auto', 1, '2025-09-29 09:03:41'),
(784, 42, '1999', 'U30', '2.4L I4', 'Auto', 1, '2025-09-29 09:03:41'),
(785, 42, '2000', 'U30', '2.4L I4', 'Auto', 1, '2025-09-29 09:03:41'),
(786, 42, '2001', 'U30', '2.4L I4', 'Auto', 1, '2025-09-29 09:03:41'),
(787, 42, '2002', 'U30', '2.4L I4', 'Auto', 1, '2025-09-29 09:03:41'),
(788, 42, '2003', 'U31', '2.5L I4', 'CVT', 1, '2025-09-29 09:03:41'),
(789, 42, '2004', 'U31', '2.5L I4', 'CVT', 1, '2025-09-29 09:03:41'),
(790, 42, '2005', 'U31', '2.5L I4', 'CVT', 1, '2025-09-29 09:03:41'),
(791, 42, '2006', 'U31', '2.5L I4', 'CVT', 1, '2025-09-29 09:03:41'),
(792, 42, '2007', 'U31', '2.5L I4', 'CVT', 1, '2025-09-29 09:03:41'),
(793, 42, '2008', 'U31', '2.5L I4', 'CVT', 1, '2025-09-29 09:03:41'),
(794, 42, '2009', 'U31', '2.5L I4', 'CVT', 1, '2025-09-29 09:03:41'),
(795, 43, '1990', 'R10', '1.5L I4', 'Manual/Auto', 1, '2025-09-29 09:03:41'),
(796, 43, '1991', 'R10', '1.5L I4', 'Manual/Auto', 1, '2025-09-29 09:03:41'),
(797, 43, '1992', 'R10', '1.5L I4', 'Manual/Auto', 1, '2025-09-29 09:03:41'),
(798, 43, '1993', 'R10', '1.5L I4', 'Manual/Auto', 1, '2025-09-29 09:03:41'),
(799, 43, '1994', 'R10', '1.5L I4', 'Manual/Auto', 1, '2025-09-29 09:03:41'),
(800, 43, '1995', 'R11', '1.5L I4', 'Manual/Auto', 1, '2025-09-29 09:03:41'),
(801, 43, '1996', 'R11', '1.5L I4', 'Manual/Auto', 1, '2025-09-29 09:03:41'),
(802, 43, '1997', 'R11', '1.5L I4', 'Manual/Auto', 1, '2025-09-29 09:03:41'),
(803, 43, '1998', 'R11', '1.5L I4', 'Manual/Auto', 1, '2025-09-29 09:03:41'),
(804, 43, '1999', 'R11', '1.5L I4', 'Manual/Auto', 1, '2025-09-29 09:03:41'),
(805, 43, '2000', 'R11', '1.5L I4', 'Manual/Auto', 1, '2025-09-29 09:03:41'),
(806, 44, '1990', 'P10', '1.6L I4', 'Manual/Auto', 1, '2025-09-29 09:03:41'),
(807, 44, '1991', 'P10', '1.6L I4', 'Manual/Auto', 1, '2025-09-29 09:03:41'),
(808, 44, '1992', 'P10', '2.0L I4', 'Manual/Auto', 1, '2025-09-29 09:03:41'),
(809, 44, '1993', 'P10', '2.0L I4', 'Manual/Auto', 1, '2025-09-29 09:03:41'),
(810, 44, '1994', 'P10', '2.0L I4', 'Manual/Auto', 1, '2025-09-29 09:03:41'),
(811, 44, '1995', 'P10', '2.0L I4', 'Manual/Auto', 1, '2025-09-29 09:03:41'),
(812, 44, '1996', 'P11', '1.6L I4', 'Manual/Auto', 1, '2025-09-29 09:03:41'),
(813, 44, '1997', 'P11', '1.8L I4', 'Manual/Auto', 1, '2025-09-29 09:03:41'),
(814, 44, '1998', 'P11', '1.8L I4', 'Manual/Auto', 1, '2025-09-29 09:03:41'),
(815, 44, '1999', 'P11', '2.0L I4', 'Manual/Auto', 1, '2025-09-29 09:03:41'),
(816, 44, '2000', 'P11', '2.0L I4', 'Manual/Auto', 1, '2025-09-29 09:03:41'),
(817, 44, '2001', 'P11', '2.0L I4', 'Manual/Auto', 1, '2025-09-29 09:03:41'),
(818, 44, '2002', 'P12', '1.8L I4', 'Manual/Auto', 1, '2025-09-29 09:03:41'),
(819, 44, '2003', 'P12', '1.8L I4', 'Manual/Auto', 1, '2025-09-29 09:03:41'),
(820, 44, '2004', 'P12', '2.0L I4', 'Manual/Auto', 1, '2025-09-29 09:03:41'),
(821, 44, '2005', 'P12', '2.0L I4', 'Manual/Auto', 1, '2025-09-29 09:03:41'),
(822, 44, '2006', 'P12', '2.0L I4', 'Manual/Auto', 1, '2025-09-29 09:03:41'),
(823, 44, '2007', 'P12', '2.0L I4', 'Manual/Auto', 1, '2025-09-29 09:03:41'),
(824, 44, '2008', 'P12', '2.0L I4', 'Manual/Auto', 1, '2025-09-29 09:03:41'),
(825, 45, '1978', 'N10', '1.2L I4', 'Manual', 1, '2025-09-29 09:03:41'),
(826, 45, '1979', 'N10', '1.4L I4', 'Manual', 1, '2025-09-29 09:03:41'),
(827, 45, '1980', 'N10', '1.4L I4', 'Manual', 1, '2025-09-29 09:03:41'),
(828, 45, '1981', 'N10', '1.5L I4', 'Manual', 1, '2025-09-29 09:03:41'),
(829, 45, '1982', 'N12', '1.5L I4', 'Manual/Auto', 1, '2025-09-29 09:03:41'),
(830, 45, '1983', 'N12', '1.5L I4', 'Manual/Auto', 1, '2025-09-29 09:03:41'),
(831, 45, '1984', 'N12', '1.5L I4', 'Manual/Auto', 1, '2025-09-29 09:03:41'),
(832, 45, '1985', 'N12', '1.6L I4', 'Manual/Auto', 1, '2025-09-29 09:03:41'),
(833, 45, '1986', 'N12', '1.6L I4 Turbo', 'Manual', 1, '2025-09-29 09:03:41'),
(834, 45, '1987', 'N13', '1.6L I4', 'Manual/Auto', 1, '2025-09-29 09:03:41'),
(835, 45, '1988', 'N13', '1.6L I4', 'Manual/Auto', 1, '2025-09-29 09:03:41'),
(836, 45, '1989', 'N13', '1.6L I4', 'Manual/Auto', 1, '2025-09-29 09:03:41'),
(837, 45, '1990', 'N14', '1.6L I4', 'Manual/Auto', 1, '2025-09-29 09:03:41'),
(838, 45, '1991', 'N14', '1.6L I4', 'Manual/Auto', 1, '2025-09-29 09:03:41'),
(839, 45, '1992', 'N14', '2.0L I4', 'Manual/Auto', 1, '2025-09-29 09:03:41'),
(840, 45, '1993', 'N14', '2.0L I4', 'Manual/Auto', 1, '2025-09-29 09:03:41'),
(841, 45, '1994', 'N14', '2.0L I4', 'Manual/Auto', 1, '2025-09-29 09:03:41'),
(842, 45, '1995', 'N15', '1.4L I4', 'Manual/Auto', 1, '2025-09-29 09:03:41'),
(843, 45, '1996', 'N15', '1.6L I4', 'Manual/Auto', 1, '2025-09-29 09:03:41'),
(844, 45, '1997', 'N15', '1.6L I4', 'Manual/Auto', 1, '2025-09-29 09:03:41'),
(845, 45, '1998', 'N15', '1.6L I4', 'Manual/Auto', 1, '2025-09-29 09:03:41'),
(846, 45, '1999', 'N15', '1.6L I4', 'Manual/Auto', 1, '2025-09-29 09:03:41'),
(847, 45, '2000', 'N16', '1.5L I4', 'Manual/Auto', 1, '2025-09-29 09:03:41'),
(848, 45, '2001', 'N16', '1.6L I4', 'Manual/Auto', 1, '2025-09-29 09:03:41'),
(849, 45, '2002', 'N16', '1.6L I4', 'Manual/Auto', 1, '2025-09-29 09:03:41'),
(850, 45, '2003', 'N16', '1.8L I4', 'Manual/Auto', 1, '2025-09-29 09:03:41'),
(851, 45, '2004', 'N16', '1.8L I4', 'Manual/Auto', 1, '2025-09-29 09:03:41'),
(852, 45, '2005', 'N16', '1.8L I4', 'Manual/Auto', 1, '2025-09-29 09:03:41'),
(853, 45, '2006', 'N16', '1.8L I4', 'Manual/Auto', 1, '2025-09-29 09:03:41'),
(854, 45, '2012', 'C12', '1.2L I4 Turbo', 'Manual/CVT', 1, '2025-09-29 09:03:41'),
(855, 45, '2013', 'C12', '1.2L I4 Turbo', 'Manual/CVT', 1, '2025-09-29 09:03:41'),
(856, 45, '2014', 'C12', '1.6L I4', 'Manual/CVT', 1, '2025-09-29 09:03:41'),
(857, 45, '2015', 'C12', '1.6L I4', 'Manual/CVT', 1, '2025-09-29 09:03:41'),
(858, 45, '2016', 'C12', '1.6L I4', 'Manual/CVT', 1, '2025-09-29 09:03:41'),
(859, 45, '2017', 'C12', '1.6L I4', 'Manual/CVT', 1, '2025-09-29 09:03:41'),
(860, 45, '2018', 'C12', '1.6L I4', 'Manual/CVT', 1, '2025-09-29 09:03:41'),
(861, 46, '2006', 'J10', '1.6L I4', 'Manual/CVT', 1, '2025-09-29 09:03:41'),
(862, 46, '2007', 'J10', '2.0L I4', 'Manual/CVT', 1, '2025-09-29 09:03:41'),
(863, 46, '2008', 'J10', '2.0L I4', 'Manual/CVT', 1, '2025-09-29 09:03:41'),
(864, 46, '2009', 'J10', '2.0L I4', 'Manual/CVT', 1, '2025-09-29 09:03:41'),
(865, 46, '2010', 'J10', '2.0L I4', 'Manual/CVT', 1, '2025-09-29 09:03:41'),
(866, 46, '2011', 'J10', '2.0L I4', 'Manual/CVT', 1, '2025-09-29 09:03:41'),
(867, 46, '2012', 'J10', '2.0L I4', 'Manual/CVT', 1, '2025-09-29 09:03:41'),
(868, 46, '2013', 'J10', '2.0L I4', 'Manual/CVT', 1, '2025-09-29 09:03:41'),
(869, 46, '2014', 'J11', '1.2L I4 Turbo', 'Manual/CVT', 1, '2025-09-29 09:03:41'),
(870, 46, '2015', 'J11', '1.2L I4 Turbo', 'Manual/CVT', 1, '2025-09-29 09:03:41'),
(871, 46, '2016', 'J11', '1.2L I4 Turbo', 'Manual/CVT', 1, '2025-09-29 09:03:41'),
(872, 46, '2017', 'J11', '1.3L I4 Turbo', 'Manual/CVT', 1, '2025-09-29 09:03:41'),
(873, 46, '2018', 'J11', '1.3L I4 Turbo', 'Manual/CVT', 1, '2025-09-29 09:03:41'),
(874, 46, '2019', 'J11', '1.3L I4 Turbo', 'Manual/CVT', 1, '2025-09-29 09:03:41'),
(875, 46, '2020', 'J11', '1.3L I4 Turbo', 'Manual/CVT', 1, '2025-09-29 09:03:41'),
(876, 46, '2021', 'J12', '1.3L I4 Turbo', 'Manual/CVT', 1, '2025-09-29 09:03:41'),
(877, 46, '2022', 'J12', '1.3L I4 Turbo', 'Manual/CVT', 1, '2025-09-29 09:03:41'),
(878, 46, '2023', 'J12', '1.3L I4 Turbo', 'Manual/CVT', 1, '2025-09-29 09:03:41'),
(879, 46, '2024', 'J12', '1.3L I4 Turbo', 'Manual/CVT', 1, '2025-09-29 09:03:41'),
(880, 47, '1993', 'V40', '3.0L V6', 'Auto', 1, '2025-09-29 09:03:41'),
(881, 47, '1994', 'V40', '3.0L V6', 'Auto', 1, '2025-09-29 09:03:41'),
(882, 47, '1995', 'V40', '3.0L V6', 'Auto', 1, '2025-09-29 09:03:41'),
(883, 47, '1996', 'V40', '3.0L V6', 'Auto', 1, '2025-09-29 09:03:41'),
(884, 47, '1997', 'V40', '3.0L V6', 'Auto', 1, '2025-09-29 09:03:41'),
(885, 47, '1998', 'V40', '3.0L V6', 'Auto', 1, '2025-09-29 09:03:41'),
(886, 47, '1999', 'V41', '3.3L V6', 'Auto', 1, '2025-09-29 09:03:41'),
(887, 47, '2000', 'V41', '3.3L V6', 'Auto', 1, '2025-09-29 09:03:41'),
(888, 47, '2001', 'V41', '3.3L V6', 'Auto', 1, '2025-09-29 09:03:41'),
(889, 47, '2002', 'V41', '3.5L V6', 'Auto', 1, '2025-09-29 09:03:41'),
(890, 47, '2004', 'V42', '3.5L V6', 'Auto', 1, '2025-09-29 09:03:41'),
(891, 47, '2005', 'V42', '3.5L V6', 'Auto', 1, '2025-09-29 09:03:41'),
(892, 47, '2006', 'V42', '3.5L V6', 'Auto', 1, '2025-09-29 09:03:41'),
(893, 47, '2007', 'V42', '3.5L V6', 'Auto', 1, '2025-09-29 09:03:41'),
(894, 47, '2008', 'V42', '3.5L V6', 'Auto', 1, '2025-09-29 09:03:41'),
(895, 47, '2009', 'V42', '3.5L V6', 'Auto', 1, '2025-09-29 09:03:41'),
(896, 47, '2011', 'E52', '3.5L V6', 'CVT', 1, '2025-09-29 09:03:41'),
(897, 47, '2012', 'E52', '3.5L V6', 'CVT', 1, '2025-09-29 09:03:41'),
(898, 47, '2013', 'E52', '3.5L V6', 'CVT', 1, '2025-09-29 09:03:41'),
(899, 47, '2014', 'E52', '3.5L V6', 'CVT', 1, '2025-09-29 09:03:41'),
(900, 47, '2015', 'E52', '3.5L V6', 'CVT', 1, '2025-09-29 09:03:41'),
(901, 47, '2016', 'E52', '3.5L V6', 'CVT', 1, '2025-09-29 09:03:41'),
(902, 47, '2017', 'E52', '3.5L V6', 'CVT', 1, '2025-09-29 09:03:41'),
(903, 48, '2007', 'S35', '2.5L I4', 'CVT', 1, '2025-09-29 09:03:41'),
(904, 48, '2008', 'S35', '2.5L I4', 'CVT', 1, '2025-09-29 09:03:41'),
(905, 48, '2009', 'S35', '2.5L I4', 'CVT', 1, '2025-09-29 09:03:41'),
(906, 48, '2010', 'S35', '2.5L I4', 'CVT', 1, '2025-09-29 09:03:41'),
(907, 48, '2011', 'S35', '2.5L I4', 'CVT', 1, '2025-09-29 09:03:41'),
(908, 48, '2012', 'S35', '2.5L I4', 'CVT', 1, '2025-09-29 09:03:41'),
(909, 48, '2013', 'S35', '2.5L I4', 'CVT', 1, '2025-09-29 09:03:41'),
(910, 48, '2014', 'T32', '2.5L I4', 'CVT', 1, '2025-09-29 09:03:41'),
(911, 48, '2015', 'T32', '2.5L I4', 'CVT', 1, '2025-09-29 09:03:41'),
(912, 48, '2016', 'T32', '2.5L I4', 'CVT', 1, '2025-09-29 09:03:41'),
(913, 48, '2017', 'T32', '2.5L I4', 'CVT', 1, '2025-09-29 09:03:41'),
(914, 48, '2018', 'T32', '2.5L I4', 'CVT', 1, '2025-09-29 09:03:41'),
(915, 48, '2019', 'T32', '2.5L I4', 'CVT', 1, '2025-09-29 09:03:41'),
(916, 48, '2020', 'T32', '2.5L I4', 'CVT', 1, '2025-09-29 09:03:41'),
(917, 48, '2021', 'T33', '1.5L I3 Turbo', 'CVT', 1, '2025-09-29 09:03:41'),
(918, 48, '2022', 'T33', '1.5L I3 Turbo', 'CVT', 1, '2025-09-29 09:03:41'),
(919, 48, '2023', 'T33', '1.5L I3 Turbo', 'CVT', 1, '2025-09-29 09:03:41'),
(920, 48, '2024', 'T33', '1.5L I3 Turbo', 'CVT', 1, '2025-09-29 09:03:41'),
(921, 49, '1987', '160', '4.0L I6', 'Manual', 1, '2025-09-29 09:03:41'),
(922, 49, '1988', 'Y60', '4.2L I6', 'Manual/Auto', 1, '2025-09-29 09:03:41'),
(923, 49, '1989', 'Y60', '4.2L I6', 'Manual/Auto', 1, '2025-09-29 09:03:41'),
(924, 49, '1990', 'Y60', '4.2L I6', 'Manual/Auto', 1, '2025-09-29 09:03:41'),
(925, 49, '1991', 'Y60', '4.2L I6', 'Manual/Auto', 1, '2025-09-29 09:03:41'),
(926, 49, '1992', 'Y60', '4.2L I6', 'Manual/Auto', 1, '2025-09-29 09:03:41'),
(927, 49, '1993', 'Y60', '4.2L I6', 'Manual/Auto', 1, '2025-09-29 09:03:41'),
(928, 49, '1994', 'Y60', '4.2L I6', 'Manual/Auto', 1, '2025-09-29 09:03:41'),
(929, 49, '1995', 'Y60', '4.2L I6', 'Manual/Auto', 1, '2025-09-29 09:03:41'),
(930, 49, '1996', 'Y60', '4.2L I6', 'Manual/Auto', 1, '2025-09-29 09:03:41'),
(931, 49, '1997', 'Y61', '3.0L Diesel', 'Manual/Auto', 1, '2025-09-29 09:03:41'),
(932, 49, '1998', 'Y61', '3.0L Diesel', 'Manual/Auto', 1, '2025-09-29 09:03:41'),
(933, 49, '1999', 'Y61', '3.0L Diesel', 'Manual/Auto', 1, '2025-09-29 09:03:41'),
(934, 49, '2000', 'Y61', '3.0L Diesel', 'Manual/Auto', 1, '2025-09-29 09:03:41'),
(935, 49, '2001', 'Y61', '3.0L Diesel', 'Manual/Auto', 1, '2025-09-29 09:03:41'),
(936, 49, '2002', 'Y61', '3.0L Diesel', 'Manual/Auto', 1, '2025-09-29 09:03:41'),
(937, 49, '2003', 'Y61', '3.0L Diesel', 'Manual/Auto', 1, '2025-09-29 09:03:41'),
(938, 49, '2004', 'Y61', '4.8L I6', 'Manual/Auto', 1, '2025-09-29 09:03:41'),
(939, 49, '2005', 'Y61', '4.8L I6', 'Manual/Auto', 1, '2025-09-29 09:03:41'),
(940, 49, '2006', 'Y61', '4.8L I6', 'Manual/Auto', 1, '2025-09-29 09:03:41'),
(941, 49, '2007', 'Y61', '4.8L I6', 'Manual/Auto', 1, '2025-09-29 09:03:41'),
(942, 50, '1982', 'B11', '1.5L I4', 'Manual', 1, '2025-09-29 09:03:41'),
(943, 50, '1983', 'B11', '1.6L I4', 'Manual/Auto', 1, '2025-09-29 09:03:41'),
(944, 50, '1984', 'B11', '1.6L I4', 'Manual/Auto', 1, '2025-09-29 09:03:41'),
(945, 50, '1985', 'B11', '1.6L I4', 'Manual/Auto', 1, '2025-09-29 09:03:41'),
(946, 50, '1986', 'B11', '1.6L I4', 'Manual/Auto', 1, '2025-09-29 09:03:41'),
(947, 50, '1987', 'B12', '1.6L I4', 'Manual/Auto', 1, '2025-09-29 09:03:41'),
(948, 50, '1988', 'B12', '1.6L I4', 'Manual/Auto', 1, '2025-09-29 09:03:41'),
(949, 50, '1989', 'B12', '1.6L I4', 'Manual/Auto', 1, '2025-09-29 09:03:41'),
(950, 50, '1990', 'B12', '1.6L I4', 'Manual/Auto', 1, '2025-09-29 09:03:41'),
(951, 50, '1991', 'B13', '1.6L I4', 'Manual/Auto', 1, '2025-09-29 09:03:41'),
(952, 50, '1992', 'B13', '1.6L I4', 'Manual/Auto', 1, '2025-09-29 09:03:41'),
(953, 50, '1993', 'B13', '1.6L I4', 'Manual/Auto', 1, '2025-09-29 09:03:41'),
(954, 50, '1994', 'B13', '1.6L I4', 'Manual/Auto', 1, '2025-09-29 09:03:41'),
(955, 50, '1995', 'B14', '1.6L I4', 'Manual/Auto', 1, '2025-09-29 09:03:41'),
(956, 50, '1996', 'B14', '1.6L I4', 'Manual/Auto', 1, '2025-09-29 09:03:41'),
(957, 50, '1997', 'B14', '1.6L I4', 'Manual/Auto', 1, '2025-09-29 09:03:41'),
(958, 50, '1998', 'B14', '1.6L I4', 'Manual/Auto', 1, '2025-09-29 09:03:41'),
(959, 50, '1999', 'B14', '1.6L I4', 'Manual/Auto', 1, '2025-09-29 09:03:41'),
(960, 50, '2000', 'B15', '1.8L I4', 'Manual/Auto', 1, '2025-09-29 09:03:41'),
(961, 50, '2001', 'B15', '1.8L I4', 'Manual/Auto', 1, '2025-09-29 09:03:41'),
(962, 50, '2002', 'B15', '1.8L I4', 'Manual/Auto', 1, '2025-09-29 09:03:41'),
(963, 50, '2003', 'B15', '1.8L I4', 'Manual/Auto', 1, '2025-09-29 09:03:41'),
(964, 50, '2004', 'B15', '1.8L I4', 'Manual/Auto', 1, '2025-09-29 09:03:41'),
(965, 50, '2005', 'B15', '1.8L I4', 'Manual/Auto', 1, '2025-09-29 09:03:41'),
(966, 50, '2006', 'B15', '1.8L I4', 'Manual/Auto', 1, '2025-09-29 09:03:41'),
(967, 50, '2007', 'B16', '2.0L I4', 'Manual/CVT', 1, '2025-09-29 09:03:41'),
(968, 50, '2008', 'B16', '2.0L I4', 'Manual/CVT', 1, '2025-09-29 09:03:41'),
(969, 50, '2009', 'B16', '2.0L I4', 'Manual/CVT', 1, '2025-09-29 09:03:41'),
(970, 50, '2010', 'B16', '2.0L I4', 'Manual/CVT', 1, '2025-09-29 09:03:41'),
(971, 50, '2011', 'B16', '2.0L I4', 'Manual/CVT', 1, '2025-09-29 09:03:41'),
(972, 50, '2012', 'B16', '2.0L I4', 'Manual/CVT', 1, '2025-09-29 09:03:41'),
(973, 50, '2013', 'B17', '1.8L I4', 'Manual/CVT', 1, '2025-09-29 09:03:41'),
(974, 50, '2014', 'B17', '1.8L I4', 'Manual/CVT', 1, '2025-09-29 09:03:41'),
(975, 50, '2015', 'B17', '1.8L I4', 'Manual/CVT', 1, '2025-09-29 09:03:41'),
(976, 50, '2016', 'B17', '1.8L I4', 'Manual/CVT', 1, '2025-09-29 09:03:41'),
(977, 50, '2017', 'B17', '1.8L I4', 'Manual/CVT', 1, '2025-09-29 09:03:41'),
(978, 50, '2018', 'B17', '1.8L I4', 'Manual/CVT', 1, '2025-09-29 09:03:41'),
(979, 50, '2019', 'B17', '1.8L I4', 'Manual/CVT', 1, '2025-09-29 09:03:41'),
(980, 50, '2020', 'B18', '2.0L I4', 'CVT', 1, '2025-09-29 09:03:41'),
(981, 50, '2021', 'B18', '2.0L I4', 'CVT', 1, '2025-09-29 09:03:41'),
(982, 50, '2022', 'B18', '2.0L I4', 'CVT', 1, '2025-09-29 09:03:41'),
(983, 50, '2023', 'B18', '2.0L I4', 'CVT', 1, '2025-09-29 09:03:41'),
(984, 50, '2024', 'B18', '2.0L I4', 'CVT', 1, '2025-09-29 09:03:41'),
(985, 51, '1991', 'C23', '2.0L I4', 'Manual/Auto', 1, '2025-09-29 09:03:41'),
(986, 51, '1992', 'C23', '2.0L I4', 'Manual/Auto', 1, '2025-09-29 09:03:41'),
(987, 51, '1993', 'C23', '2.0L I4', 'Manual/Auto', 1, '2025-09-29 09:03:41'),
(988, 51, '1994', 'C23', '2.0L I4', 'Manual/Auto', 1, '2025-09-29 09:03:41'),
(989, 51, '1995', 'C23', '2.0L I4', 'Manual/Auto', 1, '2025-09-29 09:03:41'),
(990, 51, '1996', 'C23', '2.0L I4', 'Manual/Auto', 1, '2025-09-29 09:03:41'),
(991, 51, '1997', 'C23', '2.0L I4', 'Manual/Auto', 1, '2025-09-29 09:03:41'),
(992, 51, '1998', 'C23', '2.0L I4', 'Manual/Auto', 1, '2025-09-29 09:03:41'),
(993, 51, '1999', 'C24', '2.0L I4', 'Auto', 1, '2025-09-29 09:03:41'),
(994, 51, '2000', 'C24', '2.0L I4', 'Auto', 1, '2025-09-29 09:03:41'),
(995, 51, '2001', 'C24', '2.0L I4', 'Auto', 1, '2025-09-29 09:03:41'),
(996, 51, '2002', 'C24', '2.0L I4', 'Auto', 1, '2025-09-29 09:03:41'),
(997, 51, '2003', 'C24', '2.0L I4', 'Auto', 1, '2025-09-29 09:03:41'),
(998, 51, '2004', 'C24', '2.0L I4', 'Auto', 1, '2025-09-29 09:03:41'),
(999, 51, '2005', 'C25', '2.0L I4', 'CVT', 1, '2025-09-29 09:03:41'),
(1000, 51, '2006', 'C25', '2.0L I4', 'CVT', 1, '2025-09-29 09:03:41'),
(1001, 51, '2007', 'C25', '2.0L I4', 'CVT', 1, '2025-09-29 09:03:41'),
(1002, 51, '2008', 'C25', '2.0L I4', 'CVT', 1, '2025-09-29 09:03:41'),
(1003, 51, '2009', 'C25', '2.0L I4', 'CVT', 1, '2025-09-29 09:03:41'),
(1004, 51, '2010', 'C25', '2.0L I4', 'CVT', 1, '2025-09-29 09:03:41'),
(1005, 51, '2011', 'C26', '2.0L I4', 'CVT', 1, '2025-09-29 09:03:41'),
(1006, 51, '2012', 'C26', '2.0L I4', 'CVT', 1, '2025-09-29 09:03:41'),
(1007, 51, '2013', 'C26', '2.0L I4', 'CVT', 1, '2025-09-29 09:03:41'),
(1008, 51, '2014', 'C26', '2.0L I4', 'CVT', 1, '2025-09-29 09:03:41'),
(1009, 51, '2015', 'C26', '2.0L I4', 'CVT', 1, '2025-09-29 09:03:41'),
(1010, 51, '2016', 'C26', '2.0L I4', 'CVT', 1, '2025-09-29 09:03:41'),
(1011, 51, '2017', 'C27', '2.0L I4', 'CVT', 1, '2025-09-29 09:03:41'),
(1012, 51, '2018', 'C27', '2.0L I4', 'CVT', 1, '2025-09-29 09:03:41'),
(1013, 51, '2019', 'C27', '2.0L I4', 'CVT', 1, '2025-09-29 09:03:41'),
(1014, 51, '2020', 'C27', '2.0L I4', 'CVT', 1, '2025-09-29 09:03:41'),
(1015, 51, '2021', 'C27', '2.0L I4', 'CVT', 1, '2025-09-29 09:03:41'),
(1016, 51, '2022', 'C27', '2.0L I4', 'CVT', 1, '2025-09-29 09:03:41'),
(1017, 52, '1984', 'S12', '1.8L I4 Turbo', 'Manual', 1, '2025-09-29 09:03:41'),
(1018, 52, '1985', 'S12', '2.0L I4 Turbo', 'Manual', 1, '2025-09-29 09:03:41'),
(1019, 52, '1986', 'S12', '2.0L I4 Turbo', 'Manual', 1, '2025-09-29 09:03:41'),
(1020, 52, '1987', 'S12', '2.0L I4 Turbo', 'Manual', 1, '2025-09-29 09:03:41'),
(1021, 52, '1988', 'S12', '2.0L I4 Turbo', 'Manual', 1, '2025-09-29 09:03:41'),
(1022, 52, '1989', 'S13', '1.8L I4', 'Manual', 1, '2025-09-29 09:03:41'),
(1023, 52, '1990', 'S13', '2.0L I4 Turbo', 'Manual', 1, '2025-09-29 09:03:41'),
(1024, 52, '1991', 'S13', '2.0L I4 Turbo', 'Manual', 1, '2025-09-29 09:03:41'),
(1025, 52, '1992', 'S13', '2.0L I4 Turbo', 'Manual', 1, '2025-09-29 09:03:41'),
(1026, 52, '1993', 'S13', '2.0L I4 Turbo', 'Manual', 1, '2025-09-29 09:03:41'),
(1027, 52, '1994', 'S13', '2.0L I4 Turbo', 'Manual', 1, '2025-09-29 09:03:41'),
(1028, 52, '1995', 'S14', '2.0L I4 Turbo', 'Manual', 1, '2025-09-29 09:03:41'),
(1029, 52, '1996', 'S14', '2.0L I4 Turbo', 'Manual', 1, '2025-09-29 09:03:41'),
(1030, 52, '1997', 'S14', '2.0L I4 Turbo', 'Manual', 1, '2025-09-29 09:03:41'),
(1031, 52, '1998', 'S14', '2.0L I4 Turbo', 'Manual', 1, '2025-09-29 09:03:41'),
(1032, 52, '1999', 'S15', '2.0L I4 Turbo', 'Manual', 1, '2025-09-29 09:03:41'),
(1033, 52, '2000', 'S15', '2.0L I4 Turbo', 'Manual', 1, '2025-09-29 09:03:41'),
(1034, 52, '2001', 'S15', '2.0L I4 Turbo', 'Manual', 1, '2025-09-29 09:03:41'),
(1035, 52, '2002', 'S15', '2.0L I4 Turbo', 'Manual', 1, '2025-09-29 09:03:41'),
(1036, 53, '1989', 'R32', '2.0L I6 Turbo', 'Manual', 1, '2025-09-29 09:03:41'),
(1037, 53, '1990', 'R32', '2.6L I6 Twin Turbo', 'Manual', 1, '2025-09-29 09:03:41'),
(1038, 53, '1991', 'R32', '2.6L I6 Twin Turbo', 'Manual', 1, '2025-09-29 09:03:41'),
(1039, 53, '1992', 'R32', '2.6L I6 Twin Turbo', 'Manual', 1, '2025-09-29 09:03:41'),
(1040, 53, '1993', 'R32', '2.6L I6 Twin Turbo', 'Manual', 1, '2025-09-29 09:03:41'),
(1041, 53, '1994', 'R32', '2.6L I6 Twin Turbo', 'Manual', 1, '2025-09-29 09:03:41'),
(1042, 53, '1995', 'R33', '2.0L I6 Turbo', 'Manual', 1, '2025-09-29 09:03:41'),
(1043, 53, '1996', 'R33', '2.6L I6 Twin Turbo', 'Manual', 1, '2025-09-29 09:03:41'),
(1044, 53, '1997', 'R33', '2.6L I6 Twin Turbo', 'Manual', 1, '2025-09-29 09:03:41'),
(1045, 53, '1998', 'R33', '2.6L I6 Twin Turbo', 'Manual', 1, '2025-09-29 09:03:41'),
(1046, 53, '1999', 'R34', '2.5L I6 Turbo', 'Manual', 1, '2025-09-29 09:03:41'),
(1047, 53, '2000', 'R34', '2.6L I6 Twin Turbo', 'Manual', 1, '2025-09-29 09:03:41'),
(1048, 53, '2001', 'R34', '2.6L I6 Twin Turbo', 'Manual', 1, '2025-09-29 09:03:41'),
(1049, 53, '2002', 'R34', '2.6L I6 Twin Turbo', 'Manual', 1, '2025-09-29 09:03:41'),
(1050, 53, '2003', 'V35', '2.5L V6', 'Manual/Auto', 1, '2025-09-29 09:03:41'),
(1051, 53, '2004', 'V35', '3.0L V6', 'Manual/Auto', 1, '2025-09-29 09:03:41'),
(1052, 53, '2005', 'V35', '3.5L V6', 'Manual/Auto', 1, '2025-09-29 09:03:41'),
(1053, 53, '2006', 'V35', '3.5L V6', 'Manual/Auto', 1, '2025-09-29 09:03:41'),
(1054, 53, '2007', 'V36', '2.5L V6', 'Manual/Auto', 1, '2025-09-29 09:03:41'),
(1055, 53, '2008', 'V36', '3.5L V6', 'Manual/Auto', 1, '2025-09-29 09:03:41'),
(1056, 53, '2009', 'V36', '3.7L V6', 'Manual/Auto', 1, '2025-09-29 09:03:41'),
(1057, 53, '2010', 'V36', '3.7L V6', 'Manual/Auto', 1, '2025-09-29 09:03:41'),
(1058, 53, '2011', 'V36', '3.7L V6', 'Manual/Auto', 1, '2025-09-29 09:03:41'),
(1059, 53, '2012', 'V36', '3.7L V6', 'Manual/Auto', 1, '2025-09-29 09:03:41'),
(1060, 53, '2013', 'V36', '3.7L V6', 'Manual/Auto', 1, '2025-09-29 09:03:41'),
(1061, 53, '2014', 'V37', '2.0L I4 Turbo', 'Auto', 1, '2025-09-29 09:03:41'),
(1062, 53, '2015', 'V37', '3.0L V6 Twin Turbo', 'Auto', 1, '2025-09-29 09:03:41'),
(1063, 53, '2016', 'V37', '3.0L V6 Twin Turbo', 'Auto', 1, '2025-09-29 09:03:41'),
(1064, 53, '2017', 'V37', '3.0L V6 Twin Turbo', 'Auto', 1, '2025-09-29 09:03:41'),
(1065, 53, '2018', 'V37', '3.0L V6 Twin Turbo', 'Auto', 1, '2025-09-29 09:03:41'),
(1066, 54, '1996', 'WC34', '2.5L I6', 'Manual/Auto', 1, '2025-09-29 09:03:41'),
(1067, 54, '1997', 'WC34', '2.5L I6 Turbo', 'Manual/Auto', 1, '2025-09-29 09:03:41'),
(1068, 54, '1998', 'WC34', '2.6L I6 Twin Turbo', 'Manual/Auto', 1, '2025-09-29 09:03:41'),
(1069, 54, '1999', 'WC34', '2.6L I6 Twin Turbo', 'Manual/Auto', 1, '2025-09-29 09:03:41'),
(1070, 54, '2000', 'WC34', '2.6L I6 Twin Turbo', 'Manual/Auto', 1, '2025-09-29 09:03:41'),
(1071, 54, '2001', 'M35', '2.5L I6', 'Auto', 1, '2025-09-29 09:03:41'),
(1072, 54, '2002', 'M35', '2.5L V6', 'Auto', 1, '2025-09-29 09:03:41'),
(1073, 54, '2003', 'M35', '2.5L V6', 'Auto', 1, '2025-09-29 09:03:41'),
(1074, 54, '2004', 'M35', '3.5L V6', 'Auto', 1, '2025-09-29 09:03:41'),
(1075, 54, '2005', 'M35', '3.5L V6', 'Auto', 1, '2025-09-29 09:03:41'),
(1076, 54, '2006', 'M35', '3.5L V6', 'Auto', 1, '2025-09-29 09:03:41'),
(1077, 54, '2007', 'M35', '3.5L V6', 'Auto', 1, '2025-09-29 09:03:41'),
(1078, 55, '1981', 'B11', '1.3L I4', 'Manual', 1, '2025-09-29 09:03:41'),
(1079, 55, '1982', 'B11', '1.5L I4', 'Manual', 1, '2025-09-29 09:03:41'),
(1080, 55, '1983', 'B11', '1.5L I4', 'Manual/Auto', 1, '2025-09-29 09:03:41'),
(1081, 55, '1984', 'B11', '1.5L I4', 'Manual/Auto', 1, '2025-09-29 09:03:41'),
(1082, 55, '1985', 'B11', '1.5L I4', 'Manual/Auto', 1, '2025-09-29 09:03:41'),
(1083, 55, '1986', 'B12', '1.5L I4', 'Manual/Auto', 1, '2025-09-29 09:03:41'),
(1084, 55, '1987', 'B12', '1.6L I4', 'Manual/Auto', 1, '2025-09-29 09:03:41'),
(1085, 55, '1988', 'B12', '1.6L I4', 'Manual/Auto', 1, '2025-09-29 09:03:41'),
(1086, 55, '1989', 'B12', '1.6L I4', 'Manual/Auto', 1, '2025-09-29 09:03:41'),
(1087, 55, '1990', 'B13', '1.4L I4', 'Manual/Auto', 1, '2025-09-29 09:03:41'),
(1088, 55, '1991', 'B13', '1.6L I4', 'Manual/Auto', 1, '2025-09-29 09:03:41'),
(1089, 55, '1992', 'B13', '1.6L I4', 'Manual/Auto', 1, '2025-09-29 09:03:41'),
(1090, 55, '1993', 'B13', '1.6L I4', 'Manual/Auto', 1, '2025-09-29 09:03:41'),
(1091, 55, '1994', 'B14', '1.3L I4', 'Manual/Auto', 1, '2025-09-29 09:03:41'),
(1092, 55, '1995', 'B14', '1.6L I4', 'Manual/Auto', 1, '2025-09-29 09:03:41'),
(1093, 55, '1996', 'B14', '1.6L I4', 'Manual/Auto', 1, '2025-09-29 09:03:41'),
(1094, 55, '1997', 'B14', '1.6L I4', 'Manual/Auto', 1, '2025-09-29 09:03:41'),
(1095, 55, '1998', 'B15', '1.5L I4', 'Manual/Auto', 1, '2025-09-29 09:03:41'),
(1096, 55, '1999', 'B15', '1.5L I4', 'Manual/Auto', 1, '2025-09-29 09:03:41'),
(1097, 55, '2000', 'B15', '1.5L I4', 'Manual/Auto', 1, '2025-09-29 09:03:41'),
(1098, 55, '2001', 'B15', '1.5L I4', 'Manual/Auto', 1, '2025-09-29 09:03:41'),
(1099, 55, '2002', 'B15', '1.5L I4', 'Manual/Auto', 1, '2025-09-29 09:03:41'),
(1100, 55, '2003', 'B15', '1.5L I4', 'Manual/Auto', 1, '2025-09-29 09:03:41'),
(1101, 55, '2004', 'B15', '1.5L I4', 'Manual/Auto', 1, '2025-09-29 09:03:41'),
(1102, 55, '2005', 'B15', '1.5L I4', 'Manual/Auto', 1, '2025-09-29 09:03:41'),
(1103, 55, '2006', 'B15', '1.5L I4', 'Manual/Auto', 1, '2025-09-29 09:03:41'),
(1104, 55, '2011', 'N17', '1.5L I4', 'Manual/Auto', 1, '2025-09-29 09:03:41'),
(1105, 55, '2012', 'N17', '1.5L I4', 'Manual/Auto', 1, '2025-09-29 09:03:41'),
(1106, 55, '2013', 'N17', '1.5L I4', 'Manual/Auto', 1, '2025-09-29 09:03:41'),
(1107, 55, '2014', 'N17', '1.5L I4', 'Manual/Auto', 1, '2025-09-29 09:03:41'),
(1108, 55, '2015', 'N17', '1.5L I4', 'Manual/Auto', 1, '2025-09-29 09:03:41'),
(1109, 55, '2016', 'N17', '1.5L I4', 'Manual/Auto', 1, '2025-09-29 09:03:41'),
(1110, 55, '2017', 'N17', '1.5L I4', 'Manual/Auto', 1, '2025-09-29 09:03:41'),
(1111, 55, '2018', 'N17', '1.5L I4', 'Manual/Auto', 1, '2025-09-29 09:03:41'),
(1112, 55, '2019', 'N17', '1.5L I4', 'Manual/Auto', 1, '2025-09-29 09:03:41'),
(1113, 55, '2020', 'N17', '1.5L I4', 'Manual/Auto', 1, '2025-09-29 09:03:41'),
(1114, 56, '1986', 'WD21', '2.4L I4', 'Manual', 1, '2025-09-29 09:03:41'),
(1115, 56, '1987', 'WD21', '2.4L I4', 'Manual/Auto', 1, '2025-09-29 09:03:41'),
(1116, 56, '1988', 'WD21', '3.0L V6', 'Manual/Auto', 1, '2025-09-29 09:03:41'),
(1117, 56, '1989', 'WD21', '3.0L V6', 'Manual/Auto', 1, '2025-09-29 09:03:41'),
(1118, 56, '1990', 'WD21', '3.0L V6', 'Manual/Auto', 1, '2025-09-29 09:03:41'),
(1119, 56, '1991', 'WD21', '3.0L V6', 'Manual/Auto', 1, '2025-09-29 09:03:41'),
(1120, 56, '1992', 'WD21', '3.0L V6', 'Manual/Auto', 1, '2025-09-29 09:03:41'),
(1121, 56, '1993', 'WD21', '3.0L V6', 'Manual/Auto', 1, '2025-09-29 09:03:41'),
(1122, 56, '1994', 'WD21', '3.0L V6', 'Manual/Auto', 1, '2025-09-29 09:03:41'),
(1123, 56, '1995', 'WD21', '2.7L Diesel', 'Manual/Auto', 1, '2025-09-29 09:03:41'),
(1124, 56, '1996', 'R50', '2.7L Diesel', 'Manual/Auto', 1, '2025-09-29 09:03:41'),
(1125, 56, '1997', 'R50', '2.7L Diesel', 'Manual/Auto', 1, '2025-09-29 09:03:41'),
(1126, 56, '1998', 'R50', '2.7L Diesel', 'Manual/Auto', 1, '2025-09-29 09:03:41'),
(1127, 56, '1999', 'R50', '2.7L Diesel', 'Manual/Auto', 1, '2025-09-29 09:03:41'),
(1128, 56, '2000', 'R50', '3.0L Diesel', 'Manual/Auto', 1, '2025-09-29 09:03:41'),
(1129, 56, '2001', 'R50', '3.0L Diesel', 'Manual/Auto', 1, '2025-09-29 09:03:41'),
(1130, 56, '2002', 'R50', '3.0L Diesel', 'Manual/Auto', 1, '2025-09-29 09:03:41'),
(1131, 56, '2003', 'R50', '3.0L Diesel', 'Manual/Auto', 1, '2025-09-29 09:03:41'),
(1132, 56, '2004', 'R50', '3.0L Diesel', 'Manual/Auto', 1, '2025-09-29 09:03:41'),
(1133, 56, '2013', 'D23', '1.6L Diesel', 'Manual/Auto', 1, '2025-09-29 09:03:41'),
(1134, 56, '2014', 'D23', '1.6L Diesel', 'Manual/Auto', 1, '2025-09-29 09:03:41'),
(1135, 56, '2015', 'D23', '1.6L Diesel', 'Manual/Auto', 1, '2025-09-29 09:03:41'),
(1136, 56, '2016', 'D23', '1.6L Diesel', 'Manual/Auto', 1, '2025-09-29 09:03:41'),
(1137, 57, '2004', 'C11', '1.5L I4', 'Manual/Auto', 1, '2025-09-29 09:03:41'),
(1138, 57, '2005', 'C11', '1.5L I4', 'Manual/Auto', 1, '2025-09-29 09:03:41'),
(1139, 57, '2006', 'C11', '1.5L I4', 'Manual/Auto', 1, '2025-09-29 09:03:41'),
(1140, 57, '2007', 'C11', '1.8L I4', 'Manual/Auto', 1, '2025-09-29 09:03:41'),
(1141, 57, '2008', 'C11', '1.8L I4', 'Manual/Auto', 1, '2025-09-29 09:03:41'),
(1142, 57, '2009', 'C11', '1.8L I4', 'Manual/Auto', 1, '2025-09-29 09:03:41'),
(1143, 57, '2010', 'C11', '1.8L I4', 'Manual/Auto', 1, '2025-09-29 09:03:41'),
(1144, 57, '2011', 'C11', '1.8L I4', 'Manual/Auto', 1, '2025-09-29 09:03:41'),
(1145, 57, '2012', 'C12', '1.6L I4', 'Manual/CVT', 1, '2025-09-29 09:03:41'),
(1146, 57, '2013', 'C12', '1.6L I4', 'Manual/CVT', 1, '2025-09-29 09:03:41'),
(1147, 57, '2014', 'C12', '1.6L I4', 'Manual/CVT', 1, '2025-09-29 09:03:41'),
(1148, 57, '2015', 'C12', '1.6L I4', 'Manual/CVT', 1, '2025-09-29 09:03:41'),
(1149, 57, '2016', 'C12', '1.6L I4', 'Manual/CVT', 1, '2025-09-29 09:03:41'),
(1150, 57, '2017', 'C12', '1.6L I4', 'Manual/CVT', 1, '2025-09-29 09:03:41'),
(1151, 57, '2018', 'C12', '1.6L I4', 'Manual/CVT', 1, '2025-09-29 09:03:41'),
(1152, 57, '2019', 'C13', '1.6L I4', 'Manual/CVT', 1, '2025-09-29 09:03:41'),
(1153, 58, '2004', 'A60', '5.6L V8', 'Auto', 1, '2025-09-29 09:03:41'),
(1154, 58, '2005', 'A60', '5.6L V8', 'Auto', 1, '2025-09-29 09:03:41'),
(1155, 58, '2006', 'A60', '5.6L V8', 'Auto', 1, '2025-09-29 09:03:41'),
(1156, 58, '2007', 'A60', '5.6L V8', 'Auto', 1, '2025-09-29 09:03:41'),
(1157, 58, '2008', 'A60', '5.6L V8', 'Auto', 1, '2025-09-29 09:03:41'),
(1158, 58, '2009', 'A60', '5.6L V8', 'Auto', 1, '2025-09-29 09:03:41'),
(1159, 58, '2010', 'A60', '5.6L V8', 'Auto', 1, '2025-09-29 09:03:41'),
(1160, 58, '2011', 'A60', '5.6L V8', 'Auto', 1, '2025-09-29 09:03:41'),
(1161, 58, '2012', 'A60', '5.6L V8', 'Auto', 1, '2025-09-29 09:03:41'),
(1162, 58, '2013', 'A60', '5.6L V8', 'Auto', 1, '2025-09-29 09:03:41'),
(1163, 58, '2014', 'A60', '5.6L V8', 'Auto', 1, '2025-09-29 09:03:41'),
(1164, 58, '2015', 'A60', '5.6L V8', 'Auto', 1, '2025-09-29 09:03:41'),
(1165, 58, '2016', 'H61', '5.6L V8', 'Auto', 1, '2025-09-29 09:03:41'),
(1166, 58, '2017', 'H61', '5.6L V8', 'Auto', 1, '2025-09-29 09:03:41'),
(1167, 58, '2018', 'H61', '5.6L V8', 'Auto', 1, '2025-09-29 09:03:41'),
(1168, 58, '2019', 'H61', '5.6L V8', 'Auto', 1, '2025-09-29 09:03:41'),
(1169, 58, '2020', 'H61', '5.6L V8', 'Auto', 1, '2025-09-29 09:03:41'),
(1170, 58, '2021', 'H61', '5.6L V8', 'Auto', 1, '2025-09-29 09:03:41'),
(1171, 58, '2022', 'H61', '5.6L V8', 'Auto', 1, '2025-09-29 09:03:41'),
(1172, 58, '2023', 'H61', '5.6L V8', 'Auto', 1, '2025-09-29 09:03:41'),
(1173, 58, '2024', 'H61', '5.6L V8', 'Auto', 1, '2025-09-29 09:03:41'),
(1174, 59, '1986', 'E24', '2.0L I4', 'Manual', 1, '2025-09-29 09:03:41'),
(1175, 59, '1987', 'E24', '2.0L I4', 'Manual/Auto', 1, '2025-09-29 09:03:41'),
(1176, 59, '1988', 'E24', '2.4L I4', 'Manual/Auto', 1, '2025-09-29 09:03:41'),
(1177, 59, '1989', 'E24', '2.4L I4', 'Manual/Auto', 1, '2025-09-29 09:03:41'),
(1178, 59, '1990', 'E24', '2.4L I4', 'Manual/Auto', 1, '2025-09-29 09:03:41'),
(1179, 59, '1991', 'E24', '2.7L Diesel', 'Manual', 1, '2025-09-29 09:03:41'),
(1180, 59, '1992', 'E24', '2.7L Diesel', 'Manual', 1, '2025-09-29 09:03:41'),
(1181, 59, '1993', 'E24', '2.7L Diesel', 'Manual', 1, '2025-09-29 09:03:41'),
(1182, 59, '1994', 'E24', '2.7L Diesel', 'Manual', 1, '2025-09-29 09:03:41'),
(1183, 59, '1995', 'E24', '2.7L Diesel', 'Manual', 1, '2025-09-29 09:03:41'),
(1184, 59, '1996', 'E24', '2.7L Diesel', 'Manual', 1, '2025-09-29 09:03:41'),
(1185, 59, '1997', 'E24', '2.7L Diesel', 'Manual', 1, '2025-09-29 09:03:41'),
(1186, 59, '1998', 'E24', '2.7L Diesel', 'Manual', 1, '2025-09-29 09:03:41'),
(1187, 59, '1999', 'E24', '2.7L Diesel', 'Manual', 1, '2025-09-29 09:03:41'),
(1188, 59, '2000', 'E24', '2.7L Diesel', 'Manual', 1, '2025-09-29 09:03:41'),
(1189, 59, '2001', 'E25', '3.0L Diesel', 'Manual/Auto', 1, '2025-09-29 09:03:41'),
(1190, 59, '2002', 'E25', '3.0L Diesel', 'Manual/Auto', 1, '2025-09-29 09:03:41'),
(1191, 59, '2003', 'E25', '3.0L Diesel', 'Manual/Auto', 1, '2025-09-29 09:03:41'),
(1192, 59, '2004', 'E25', '3.0L Diesel', 'Manual/Auto', 1, '2025-09-29 09:03:41'),
(1193, 59, '2005', 'E25', '3.0L Diesel', 'Manual/Auto', 1, '2025-09-29 09:03:41'),
(1194, 59, '2006', 'E25', '3.0L Diesel', 'Manual/Auto', 1, '2025-09-29 09:03:41'),
(1195, 59, '2007', 'E25', '3.0L Diesel', 'Manual/Auto', 1, '2025-09-29 09:03:41'),
(1196, 59, '2008', 'E25', '3.0L Diesel', 'Manual/Auto', 1, '2025-09-29 09:03:41'),
(1197, 59, '2009', 'E25', '3.0L Diesel', 'Manual/Auto', 1, '2025-09-29 09:03:41'),
(1198, 59, '2010', 'E25', '3.0L Diesel', 'Manual/Auto', 1, '2025-09-29 09:03:41'),
(1199, 59, '2011', 'E25', '3.0L Diesel', 'Manual/Auto', 1, '2025-09-29 09:03:41'),
(1200, 59, '2012', 'E26', '2.5L Diesel', 'Manual/Auto', 1, '2025-09-29 09:03:41'),
(1201, 59, '2013', 'E26', '2.5L Diesel', 'Manual/Auto', 1, '2025-09-29 09:03:41'),
(1202, 59, '2014', 'E26', '2.5L Diesel', 'Manual/Auto', 1, '2025-09-29 09:03:41'),
(1203, 59, '2015', 'E26', '2.5L Diesel', 'Manual/Auto', 1, '2025-09-29 09:03:41'),
(1204, 59, '2016', 'E26', '2.5L Diesel', 'Manual/Auto', 1, '2025-09-29 09:03:41'),
(1205, 59, '2017', 'E26', '2.5L Diesel', 'Manual/Auto', 1, '2025-09-29 09:03:41'),
(1206, 59, '2018', 'E26', '2.5L Diesel', 'Manual/Auto', 1, '2025-09-29 09:03:41'),
(1207, 59, '2019', 'E26', '2.5L Diesel', 'Manual/Auto', 1, '2025-09-29 09:03:41'),
(1208, 60, '1978', 'C120', '1.2L I4', 'Manual', 1, '2025-09-29 09:03:41'),
(1209, 60, '1979', 'C120', '1.4L I4', 'Manual', 1, '2025-09-29 09:03:41'),
(1210, 60, '1980', 'C120', '1.4L I4', 'Manual', 1, '2025-09-29 09:03:41'),
(1211, 60, '1981', 'C120', '1.5L I4', 'Manual', 1, '2025-09-29 09:03:41'),
(1212, 60, '1982', 'C120', '1.5L I4', 'Manual', 1, '2025-09-29 09:03:41'),
(1213, 60, '1983', 'C120', '1.5L I4', 'Manual', 1, '2025-09-29 09:03:41'),
(1214, 60, '1984', 'C120', '1.5L I4', 'Manual/Auto', 1, '2025-09-29 09:03:41'),
(1215, 60, '1985', 'C22', '1.5L I4', 'Manual/Auto', 1, '2025-09-29 09:03:41'),
(1216, 60, '1986', 'C22', '1.6L I4', 'Manual/Auto', 1, '2025-09-29 09:03:41'),
(1217, 60, '1987', 'C22', '1.6L I4', 'Manual/Auto', 1, '2025-09-29 09:03:41'),
(1218, 60, '1988', 'C22', '2.0L I4', 'Manual/Auto', 1, '2025-09-29 09:03:41'),
(1219, 60, '1989', 'C22', '2.0L I4', 'Manual/Auto', 1, '2025-09-29 09:03:41'),
(1220, 60, '1990', 'C22', '2.0L I4', 'Manual/Auto', 1, '2025-09-29 09:03:41'),
(1221, 60, '1991', 'C22', '2.0L I4', 'Manual/Auto', 1, '2025-09-29 09:03:41'),
(1222, 60, '1992', 'C22', '2.0L I4', 'Manual/Auto', 1, '2025-09-29 09:03:41'),
(1223, 60, '1993', 'C22', '2.0L I4', 'Manual/Auto', 1, '2025-09-29 09:03:41'),
(1224, 60, '1994', 'C23', '1.6L I4', 'Manual/Auto', 1, '2025-09-29 09:03:41'),
(1225, 60, '1995', 'C23', '1.6L I4', 'Manual/Auto', 1, '2025-09-29 09:03:41'),
(1226, 60, '1996', 'C23', '1.6L I4', 'Manual/Auto', 1, '2025-09-29 09:03:41'),
(1227, 60, '1997', 'C23', '1.6L I4', 'Manual/Auto', 1, '2025-09-29 09:03:41'),
(1228, 60, '1998', 'C23', '1.6L I4', 'Manual/Auto', 1, '2025-09-29 09:03:41'),
(1229, 60, '1999', 'C23', '1.6L I4', 'Manual/Auto', 1, '2025-09-29 09:03:41'),
(1230, 60, '2000', 'C23', '1.6L I4', 'Manual/Auto', 1, '2025-09-29 09:03:41'),
(1231, 60, '2001', 'C23', '1.6L I4', 'Manual/Auto', 1, '2025-09-29 09:03:41'),
(1232, 61, '2006', 'N17', '1.6L I4', 'Manual/CVT', 1, '2025-09-29 09:03:41'),
(1233, 61, '2007', 'N17', '1.8L I4', 'Manual/CVT', 1, '2025-09-29 09:03:41'),
(1234, 61, '2008', 'N17', '1.8L I4', 'Manual/CVT', 1, '2025-09-29 09:03:41'),
(1235, 61, '2009', 'N17', '1.8L I4', 'Manual/CVT', 1, '2025-09-29 09:03:41'),
(1236, 61, '2010', 'N17', '1.8L I4', 'Manual/CVT', 1, '2025-09-29 09:03:41'),
(1237, 61, '2011', 'N17', '1.8L I4', 'Manual/CVT', 1, '2025-09-29 09:03:41'),
(1238, 61, '2012', 'N17', '1.6L I4', 'Manual/CVT', 1, '2025-09-29 09:03:41'),
(1239, 61, '2013', 'N17', '1.6L I4', 'Manual/CVT', 1, '2025-09-29 09:03:41'),
(1240, 61, '2014', 'N17', '1.6L I4', 'Manual/CVT', 1, '2025-09-29 09:03:41'),
(1241, 61, '2015', 'N17', '1.6L I4', 'Manual/CVT', 1, '2025-09-29 09:03:41'),
(1242, 61, '2016', 'N17', '1.6L I4', 'Manual/CVT', 1, '2025-09-29 09:03:41'),
(1243, 61, '2017', 'N17', '1.6L I4', 'Manual/CVT', 1, '2025-09-29 09:03:41'),
(1244, 61, '2018', 'N17', '1.6L I4', 'Manual/CVT', 1, '2025-09-29 09:03:41'),
(1245, 61, '2019', 'N17', '1.6L I4', 'Manual/CVT', 1, '2025-09-29 09:03:41'),
(1246, 61, '2020', 'N18', '1.6L I4', 'Manual/CVT', 1, '2025-09-29 09:03:41'),
(1247, 61, '2021', 'N18', '1.6L I4', 'Manual/CVT', 1, '2025-09-29 09:03:41'),
(1248, 61, '2022', 'N18', '1.6L I4', 'Manual/CVT', 1, '2025-09-29 09:03:41'),
(1249, 61, '2023', 'N18', '1.6L I4', 'Manual/CVT', 1, '2025-09-29 09:03:41'),
(1250, 62, '1996', 'Y10', '1.5L I4', 'Manual/Auto', 1, '2025-09-29 09:03:41'),
(1251, 62, '1997', 'Y10', '1.5L I4', 'Manual/Auto', 1, '2025-09-29 09:03:41'),
(1252, 62, '1998', 'Y10', '1.5L I4', 'Manual/Auto', 1, '2025-09-29 09:03:41'),
(1253, 62, '1999', 'Y10', '1.5L I4', 'Manual/Auto', 1, '2025-09-29 09:03:41'),
(1254, 62, '2000', 'Y11', '1.5L I4', 'Manual/Auto', 1, '2025-09-29 09:03:41'),
(1255, 62, '2001', 'Y11', '1.5L I4', 'Manual/Auto', 1, '2025-09-29 09:03:41'),
(1256, 62, '2002', 'Y11', '1.5L I4', 'Manual/Auto', 1, '2025-09-29 09:03:41'),
(1257, 62, '2003', 'Y11', '1.5L I4', 'Manual/Auto', 1, '2025-09-29 09:03:41'),
(1258, 62, '2004', 'Y11', '1.5L I4', 'Manual/Auto', 1, '2025-09-29 09:03:41'),
(1259, 62, '2005', 'Y12', '1.5L I4', 'CVT', 1, '2025-09-29 09:03:41'),
(1260, 62, '2006', 'Y12', '1.5L I4', 'CVT', 1, '2025-09-29 09:03:41'),
(1261, 62, '2007', 'Y12', '1.5L I4', 'CVT', 1, '2025-09-29 09:03:41'),
(1262, 62, '2008', 'Y12', '1.5L I4', 'CVT', 1, '2025-09-29 09:03:41'),
(1263, 62, '2009', 'Y12', '1.5L I4', 'CVT', 1, '2025-09-29 09:03:41'),
(1264, 62, '2010', 'Y12', '1.5L I4', 'CVT', 1, '2025-09-29 09:03:41'),
(1265, 62, '2011', 'Y12', '1.5L I4', 'CVT', 1, '2025-09-29 09:03:41'),
(1266, 62, '2012', 'Y12', '1.5L I4', 'CVT', 1, '2025-09-29 09:03:41'),
(1267, 62, '2013', 'Y12', '1.5L I4', 'CVT', 1, '2025-09-29 09:03:41'),
(1268, 62, '2014', 'Y12', '1.5L I4', 'CVT', 1, '2025-09-29 09:03:41'),
(1269, 62, '2015', 'Y12', '1.5L I4', 'CVT', 1, '2025-09-29 09:03:41'),
(1270, 62, '2016', 'Y12', '1.5L I4', 'CVT', 1, '2025-09-29 09:03:41'),
(1271, 62, '2017', 'Y12', '1.5L I4', 'CVT', 1, '2025-09-29 09:03:41'),
(1272, 62, '2018', 'Y12', '1.5L I4', 'CVT', 1, '2025-09-29 09:03:41'),
(1273, 63, '2000', 'T30', '2.0L I4', 'Manual/Auto', 1, '2025-09-29 09:03:41'),
(1274, 63, '2001', 'T30', '2.0L I4', 'Manual/Auto', 1, '2025-09-29 09:03:41'),
(1275, 63, '2002', 'T30', '2.5L I4', 'Manual/Auto', 1, '2025-09-29 09:03:41'),
(1276, 63, '2003', 'T30', '2.5L I4', 'Manual/Auto', 1, '2025-09-29 09:03:41'),
(1277, 63, '2004', 'T30', '2.5L I4', 'Manual/Auto', 1, '2025-09-29 09:03:41'),
(1278, 63, '2005', 'T30', '2.5L I4', 'Manual/Auto', 1, '2025-09-29 09:03:41'),
(1279, 63, '2006', 'T30', '2.5L I4', 'Manual/Auto', 1, '2025-09-29 09:03:41'),
(1280, 63, '2007', 'T31', '2.0L I4', 'Manual/CVT', 1, '2025-09-29 09:03:41'),
(1281, 63, '2008', 'T31', '2.5L I4', 'Manual/CVT', 1, '2025-09-29 09:03:41'),
(1282, 63, '2009', 'T31', '2.5L I4', 'Manual/CVT', 1, '2025-09-29 09:03:41'),
(1283, 63, '2010', 'T31', '2.5L I4', 'Manual/CVT', 1, '2025-09-29 09:03:41'),
(1284, 63, '2011', 'T31', '2.5L I4', 'Manual/CVT', 1, '2025-09-29 09:03:41'),
(1285, 63, '2012', 'T31', '2.5L I4', 'Manual/CVT', 1, '2025-09-29 09:03:41'),
(1286, 63, '2013', 'T31', '2.5L I4', 'Manual/CVT', 1, '2025-09-29 09:03:41'),
(1287, 63, '2014', 'T32', '2.0L I4', 'CVT', 1, '2025-09-29 09:03:41'),
(1288, 63, '2015', 'T32', '2.5L I4', 'CVT', 1, '2025-09-29 09:03:41'),
(1289, 63, '2016', 'T32', '2.5L I4', 'CVT', 1, '2025-09-29 09:03:41'),
(1290, 63, '2017', 'T32', '2.5L I4', 'CVT', 1, '2025-09-29 09:03:41'),
(1291, 63, '2018', 'T32', '2.5L I4', 'CVT', 1, '2025-09-29 09:03:41'),
(1292, 63, '2019', 'T32', '2.5L I4', 'CVT', 1, '2025-09-29 09:03:41'),
(1293, 63, '2020', 'T32', '2.5L I4', 'CVT', 1, '2025-09-29 09:03:41'),
(1294, 63, '2021', 'T33', '1.5L I3 Turbo', 'CVT', 1, '2025-09-29 09:03:41'),
(1295, 63, '2022', 'T33', '1.5L I3 Turbo', 'CVT', 1, '2025-09-29 09:03:41'),
(1296, 63, '2023', 'T33', '1.5L I3 Turbo', 'CVT', 1, '2025-09-29 09:03:41'),
(1297, 63, '2024', 'T33', '1.5L I3 Turbo', 'CVT', 1, '2025-09-29 09:03:41'),
(1298, 64, '1999', 'WD22', '2.4L I4', 'Manual/Auto', 1, '2025-09-29 09:03:41'),
(1299, 64, '2000', 'WD22', '3.3L V6', 'Manual/Auto', 1, '2025-09-29 09:03:41'),
(1300, 64, '2001', 'WD22', '3.3L V6', 'Manual/Auto', 1, '2025-09-29 09:03:41'),
(1301, 64, '2002', 'WD22', '3.3L V6', 'Manual/Auto', 1, '2025-09-29 09:03:41'),
(1302, 64, '2003', 'WD22', '3.3L V6', 'Manual/Auto', 1, '2025-09-29 09:03:41'),
(1303, 64, '2004', 'WD22', '3.3L V6', 'Manual/Auto', 1, '2025-09-29 09:03:41'),
(1304, 64, '2005', 'N50', '4.0L V6', 'Manual/Auto', 1, '2025-09-29 09:03:41'),
(1305, 64, '2006', 'N50', '4.0L V6', 'Manual/Auto', 1, '2025-09-29 09:03:41'),
(1306, 64, '2007', 'N50', '4.0L V6', 'Manual/Auto', 1, '2025-09-29 09:03:41'),
(1307, 64, '2008', 'N50', '4.0L V6', 'Manual/Auto', 1, '2025-09-29 09:03:41'),
(1308, 64, '2009', 'N50', '4.0L V6', 'Manual/Auto', 1, '2025-09-29 09:03:41'),
(1309, 64, '2010', 'N50', '4.0L V6', 'Manual/Auto', 1, '2025-09-29 09:03:41'),
(1310, 64, '2011', 'N50', '4.0L V6', 'Manual/Auto', 1, '2025-09-29 09:03:41'),
(1311, 64, '2012', 'N50', '4.0L V6', 'Manual/Auto', 1, '2025-09-29 09:03:41'),
(1312, 64, '2013', 'N50', '4.0L V6', 'Manual/Auto', 1, '2025-09-29 09:03:41'),
(1313, 64, '2014', 'N50', '4.0L V6', 'Manual/Auto', 1, '2025-09-29 09:03:41'),
(1314, 64, '2015', 'N50', '4.0L V6', 'Manual/Auto', 1, '2025-09-29 09:03:41');

-- --------------------------------------------------------

--
-- Table structure for table `parts`
--

CREATE TABLE `parts` (
  `id` int(10) UNSIGNED NOT NULL,
  `category_id` int(10) UNSIGNED NOT NULL,
  `name` varchar(255) NOT NULL,
  `description` text DEFAULT NULL,
  `type` enum('oem','aftermarket','used') NOT NULL,
  `active` tinyint(1) DEFAULT 1,
  `created_at` timestamp NULL DEFAULT current_timestamp(),
  `updated_at` timestamp NULL DEFAULT current_timestamp() ON UPDATE current_timestamp()
) ENGINE=InnoDB DEFAULT CHARSET=utf8mb4 COLLATE=utf8mb4_unicode_ci;

--
-- Dumping data for table `parts`
--

INSERT INTO `parts` (`id`, `category_id`, `name`, `description`, `type`, `active`, `created_at`, `updated_at`) VALUES
(1, 1, 'Engine Oil Filter', 'Genuine Nissan oil filter for MR20DE engine', 'oem', 1, '2025-09-29 08:29:24', '2025-09-29 08:57:06'),
(2, 1, 'Air Filter', 'OEM air filter element for intake system', 'oem', 1, '2025-09-29 08:29:24', '2025-09-29 08:29:24'),
(3, 1, 'Spark Plugs (Set of 4)', 'NGK/Denso platinum spark plugs', 'oem', 1, '2025-09-29 08:29:24', '2025-09-29 08:29:24'),
(4, 1, 'Engine Oil 5W-30 (4L)', 'Nissan genuine engine oil 5W-30', 'oem', 1, '2025-09-29 08:29:24', '2025-09-29 08:29:24'),
(5, 1, 'Timing Chain Kit', 'Complete timing chain assembly with guides', 'oem', 1, '2025-09-29 08:29:24', '2025-09-29 08:29:24'),
(6, 1, 'Water Pump', 'Engine cooling water pump assembly', 'oem', 1, '2025-09-29 08:29:24', '2025-09-29 08:29:24'),
(7, 1, 'Fuel Filter', 'In-tank fuel filter assembly', 'oem', 1, '2025-09-29 08:29:24', '2025-09-29 08:29:24'),
(8, 1, 'Engine Gasket Set', 'Complete engine gasket and seal kit', 'oem', 1, '2025-09-29 08:29:24', '2025-09-29 08:29:24'),
(9, 1, 'PCV Valve', 'Positive crankcase ventilation valve', 'oem', 1, '2025-09-29 08:29:24', '2025-09-29 08:29:24'),
(10, 1, 'Valve Cover Gasket', 'Cylinder head cover gasket', 'oem', 1, '2025-09-29 08:29:24', '2025-09-29 08:29:24'),
(11, 1, 'Oil Pan Gasket', 'Engine oil pan seal', 'oem', 1, '2025-09-29 08:29:24', '2025-09-29 08:29:24'),
(12, 1, 'Drive Belt (Serpentine)', 'Accessory drive belt', 'oem', 1, '2025-09-29 08:29:24', '2025-09-29 08:29:24'),
(13, 1, 'Tensioner Pulley', 'Belt tensioner assembly', 'oem', 1, '2025-09-29 08:29:24', '2025-09-29 08:29:24'),
(14, 1, 'Idler Pulley', 'Belt idler pulley', 'oem', 1, '2025-09-29 08:29:24', '2025-09-29 08:29:24'),
(15, 1, 'Crankshaft Position Sensor', 'Engine speed sensor', 'oem', 1, '2025-09-29 08:29:24', '2025-09-29 08:29:24'),
(16, 1, 'Camshaft Position Sensor', 'Cam angle sensor', 'oem', 1, '2025-09-29 08:29:24', '2025-09-29 08:29:24'),
(17, 1, 'Engine Mount (Front)', 'Front engine mounting', 'oem', 1, '2025-09-29 08:29:24', '2025-09-29 08:29:24'),
(18, 1, 'Engine Mount (Rear)', 'Rear engine mounting', 'oem', 1, '2025-09-29 08:29:24', '2025-09-29 08:29:24'),
(19, 1, 'Engine Mount (Right)', 'Right side engine mounting', 'oem', 1, '2025-09-29 08:29:24', '2025-09-29 08:29:24'),
(20, 1, 'Throttle Body', 'Electronic throttle control assembly', 'oem', 1, '2025-09-29 08:29:24', '2025-09-29 08:29:24'),
(21, 2, 'CVT Transmission Oil (4L)', 'Nissan NS-2 CVT fluid', 'oem', 1, '2025-09-29 08:35:29', '2025-09-29 08:35:29'),
(22, 2, 'CVT Oil Filter', 'Transmission oil filter', 'oem', 1, '2025-09-29 08:35:29', '2025-09-29 08:35:29'),
(23, 2, 'Drive Shaft (Front Left)', 'Front left axle shaft assembly', 'oem', 1, '2025-09-29 08:35:29', '2025-09-29 08:35:29'),
(24, 2, 'Drive Shaft (Front Right)', 'Front right axle shaft assembly', 'oem', 1, '2025-09-29 08:35:29', '2025-09-29 08:35:29'),
(25, 2, 'Drive Shaft Boot Kit (Outer)', 'CV joint boot outer', 'oem', 1, '2025-09-29 08:35:29', '2025-09-29 08:35:29'),
(26, 2, 'Drive Shaft Boot Kit (Inner)', 'CV joint boot inner', 'oem', 1, '2025-09-29 08:35:29', '2025-09-29 08:35:29'),
(27, 2, 'Transmission Mount', 'Transmission mounting bracket', 'oem', 1, '2025-09-29 08:35:29', '2025-09-29 08:35:29'),
(28, 2, 'Differential Oil (AWD)', 'Rear differential oil GL-5 80W-90', 'oem', 1, '2025-09-29 08:35:29', '2025-09-29 08:35:29'),
(29, 2, 'Propeller Shaft (AWD)', 'Center drive shaft assembly', 'oem', 1, '2025-09-29 08:35:29', '2025-09-29 08:35:29'),
(30, 2, 'Transfer Case Mount (AWD)', 'Transfer mounting insulator', 'oem', 1, '2025-09-29 08:35:29', '2025-09-29 08:35:29'),
(31, 3, 'Front Shock Absorber (Left)', 'Front left strut assembly', 'oem', 1, '2025-09-29 08:35:49', '2025-09-29 08:35:49'),
(32, 3, 'Front Shock Absorber (Right)', 'Front right strut assembly', 'oem', 1, '2025-09-29 08:35:49', '2025-09-29 08:35:49'),
(33, 3, 'Rear Shock Absorber (Left)', 'Rear left shock absorber', 'oem', 1, '2025-09-29 08:35:49', '2025-09-29 08:35:49'),
(34, 3, 'Rear Shock Absorber (Right)', 'Rear right shock absorber', 'oem', 1, '2025-09-29 08:35:49', '2025-09-29 08:35:49'),
(35, 3, 'Front Coil Spring (Left)', 'Front suspension spring left', 'oem', 1, '2025-09-29 08:35:49', '2025-09-29 08:35:49'),
(36, 3, 'Front Coil Spring (Right)', 'Front suspension spring right', 'oem', 1, '2025-09-29 08:35:49', '2025-09-29 08:35:49'),
(37, 3, 'Rear Coil Spring (Left)', 'Rear suspension spring left', 'oem', 1, '2025-09-29 08:35:49', '2025-09-29 08:35:49'),
(38, 3, 'Rear Coil Spring (Right)', 'Rear suspension spring right', 'oem', 1, '2025-09-29 08:35:49', '2025-09-29 08:35:49'),
(39, 3, 'Front Lower Control Arm (Left)', 'Front left lower suspension arm', 'oem', 1, '2025-09-29 08:35:49', '2025-09-29 08:35:49'),
(40, 3, 'Front Lower Control Arm (Right)', 'Front right lower suspension arm', 'oem', 1, '2025-09-29 08:35:49', '2025-09-29 08:35:49'),
(41, 3, 'Front Upper Control Arm (Left)', 'Front left upper suspension arm', 'oem', 1, '2025-09-29 08:35:49', '2025-09-29 08:35:49'),
(42, 3, 'Front Upper Control Arm (Right)', 'Front right upper suspension arm', 'oem', 1, '2025-09-29 08:35:49', '2025-09-29 08:35:49'),
(43, 3, 'Front Stabilizer Bar', 'Anti-roll bar front', 'oem', 1, '2025-09-29 08:35:49', '2025-09-29 08:35:49'),
(44, 3, 'Rear Stabilizer Bar', 'Anti-roll bar rear', 'oem', 1, '2025-09-29 08:35:49', '2025-09-29 08:35:49'),
(45, 3, 'Stabilizer Link (Front Left)', 'Front left stabilizer rod', 'oem', 1, '2025-09-29 08:35:49', '2025-09-29 08:35:49'),
(46, 3, 'Stabilizer Link (Front Right)', 'Front right stabilizer rod', 'oem', 1, '2025-09-29 08:35:49', '2025-09-29 08:35:49'),
(47, 3, 'Stabilizer Link (Rear Left)', 'Rear left stabilizer rod', 'oem', 1, '2025-09-29 08:35:49', '2025-09-29 08:35:49'),
(48, 3, 'Stabilizer Link (Rear Right)', 'Rear right stabilizer rod', 'oem', 1, '2025-09-29 08:35:49', '2025-09-29 08:35:49'),
(49, 3, 'Ball Joint (Lower Left)', 'Front lower ball joint left', 'oem', 1, '2025-09-29 08:35:49', '2025-09-29 08:35:49'),
(50, 3, 'Ball Joint (Lower Right)', 'Front lower ball joint right', 'oem', 1, '2025-09-29 08:35:49', '2025-09-29 08:35:49'),
(51, 16, 'Front Brake Pads', 'Front disc brake pad set', 'oem', 1, '2025-09-29 08:36:04', '2025-09-29 08:36:04'),
(52, 16, 'Rear Brake Pads', 'Rear disc brake pad set', 'oem', 1, '2025-09-29 08:36:04', '2025-09-29 08:36:04'),
(53, 16, 'Front Brake Disc (Left)', 'Front brake rotor left', 'oem', 1, '2025-09-29 08:36:04', '2025-09-29 08:36:04'),
(54, 16, 'Front Brake Disc (Right)', 'Front brake rotor right', 'oem', 1, '2025-09-29 08:36:04', '2025-09-29 08:36:04'),
(55, 16, 'Rear Brake Disc (Left)', 'Rear brake rotor left', 'oem', 1, '2025-09-29 08:36:04', '2025-09-29 08:36:04'),
(56, 16, 'Rear Brake Disc (Right)', 'Rear brake rotor right', 'oem', 1, '2025-09-29 08:36:04', '2025-09-29 08:36:04'),
(57, 16, 'Front Brake Caliper (Left)', 'Front left brake caliper assembly', 'oem', 1, '2025-09-29 08:36:04', '2025-09-29 08:36:04'),
(58, 16, 'Front Brake Caliper (Right)', 'Front right brake caliper assembly', 'oem', 1, '2025-09-29 08:36:04', '2025-09-29 08:36:04'),
(59, 16, 'Rear Brake Caliper (Left)', 'Rear left brake caliper assembly', 'oem', 1, '2025-09-29 08:36:04', '2025-09-29 08:36:04'),
(60, 16, 'Rear Brake Caliper (Right)', 'Rear right brake caliper assembly', 'oem', 1, '2025-09-29 08:36:04', '2025-09-29 08:36:04'),
(61, 16, 'Brake Master Cylinder', 'Master cylinder assembly with reservoir', 'oem', 1, '2025-09-29 08:36:04', '2025-09-29 08:36:04'),
(62, 16, 'Brake Booster', 'Vacuum brake booster unit', 'oem', 1, '2025-09-29 08:36:04', '2025-09-29 08:36:04'),
(63, 16, 'Brake Fluid DOT 4 (1L)', 'Genuine brake fluid', 'oem', 1, '2025-09-29 08:36:04', '2025-09-29 08:36:04'),
(64, 16, 'ABS Sensor (Front Left)', 'Wheel speed sensor front left', 'oem', 1, '2025-09-29 08:36:04', '2025-09-29 08:36:04'),
(65, 16, 'ABS Sensor (Front Right)', 'Wheel speed sensor front right', 'oem', 1, '2025-09-29 08:36:04', '2025-09-29 08:36:04'),
(66, 16, 'ABS Sensor (Rear Left)', 'Wheel speed sensor rear left', 'oem', 1, '2025-09-29 08:36:04', '2025-09-29 08:36:04'),
(67, 16, 'ABS Sensor (Rear Right)', 'Wheel speed sensor rear right', 'oem', 1, '2025-09-29 08:36:04', '2025-09-29 08:36:04'),
(68, 16, 'Brake Hose (Front Left)', 'Flexible brake hose front left', 'oem', 1, '2025-09-29 08:36:04', '2025-09-29 08:36:04'),
(69, 16, 'Brake Hose (Front Right)', 'Flexible brake hose front right', 'oem', 1, '2025-09-29 08:36:04', '2025-09-29 08:36:04'),
(70, 16, 'Parking Brake Cable', 'Hand brake cable assembly', 'oem', 1, '2025-09-29 08:36:04', '2025-09-29 08:36:04'),
(71, 10, 'Radiator Assembly', 'Engine cooling radiator with cap', 'oem', 1, '2025-09-29 08:36:26', '2025-09-29 08:36:26'),
(72, 10, 'Radiator Hose (Upper)', 'Upper coolant hose', 'oem', 1, '2025-09-29 08:36:26', '2025-09-29 08:36:26'),
(73, 10, 'Radiator Hose (Lower)', 'Lower coolant hose', 'oem', 1, '2025-09-29 08:36:26', '2025-09-29 08:36:26'),
(74, 10, 'Radiator Fan Assembly', 'Electric cooling fan with motor', 'oem', 1, '2025-09-29 08:36:26', '2025-09-29 08:36:26'),
(75, 10, 'Thermostat', 'Engine coolant thermostat', 'oem', 1, '2025-09-29 08:36:26', '2025-09-29 08:36:26'),
(76, 10, 'Thermostat Housing', 'Thermostat cover with gasket', 'oem', 1, '2025-09-29 08:36:26', '2025-09-29 08:36:26'),
(77, 10, 'Coolant Temperature Sensor', 'Engine temperature sender', 'oem', 1, '2025-09-29 08:36:26', '2025-09-29 08:36:26'),
(78, 10, 'Radiator Cap', 'Pressure radiator cap', 'oem', 1, '2025-09-29 08:36:26', '2025-09-29 08:36:26'),
(79, 10, 'Coolant Reservoir Tank', 'Expansion tank with cap', 'oem', 1, '2025-09-29 08:36:26', '2025-09-29 08:36:26'),
(80, 10, 'Heater Core', 'Cabin heater radiator', 'oem', 1, '2025-09-29 08:36:26', '2025-09-29 08:36:26'),
(81, 10, 'Heater Hose Set', 'Heater inlet/outlet hoses', 'oem', 1, '2025-09-29 08:36:26', '2025-09-29 08:36:26'),
(82, 10, 'AC Condenser', 'Air conditioning condenser', 'oem', 1, '2025-09-29 08:36:26', '2025-09-29 08:36:26'),
(83, 10, 'AC Compressor', 'Air conditioning compressor', 'oem', 1, '2025-09-29 08:36:26', '2025-09-29 08:36:26'),
(84, 10, 'AC Receiver Drier', 'AC system filter drier', 'oem', 1, '2025-09-29 08:36:26', '2025-09-29 08:36:26'),
(85, 10, 'Engine Coolant (4L)', 'Nissan long-life coolant concentrate', 'oem', 1, '2025-09-29 08:36:26', '2025-09-29 08:36:26'),
(86, 11, 'Battery 12V 60Ah', 'Maintenance-free battery', 'oem', 1, '2025-09-29 08:36:52', '2025-09-29 08:36:52'),
(87, 11, 'Alternator', 'Generator 110A', 'oem', 1, '2025-09-29 08:36:52', '2025-09-29 08:36:52'),
(88, 11, 'Starter Motor', 'Electric starter assembly', 'oem', 1, '2025-09-29 08:36:52', '2025-09-29 08:36:52'),
(89, 11, 'Ignition Coil', 'Direct ignition coil (x4)', 'oem', 1, '2025-09-29 08:36:52', '2025-09-29 08:36:52'),
(90, 11, 'Fuel Pump Assembly', 'In-tank electric fuel pump', 'oem', 1, '2025-09-29 08:36:52', '2025-09-29 08:36:52'),
(91, 11, 'Oxygen Sensor (Front)', 'Front O2 sensor', 'oem', 1, '2025-09-29 08:36:52', '2025-09-29 08:36:52'),
(92, 11, 'Oxygen Sensor (Rear)', 'Rear O2 sensor', 'oem', 1, '2025-09-29 08:36:52', '2025-09-29 08:36:52'),
(93, 11, 'Mass Air Flow Sensor', 'MAF sensor', 'oem', 1, '2025-09-29 08:36:52', '2025-09-29 08:36:52'),
(94, 11, 'Knock Sensor', 'Engine knock sensor', 'oem', 1, '2025-09-29 08:36:52', '2025-09-29 08:36:52'),
(95, 11, 'Horn', 'Electric horn assembly', 'oem', 1, '2025-09-29 08:36:52', '2025-09-29 08:36:52'),
(96, 11, 'Wiper Motor (Front)', 'Windshield wiper motor', 'oem', 1, '2025-09-29 08:36:52', '2025-09-29 08:36:52'),
(97, 11, 'Wiper Motor (Rear)', 'Rear wiper motor', 'oem', 1, '2025-09-29 08:36:52', '2025-09-29 08:36:52'),
(98, 11, 'Wiper Blades (Front Pair)', 'Front windshield wiper blades', 'oem', 1, '2025-09-29 08:36:52', '2025-09-29 08:36:52'),
(99, 11, 'Wiper Blade (Rear)', 'Rear wiper blade', 'oem', 1, '2025-09-29 08:36:52', '2025-09-29 08:36:52'),
(100, 11, 'Window Motor (Front Left)', 'Power window motor front left', 'oem', 1, '2025-09-29 08:36:52', '2025-09-29 08:36:52'),
(101, 11, 'Window Motor (Front Right)', 'Power window motor front right', 'oem', 1, '2025-09-29 08:36:52', '2025-09-29 08:36:52'),
(102, 11, 'Window Motor (Rear Left)', 'Power window motor rear left', 'oem', 1, '2025-09-29 08:36:52', '2025-09-29 08:36:52'),
(103, 11, 'Window Motor (Rear Right)', 'Power window motor rear right', 'oem', 1, '2025-09-29 08:36:52', '2025-09-29 08:36:52'),
(104, 11, 'Headlight Bulb (Low Beam)', 'H11 halogen bulb', 'oem', 1, '2025-09-29 08:36:52', '2025-09-29 08:36:52'),
(105, 11, 'Headlight Bulb (High Beam)', 'HB3 halogen bulb', 'oem', 1, '2025-09-29 08:36:52', '2025-09-29 08:36:52'),
(106, 13, 'Front Bumper', 'Front bumper cover painted', 'oem', 1, '2025-09-29 08:46:45', '2025-09-29 08:46:45'),
(107, 13, 'Rear Bumper', 'Rear bumper cover painted', 'oem', 1, '2025-09-29 08:46:45', '2025-09-29 08:46:45'),
(108, 13, 'Front Grille', 'Radiator grille chrome', 'oem', 1, '2025-09-29 08:46:45', '2025-09-29 08:46:45'),
(109, 13, 'Hood', 'Engine hood panel', 'oem', 1, '2025-09-29 08:46:45', '2025-09-29 08:46:45'),
(110, 13, 'Front Fender (Left)', 'Front wing panel left', 'oem', 1, '2025-09-29 08:46:45', '2025-09-29 08:46:45'),
(111, 13, 'Front Fender (Right)', 'Front wing panel right', 'oem', 1, '2025-09-29 08:46:45', '2025-09-29 08:46:45'),
(112, 13, 'Roof Rail (Left)', 'Roof rack rail left', 'oem', 1, '2025-09-29 08:46:45', '2025-09-29 08:46:45'),
(113, 13, 'Roof Rail (Right)', 'Roof rack rail right', 'oem', 1, '2025-09-29 08:46:45', '2025-09-29 08:46:45'),
(114, 13, 'Door Handle (Front Left)', 'Outer door handle front left', 'oem', 1, '2025-09-29 08:46:45', '2025-09-29 08:46:45'),
(115, 13, 'Door Handle (Front Right)', 'Outer door handle front right', 'oem', 1, '2025-09-29 08:46:45', '2025-09-29 08:46:45'),
(116, 13, 'Door Handle (Rear Left)', 'Outer door handle rear left', 'oem', 1, '2025-09-29 08:46:45', '2025-09-29 08:46:45'),
(117, 13, 'Door Handle (Rear Right)', 'Outer door handle rear right', 'oem', 1, '2025-09-29 08:46:45', '2025-09-29 08:46:45'),
(118, 13, 'Tailgate Handle', 'Rear door outer handle', 'oem', 1, '2025-09-29 08:46:45', '2025-09-29 08:46:45'),
(119, 13, 'Mud Flap Set (Front)', 'Front mud guards pair', 'oem', 1, '2025-09-29 08:46:45', '2025-09-29 08:46:45'),
(120, 13, 'Mud Flap Set (Rear)', 'Rear mud guards pair', 'oem', 1, '2025-09-29 08:46:45', '2025-09-29 08:46:45'),
(121, 14, 'Front Seat (Driver)', 'Driver seat assembly complete', 'oem', 1, '2025-09-29 08:46:45', '2025-09-29 08:46:45'),
(122, 14, 'Front Seat (Passenger)', 'Passenger seat assembly complete', 'oem', 1, '2025-09-29 08:46:45', '2025-09-29 08:46:45'),
(123, 14, 'Rear Seat Bench', 'Rear seat assembly complete', 'oem', 1, '2025-09-29 08:46:45', '2025-09-29 08:46:45'),
(124, 14, 'Dashboard Assembly', 'Instrument panel complete', 'oem', 1, '2025-09-29 08:46:45', '2025-09-29 08:46:45'),
(125, 14, 'Steering Wheel', 'Steering wheel with controls', 'oem', 1, '2025-09-29 08:46:45', '2025-09-29 08:46:45'),
(126, 14, 'Floor Mat Set', 'Carpet floor mats (4pc)', 'oem', 1, '2025-09-29 08:46:45', '2025-09-29 08:46:45'),
(127, 14, 'Cargo Mat', 'Trunk/boot liner mat', 'oem', 1, '2025-09-29 08:46:45', '2025-09-29 08:46:45'),
(128, 14, 'Sun Visor (Driver)', 'Sun shade driver side', 'oem', 1, '2025-09-29 08:46:45', '2025-09-29 08:46:45'),
(129, 14, 'Sun Visor (Passenger)', 'Sun shade passenger side', 'oem', 1, '2025-09-29 08:46:45', '2025-09-29 08:46:45'),
(130, 14, 'Glove Box', 'Front passenger compartment', 'oem', 1, '2025-09-29 08:46:45', '2025-09-29 08:46:45'),
(131, 14, 'Center Console', 'Center armrest console', 'oem', 1, '2025-09-29 08:46:45', '2025-09-29 08:46:45'),
(132, 14, 'Cup Holder', 'Center cup holder assembly', 'oem', 1, '2025-09-29 08:46:45', '2025-09-29 08:46:45'),
(133, 14, 'Cabin Air Filter', 'AC pollen filter', 'oem', 1, '2025-09-29 08:46:45', '2025-09-29 08:46:45'),
(134, 14, 'Door Panel (Front Left)', 'Interior door trim front left', 'oem', 1, '2025-09-29 08:46:45', '2025-09-29 08:46:45'),
(135, 14, 'Door Panel (Front Right)', 'Interior door trim front right', 'oem', 1, '2025-09-29 08:46:45', '2025-09-29 08:46:45'),
(136, 14, 'Door Panel (Rear Left)', 'Interior door trim rear left', 'oem', 1, '2025-09-29 08:46:45', '2025-09-29 08:46:45'),
(137, 14, 'Door Panel (Rear Right)', 'Interior door trim rear right', 'oem', 1, '2025-09-29 08:46:45', '2025-09-29 08:46:45'),
(138, 14, 'Headrest (Front)', 'Front seat headrest', 'oem', 1, '2025-09-29 08:46:45', '2025-09-29 08:46:45'),
(139, 14, 'Headrest (Rear)', 'Rear seat headrest', 'oem', 1, '2025-09-29 08:46:45', '2025-09-29 08:46:45'),
(140, 15, 'Alloy Wheel 17\" (Single)', 'OEM 17-inch alloy rim', 'oem', 1, '2025-09-29 08:46:45', '2025-09-29 08:46:45'),
(141, 15, 'Wheel Center Cap', 'Hub cap with Nissan logo', 'oem', 1, '2025-09-29 08:46:45', '2025-09-29 08:46:45'),
(142, 15, 'Tire 215/60R17', 'Yokohama BluEarth tire', 'oem', 1, '2025-09-29 08:46:45', '2025-09-29 08:46:45'),
(143, 15, 'Wheel Lug Nuts (Set of 20)', 'Chrome wheel nuts', 'oem', 1, '2025-09-29 08:46:45', '2025-09-29 08:46:45'),
(144, 15, 'Wheel Bolt', 'Wheel stud bolt', 'oem', 1, '2025-09-29 08:46:45', '2025-09-29 08:46:45'),
(145, 15, 'Spare Tire 16\"', 'Temporary spare wheel', 'oem', 1, '2025-09-29 08:46:45', '2025-09-29 08:46:45'),
(146, 15, 'TPMS Sensor', 'Tire pressure monitoring sensor', 'oem', 1, '2025-09-29 08:46:45', '2025-09-29 08:46:45'),
(147, 15, 'Valve Stem', 'Tire valve', 'oem', 1, '2025-09-29 08:46:45', '2025-09-29 08:46:45'),
(148, 15, 'Wheel Bearing (Front)', 'Front hub bearing assembly', 'oem', 1, '2025-09-29 08:46:45', '2025-09-29 08:46:45'),
(149, 15, 'Wheel Bearing (Rear)', 'Rear hub bearing assembly', 'oem', 1, '2025-09-29 08:46:45', '2025-09-29 08:46:45'),
(150, 16, 'Front Brake Pads', 'Front disc brake pad set', 'oem', 1, '2025-09-29 08:46:45', '2025-09-29 08:46:45'),
(151, 16, 'Rear Brake Pads', 'Rear disc brake pad set', 'oem', 1, '2025-09-29 08:46:45', '2025-09-29 08:46:45'),
(152, 16, 'Front Brake Disc (Left)', 'Front brake rotor left', 'oem', 1, '2025-09-29 08:46:45', '2025-09-29 08:46:45'),
(153, 16, 'Front Brake Disc (Right)', 'Front brake rotor right', 'oem', 1, '2025-09-29 08:46:45', '2025-09-29 08:46:45'),
(154, 16, 'Rear Brake Disc (Left)', 'Rear brake rotor left', 'oem', 1, '2025-09-29 08:46:45', '2025-09-29 08:46:45'),
(155, 16, 'Rear Brake Disc (Right)', 'Rear brake rotor right', 'oem', 1, '2025-09-29 08:46:45', '2025-09-29 08:46:45'),
(156, 16, 'Front Brake Caliper (Left)', 'Front left brake caliper assembly', 'oem', 1, '2025-09-29 08:46:45', '2025-09-29 08:46:45'),
(157, 16, 'Front Brake Caliper (Right)', 'Front right brake caliper assembly', 'oem', 1, '2025-09-29 08:46:45', '2025-09-29 08:46:45'),
(158, 16, 'Rear Brake Caliper (Left)', 'Rear left brake caliper assembly', 'oem', 1, '2025-09-29 08:46:45', '2025-09-29 08:46:45'),
(159, 16, 'Rear Brake Caliper (Right)', 'Rear right brake caliper assembly', 'oem', 1, '2025-09-29 08:46:45', '2025-09-29 08:46:45'),
(160, 16, 'Brake Master Cylinder', 'Master cylinder assembly with reservoir', 'oem', 1, '2025-09-29 08:46:45', '2025-09-29 08:46:45'),
(161, 16, 'Brake Booster', 'Vacuum brake booster unit', 'oem', 1, '2025-09-29 08:46:45', '2025-09-29 08:46:45'),
(162, 16, 'Brake Fluid DOT 4 (1L)', 'Genuine brake fluid', 'oem', 1, '2025-09-29 08:46:45', '2025-09-29 08:46:45'),
(163, 16, 'ABS Sensor (Front Left)', 'Wheel speed sensor front left', 'oem', 1, '2025-09-29 08:46:45', '2025-09-29 08:46:45'),
(164, 16, 'ABS Sensor (Front Right)', 'Wheel speed sensor front right', 'oem', 1, '2025-09-29 08:46:45', '2025-09-29 08:46:45'),
(165, 16, 'ABS Sensor (Rear Left)', 'Wheel speed sensor rear left', 'oem', 1, '2025-09-29 08:46:45', '2025-09-29 08:46:45'),
(166, 16, 'ABS Sensor (Rear Right)', 'Wheel speed sensor rear right', 'oem', 1, '2025-09-29 08:46:45', '2025-09-29 08:46:45'),
(167, 16, 'Brake Hose (Front Left)', 'Flexible brake hose front left', 'oem', 1, '2025-09-29 08:46:45', '2025-09-29 08:46:45'),
(168, 16, 'Brake Hose (Front Right)', 'Flexible brake hose front right', 'oem', 1, '2025-09-29 08:46:45', '2025-09-29 08:46:45'),
(169, 16, 'Parking Brake Cable', 'Hand brake cable assembly', 'oem', 1, '2025-09-29 08:46:45', '2025-09-29 08:46:45'),
(170, 17, 'Side Mirror (Left)', 'Door mirror assembly left with indicator', 'oem', 1, '2025-09-29 08:46:45', '2025-09-29 08:46:45'),
(171, 17, 'Side Mirror (Right)', 'Door mirror assembly right with indicator', 'oem', 1, '2025-09-29 08:46:45', '2025-09-29 08:46:45'),
(172, 17, 'Mirror Glass (Left)', 'Mirror glass replacement left', 'oem', 1, '2025-09-29 08:46:45', '2025-09-29 08:46:45'),
(173, 17, 'Mirror Glass (Right)', 'Mirror glass replacement right', 'oem', 1, '2025-09-29 08:46:45', '2025-09-29 08:46:45'),
(174, 17, 'Interior Rear View Mirror', 'Center mirror with auto-dim', 'oem', 1, '2025-09-29 08:46:45', '2025-09-29 08:46:45'),
(175, 17, 'Windshield (Front)', 'Front windscreen glass', 'oem', 1, '2025-09-29 08:46:45', '2025-09-29 08:46:45'),
(176, 17, 'Rear Window Glass', 'Back windscreen with defrost', 'oem', 1, '2025-09-29 08:46:45', '2025-09-29 08:46:45'),
(177, 17, 'Door Glass (Front Left)', 'Front left window glass', 'oem', 1, '2025-09-29 08:46:45', '2025-09-29 08:46:45'),
(178, 17, 'Door Glass (Front Right)', 'Front right window glass', 'oem', 1, '2025-09-29 08:46:45', '2025-09-29 08:46:45'),
(179, 17, 'Door Glass (Rear Left)', 'Rear left window glass', 'oem', 1, '2025-09-29 08:46:45', '2025-09-29 08:46:45'),
(180, 17, 'Door Glass (Rear Right)', 'Rear right window glass', 'oem', 1, '2025-09-29 08:46:45', '2025-09-29 08:46:45'),
(181, 17, 'Quarter Glass (Left)', 'Side rear glass left', 'oem', 1, '2025-09-29 08:46:45', '2025-09-29 08:46:45'),
(182, 17, 'Quarter Glass (Right)', 'Side rear glass right', 'oem', 1, '2025-09-29 08:46:45', '2025-09-29 08:46:45'),
(183, 18, 'Key Fob (Intelligent Key)', 'Smart key remote 2-button', 'oem', 1, '2025-09-29 08:46:45', '2025-09-29 08:46:45'),
(184, 18, 'Key Blade', 'Emergency key blade', 'oem', 1, '2025-09-29 08:46:45', '2025-09-29 08:46:45'),
(185, 18, 'Owner Manual', 'Vehicle handbook English', 'oem', 1, '2025-09-29 08:46:45', '2025-09-29 08:46:45'),
(186, 18, 'Service Manual (Digital)', 'Workshop repair manual PDF', 'oem', 1, '2025-09-29 08:46:45', '2025-09-29 08:46:45'),
(187, 18, 'First Aid Kit', 'Emergency medical kit', 'oem', 1, '2025-09-29 08:46:45', '2025-09-29 08:46:45'),
(188, 18, 'Warning Triangle', 'Emergency warning triangle', 'oem', 1, '2025-09-29 08:46:45', '2025-09-29 08:46:45'),
(189, 18, 'Jack', 'Vehicle lifting jack', 'oem', 1, '2025-09-29 08:46:45', '2025-09-29 08:46:45'),
(190, 18, 'Lug Wrench', 'Wheel nut wrench', 'oem', 1, '2025-09-29 08:46:45', '2025-09-29 08:46:45'),
(191, 18, 'Tool Kit', 'Basic tool set', 'oem', 1, '2025-09-29 08:46:45', '2025-09-29 08:46:45'),
(192, 4, 'Headlight Assembly (Left)', 'Front headlamp left complete', 'oem', 1, '2025-09-29 08:49:04', '2025-09-29 08:49:04'),
(193, 4, 'Headlight Assembly (Right)', 'Front headlamp right complete', 'oem', 1, '2025-09-29 08:49:04', '2025-09-29 08:49:04'),
(194, 4, 'Tail Light Assembly (Left)', 'Rear combination lamp left', 'oem', 1, '2025-09-29 08:49:04', '2025-09-29 08:49:04'),
(195, 4, 'Tail Light Assembly (Right)', 'Rear combination lamp right', 'oem', 1, '2025-09-29 08:49:04', '2025-09-29 08:49:04'),
(196, 4, 'Fog Light (Front Left)', 'Front fog lamp left', 'oem', 1, '2025-09-29 08:49:04', '2025-09-29 08:49:04'),
(197, 4, 'Fog Light (Front Right)', 'Front fog lamp right', 'oem', 1, '2025-09-29 08:49:04', '2025-09-29 08:49:04'),
(198, 4, 'Side Marker Light (Left)', 'Side turn signal left', 'oem', 1, '2025-09-29 08:49:04', '2025-09-29 08:49:04'),
(199, 4, 'Side Marker Light (Right)', 'Side turn signal right', 'oem', 1, '2025-09-29 08:49:04', '2025-09-29 08:49:04'),
(200, 4, 'License Plate Light', 'Number plate lamp assembly', 'oem', 1, '2025-09-29 08:49:04', '2025-09-29 08:49:04'),
(201, 4, 'Interior Dome Light', 'Cabin ceiling light', 'oem', 1, '2025-09-29 08:49:04', '2025-09-29 08:49:04'),
(202, 4, 'Third Brake Light', 'High mount stop lamp', 'oem', 1, '2025-09-29 08:49:04', '2025-09-29 08:49:04'),
(203, 8, 'Door Shell (Front Left)', 'Front left door panel', 'oem', 1, '2025-09-29 08:49:25', '2025-09-29 08:49:25'),
(204, 8, 'Door Shell (Front Right)', 'Front right door panel', 'oem', 1, '2025-09-29 08:49:25', '2025-09-29 08:49:25'),
(205, 8, 'Door Shell (Rear Left)', 'Rear left door panel', 'oem', 1, '2025-09-29 08:49:25', '2025-09-29 08:49:25'),
(206, 8, 'Door Shell (Rear Right)', 'Rear right door panel', 'oem', 1, '2025-09-29 08:49:25', '2025-09-29 08:49:25'),
(207, 8, 'Door Hinge (Front Upper)', 'Front door top hinge', 'oem', 1, '2025-09-29 08:49:25', '2025-09-29 08:49:25'),
(208, 8, 'Door Hinge (Front Lower)', 'Front door bottom hinge', 'oem', 1, '2025-09-29 08:49:25', '2025-09-29 08:49:25'),
(209, 8, 'Door Lock Actuator (Front Left)', 'Power door lock front left', 'oem', 1, '2025-09-29 08:49:25', '2025-09-29 08:49:25'),
(210, 8, 'Door Lock Actuator (Front Right)', 'Power door lock front right', 'oem', 1, '2025-09-29 08:49:25', '2025-09-29 08:49:25'),
(211, 8, 'Door Lock Actuator (Rear Left)', 'Power door lock rear left', 'oem', 1, '2025-09-29 08:49:25', '2025-09-29 08:49:25'),
(212, 8, 'Door Lock Actuator (Rear Right)', 'Power door lock rear right', 'oem', 1, '2025-09-29 08:49:25', '2025-09-29 08:49:25'),
(213, 8, 'Door Seal (Front Left)', 'Weatherstrip front left', 'oem', 1, '2025-09-29 08:49:25', '2025-09-29 08:49:25'),
(214, 8, 'Door Seal (Front Right)', 'Weatherstrip front right', 'oem', 1, '2025-09-29 08:49:25', '2025-09-29 08:49:25'),
(215, 8, 'Door Seal (Rear Left)', 'Weatherstrip rear left', 'oem', 1, '2025-09-29 08:49:25', '2025-09-29 08:49:25'),
(216, 8, 'Door Seal (Rear Right)', 'Weatherstrip rear right', 'oem', 1, '2025-09-29 08:49:25', '2025-09-29 08:49:25'),
(217, 8, 'Window Regulator (Front Left)', 'Window lifter mechanism front left', 'oem', 1, '2025-09-29 08:49:25', '2025-09-29 08:49:25'),
(218, 8, 'Window Regulator (Front Right)', 'Window lifter mechanism front right', 'oem', 1, '2025-09-29 08:49:25', '2025-09-29 08:49:25'),
(219, 8, 'Door Check Strap (Front)', 'Door stopper front', 'oem', 1, '2025-09-29 08:49:25', '2025-09-29 08:49:25'),
(220, 8, 'Door Check Strap (Rear)', 'Door stopper rear', 'oem', 1, '2025-09-29 08:49:25', '2025-09-29 08:49:25'),
(221, 12, 'Exhaust Manifold', 'Exhaust manifold with gasket', 'oem', 1, '2025-09-29 08:49:42', '2025-09-29 08:49:42'),
(222, 12, 'Front Exhaust Pipe', 'Front pipe with flex joint', 'oem', 1, '2025-09-29 08:49:42', '2025-09-29 08:49:42'),
(223, 12, 'Center Exhaust Pipe', 'Center muffler section', 'oem', 1, '2025-09-29 08:49:42', '2025-09-29 08:49:42'),
(224, 12, 'Rear Muffler', 'Rear silencer with tailpipe', 'oem', 1, '2025-09-29 08:49:42', '2025-09-29 08:49:42'),
(225, 12, 'Catalytic Converter', 'Front catalytic converter', 'oem', 1, '2025-09-29 08:49:42', '2025-09-29 08:49:42'),
(226, 12, 'Exhaust Gasket Set', 'Complete exhaust gaskets', 'oem', 1, '2025-09-29 08:49:42', '2025-09-29 08:49:42'),
(227, 12, 'Exhaust Hanger Rubber', 'Exhaust mount rubber (set of 4)', 'oem', 1, '2025-09-29 08:49:42', '2025-09-29 08:49:42'),
(228, 12, 'EGR Valve', 'Exhaust gas recirculation valve', 'oem', 1, '2025-09-29 08:49:42', '2025-09-29 08:49:42'),
(229, 12, 'Heat Shield', 'Exhaust heat shield', 'oem', 1, '2025-09-29 08:49:42', '2025-09-29 08:49:42'),
(230, 7, 'Tailgate', 'Rear door complete', 'oem', 1, '2025-09-29 08:49:58', '2025-09-29 08:49:58'),
(231, 7, 'Tailgate Strut (Left)', 'Liftgate gas strut left', 'oem', 1, '2025-09-29 08:49:58', '2025-09-29 08:49:58'),
(232, 7, 'Tailgate Strut (Right)', 'Liftgate gas strut right', 'oem', 1, '2025-09-29 08:49:58', '2025-09-29 08:49:58'),
(233, 7, 'Tailgate Lock', 'Rear door lock assembly', 'oem', 1, '2025-09-29 08:49:58', '2025-09-29 08:49:58'),
(234, 7, 'Tailgate Weatherstrip', 'Rear door seal', 'oem', 1, '2025-09-29 08:49:58', '2025-09-29 08:49:58'),
(235, 7, 'Roof Panel', 'Roof skin panel', 'oem', 1, '2025-09-29 08:49:58', '2025-09-29 08:49:58'),
(236, 7, 'Side Skirt (Left)', 'Body side molding left', 'oem', 1, '2025-09-29 08:49:58', '2025-09-29 08:49:58'),
(237, 7, 'Side Skirt (Right)', 'Body side molding right', 'oem', 1, '2025-09-29 08:49:58', '2025-09-29 08:49:58'),
(238, 7, 'Wheel Arch Liner (Front Left)', 'Front fender liner left', 'oem', 1, '2025-09-29 08:49:58', '2025-09-29 08:49:58'),
(239, 7, 'Wheel Arch Liner (Front Right)', 'Front fender liner right', 'oem', 1, '2025-09-29 08:49:58', '2025-09-29 08:49:58'),
(240, 7, 'Wheel Arch Liner (Rear Left)', 'Rear fender liner left', 'oem', 1, '2025-09-29 08:49:58', '2025-09-29 08:49:58'),
(241, 7, 'Wheel Arch Liner (Rear Right)', 'Rear fender liner right', 'oem', 1, '2025-09-29 08:49:58', '2025-09-29 08:49:58'),
(242, 7, 'Undercover (Engine)', 'Engine splash shield', 'oem', 1, '2025-09-29 08:49:58', '2025-09-29 08:49:58'),
(243, 7, 'Undercover (Center)', 'Center under guard', 'oem', 1, '2025-09-29 08:49:58', '2025-09-29 08:49:58'),
(244, 6, 'Front Subframe', 'Front crossmember assembly', 'oem', 1, '2025-09-29 08:50:15', '2025-09-29 08:50:15'),
(245, 6, 'Rear Subframe', 'Rear suspension crossmember', 'oem', 1, '2025-09-29 08:50:15', '2025-09-29 08:50:15'),
(246, 6, 'Radiator Support', 'Front radiator bracket', 'oem', 1, '2025-09-29 08:50:15', '2025-09-29 08:50:15'),
(247, 6, 'Side Member (Left)', 'Left chassis rail', 'oem', 1, '2025-09-29 08:50:15', '2025-09-29 08:50:15'),
(248, 6, 'Side Member (Right)', 'Right chassis rail', 'oem', 1, '2025-09-29 08:50:15', '2025-09-29 08:50:15'),
(249, 6, 'Tow Hook (Front)', 'Front towing eye', 'oem', 1, '2025-09-29 08:50:15', '2025-09-29 08:50:15'),
(250, 6, 'Tow Hook (Rear)', 'Rear towing eye', 'oem', 1, '2025-09-29 08:50:15', '2025-09-29 08:50:15'),
(251, 5, 'Engine Control Module (ECM)', 'Engine computer', 'oem', 1, '2025-09-29 08:50:31', '2025-09-29 08:50:31'),
(252, 5, 'TCM (Transmission Control Module)', 'CVT control unit', 'oem', 1, '2025-09-29 08:50:31', '2025-09-29 08:50:31'),
(253, 5, 'ABS Control Module', 'Anti-lock brake computer', 'oem', 1, '2025-09-29 08:50:31', '2025-09-29 08:50:31'),
(254, 5, 'Airbag Control Module', 'SRS control unit', 'oem', 1, '2025-09-29 08:50:31', '2025-09-29 08:50:31'),
(255, 5, 'Body Control Module', 'BCM unit', 'oem', 1, '2025-09-29 08:50:31', '2025-09-29 08:50:31'),
(256, 5, 'Throttle Position Sensor', 'TPS sensor', 'oem', 1, '2025-09-29 08:50:31', '2025-09-29 08:50:31'),
(257, 5, 'Coolant Temperature Sensor', 'Water temp sensor', 'oem', 1, '2025-09-29 08:50:31', '2025-09-29 08:50:31'),
(258, 5, 'Fuel Level Sensor', 'Tank sender unit', 'oem', 1, '2025-09-29 08:50:31', '2025-09-29 08:50:31'),
(259, 5, 'Parking Sensor (Front)', 'Front PDC sensor', 'oem', 1, '2025-09-29 08:50:31', '2025-09-29 08:50:31'),
(260, 5, 'Parking Sensor (Rear)', 'Rear PDC sensor', 'oem', 1, '2025-09-29 08:50:31', '2025-09-29 08:50:31'),
(261, 5, 'Rain Sensor', 'Auto wiper sensor', 'oem', 1, '2025-09-29 08:50:31', '2025-09-29 08:50:31'),
(262, 5, 'Ambient Light Sensor', 'Auto headlight sensor', 'oem', 1, '2025-09-29 08:50:31', '2025-09-29 08:50:31'),
(263, 9, 'Audio Head Unit', 'OEM radio/CD player with navigation', 'oem', 1, '2025-09-29 08:50:46', '2025-09-29 08:50:46'),
(264, 9, 'Front Speaker (Left)', 'Door speaker front left', 'oem', 1, '2025-09-29 08:50:46', '2025-09-29 08:50:46'),
(265, 9, 'Front Speaker (Right)', 'Door speaker front right', 'oem', 1, '2025-09-29 08:50:46', '2025-09-29 08:50:46'),
(266, 9, 'Rear Speaker (Left)', 'Door speaker rear left', 'oem', 1, '2025-09-29 08:50:46', '2025-09-29 08:50:46'),
(267, 9, 'Rear Speaker (Right)', 'Door speaker rear right', 'oem', 1, '2025-09-29 08:50:46', '2025-09-29 08:50:46'),
(268, 9, 'Antenna', 'Radio antenna assembly', 'oem', 1, '2025-09-29 08:50:46', '2025-09-29 08:50:46'),
(269, 9, 'Reverse Camera', 'Backup camera', 'oem', 1, '2025-09-29 08:50:46', '2025-09-29 08:50:46'),
(270, 9, 'GPS Antenna', 'Navigation GPS antenna', 'oem', 1, '2025-09-29 08:50:46', '2025-09-29 08:50:46'),
(271, 9, 'USB Port', 'Center console USB socket', 'oem', 1, '2025-09-29 08:50:46', '2025-09-29 08:50:46'),
(272, 9, 'AUX Input Jack', 'Auxiliary audio input', 'oem', 1, '2025-09-29 08:50:46', '2025-09-29 08:50:46'),
(405, 3, 'Front Shock Absorber - KYB Excel-G (Left)', 'KYB gas shock absorber front left', 'aftermarket', 1, '2025-09-29 13:35:08', '2025-09-29 13:35:08'),
(406, 3, 'Front Shock Absorber - Monroe (Left)', 'Monroe OESpectrum shock front left', 'aftermarket', 1, '2025-09-29 13:35:08', '2025-09-29 13:35:08'),
(407, 3, 'Front Shock Absorber - KYB Excel-G (Right)', 'KYB gas shock absorber front right', 'aftermarket', 1, '2025-09-29 13:35:08', '2025-09-29 13:35:08'),
(408, 3, 'Front Shock Absorber - Monroe (Right)', 'Monroe OESpectrum shock front right', 'aftermarket', 1, '2025-09-29 13:35:08', '2025-09-29 13:35:08'),
(409, 3, 'Front Shock Absorber - Used OEM (Left)', 'Genuine Nissan front strut (used)', 'used', 1, '2025-09-29 13:35:08', '2025-09-29 13:35:08'),
(410, 3, 'Front Shock Absorber - Used OEM (Right)', 'Genuine Nissan front strut (used)', 'used', 1, '2025-09-29 13:35:08', '2025-09-29 13:35:08'),
(411, 3, 'Stabilizer Link - Moog (Front)', 'Moog sway bar link front', 'aftermarket', 1, '2025-09-29 13:35:08', '2025-09-29 13:35:08'),
(412, 3, 'Stabilizer Link - TRW (Front)', 'TRW stabilizer rod front', 'aftermarket', 1, '2025-09-29 13:35:08', '2025-09-29 13:35:08'),
(413, 3, 'Ball Joint - Febest (Lower)', 'Febest lower ball joint front', 'aftermarket', 1, '2025-09-29 13:35:08', '2025-09-29 13:35:08'),
(414, 3, 'Ball Joint - Moog (Lower)', 'Moog lower ball joint front', 'aftermarket', 1, '2025-09-29 13:35:08', '2025-09-29 13:35:08'),
(415, 10, 'Radiator Assembly - Denso', 'Denso aluminum radiator with cap', 'aftermarket', 1, '2025-09-29 13:35:08', '2025-09-29 13:35:08'),
(416, 10, 'Radiator Assembly - Koyo', 'Koyo cooling radiator', 'aftermarket', 1, '2025-09-29 13:35:08', '2025-09-29 13:35:08'),
(417, 10, 'Radiator Assembly - Used OEM', 'Genuine Nissan radiator (used)', 'used', 1, '2025-09-29 13:35:08', '2025-09-29 13:35:08'),
(418, 10, 'Thermostat - Gates', 'Gates engine thermostat', 'aftermarket', 1, '2025-09-29 13:35:08', '2025-09-29 13:35:08'),
(419, 10, 'Thermostat - Wahler', 'Wahler coolant thermostat', 'aftermarket', 1, '2025-09-29 13:35:08', '2025-09-29 13:35:08'),
(420, 11, 'Battery 12V 60Ah - Bosch S4', 'Bosch Silver S4 battery', 'aftermarket', 1, '2025-09-29 13:35:08', '2025-09-29 13:35:08'),
(421, 11, 'Battery 12V 60Ah - Varta Blue', 'Varta Blue Dynamic battery', 'aftermarket', 1, '2025-09-29 13:35:08', '2025-09-29 13:35:08'),
(422, 11, 'Alternator - Bosch Reman', 'Bosch remanufactured alternator 110A', 'aftermarket', 1, '2025-09-29 13:35:08', '2025-09-29 13:35:08'),
(423, 11, 'Alternator - Denso', 'Denso new alternator 110A', 'aftermarket', 1, '2025-09-29 13:35:08', '2025-09-29 13:35:08'),
(424, 11, 'Alternator - Used OEM', 'Genuine Nissan alternator (used)', 'used', 1, '2025-09-29 13:35:08', '2025-09-29 13:35:08'),
(425, 1, 'Engine Oil Filter - Mann Filter', 'Mann Filter oil filter compatible with MR20DE', 'aftermarket', 1, '2025-09-29 13:35:41', '2025-09-29 13:35:41'),
(426, 1, 'Engine Oil Filter - Bosch', 'Bosch oil filter for MR20DE engine', 'aftermarket', 1, '2025-09-29 13:35:41', '2025-09-29 13:35:41'),
(427, 1, 'Engine Oil Filter - Used OEM', 'Genuine Nissan oil filter (used condition)', 'used', 1, '2025-09-29 13:35:41', '2025-09-29 13:35:41'),
(428, 1, 'Air Filter - K&N Performance', 'K&N high-flow air filter for MR20DE', 'aftermarket', 1, '2025-09-29 13:35:41', '2025-09-29 13:35:41'),
(429, 1, 'Air Filter - Fram', 'Fram air filter element', 'aftermarket', 1, '2025-09-29 13:35:41', '2025-09-29 13:35:41'),
(430, 1, 'Spark Plugs - Denso Iridium (Set of 4)', 'Denso iridium spark plugs', 'aftermarket', 1, '2025-09-29 13:35:41', '2025-09-29 13:35:41'),
(431, 1, 'Spark Plugs - Bosch Platinum (Set of 4)', 'Bosch platinum spark plugs', 'aftermarket', 1, '2025-09-29 13:35:41', '2025-09-29 13:35:41'),
(432, 1, 'Water Pump - Aisin', 'Aisin water pump assembly', 'aftermarket', 1, '2025-09-29 13:35:41', '2025-09-29 13:35:41'),
(433, 1, 'Water Pump - GMB', 'GMB cooling water pump', 'aftermarket', 1, '2025-09-29 13:35:41', '2025-09-29 13:35:41'),
(434, 1, 'Water Pump - Used OEM', 'Genuine Nissan water pump (used)', 'used', 1, '2025-09-29 13:35:41', '2025-09-29 13:35:41'),
(435, 2, 'CVT Oil - Idemitsu CVTF (4L)', 'Idemitsu CVT fluid NS-2 compatible', 'aftermarket', 1, '2025-09-29 13:35:42', '2025-09-29 13:35:42'),
(436, 2, 'CVT Oil - Valvoline CVTF (4L)', 'Valvoline CVT transmission fluid', 'aftermarket', 1, '2025-09-29 13:35:42', '2025-09-29 13:35:42'),
(437, 2, 'CV Boot Kit - Meyle Outer', 'Meyle CV joint boot kit outer', 'aftermarket', 1, '2025-09-29 13:35:42', '2025-09-29 13:35:42'),
(438, 2, 'CV Boot Kit - Febest Outer', 'Febest CV joint boot outer', 'aftermarket', 1, '2025-09-29 13:35:42', '2025-09-29 13:35:42'),
(439, 16, 'Front Brake Pads - Akebono', 'Akebono ceramic brake pads front', 'aftermarket', 1, '2025-09-29 13:35:42', '2025-09-29 13:35:42'),
(440, 16, 'Front Brake Pads - TRW', 'TRW brake pad set front', 'aftermarket', 1, '2025-09-29 13:35:42', '2025-09-29 13:35:42'),
(441, 16, 'Front Brake Pads - Used OEM', 'Genuine Nissan front brake pads (used)', 'used', 1, '2025-09-29 13:35:42', '2025-09-29 13:35:42'),
(442, 16, 'Rear Brake Pads - Brembo', 'Brembo brake pad set rear', 'aftermarket', 1, '2025-09-29 13:35:42', '2025-09-29 13:35:42'),
(443, 16, 'Rear Brake Pads - Bendix', 'Bendix rear brake pads', 'aftermarket', 1, '2025-09-29 13:35:42', '2025-09-29 13:35:42'),
(444, 16, 'Front Brake Disc - Brembo (Pair)', 'Brembo front brake rotors', 'aftermarket', 1, '2025-09-29 13:35:42', '2025-09-29 13:35:42'),
(445, 16, 'Front Brake Disc - ATE (Pair)', 'ATE front brake discs', 'aftermarket', 1, '2025-09-29 13:35:42', '2025-09-29 13:35:42'),
(446, 16, 'Front Brake Disc - Used OEM (Pair)', 'Genuine Nissan front rotors (used)', 'used', 1, '2025-09-29 13:35:42', '2025-09-29 13:35:42'),
(447, 14, 'Cabin Air Filter - Mann Filter', 'Mann activated carbon cabin filter', 'aftermarket', 1, '2025-09-29 13:38:02', '2025-09-29 13:38:02'),
(448, 14, 'Cabin Air Filter - Bosch', 'Bosch cabin pollen filter', 'aftermarket', 1, '2025-09-29 13:38:02', '2025-09-29 13:38:02'),
(449, 1, 'Engine Oil 5W-30 - Castrol Edge (4L)', 'Castrol Edge full synthetic 5W-30', 'aftermarket', 1, '2025-09-29 13:38:02', '2025-09-29 13:38:02'),
(450, 1, 'Engine Oil 5W-30 - Mobil 1 (4L)', 'Mobil 1 synthetic motor oil 5W-30', 'aftermarket', 1, '2025-09-29 13:38:02', '2025-09-29 13:38:02'),
(451, 1, 'Fuel Filter - Mann Filter', 'Mann in-tank fuel filter', 'aftermarket', 1, '2025-09-29 13:38:02', '2025-09-29 13:38:02'),
(452, 1, 'Fuel Filter - Bosch', 'Bosch fuel filter assembly', 'aftermarket', 1, '2025-09-29 13:38:02', '2025-09-29 13:38:02'),
(453, 15, 'Tire 215/60R17 - Bridgestone Turanza', 'Bridgestone Turanza touring tire', 'aftermarket', 1, '2025-09-29 13:38:02', '2025-09-29 13:38:02'),
(454, 15, 'Tire 215/60R17 - Michelin Primacy', 'Michelin Primacy 4 tire', 'aftermarket', 1, '2025-09-29 13:38:02', '2025-09-29 13:38:02'),
(455, 15, 'Tire 215/60R17 - Used', 'Used tire 70% tread remaining', 'used', 1, '2025-09-29 13:38:02', '2025-09-29 13:38:02'),
(456, 15, 'Wheel Bearing - SKF (Front)', 'SKF front hub bearing assembly', 'aftermarket', 1, '2025-09-29 13:38:02', '2025-09-29 13:38:02'),
(457, 15, 'Wheel Bearing - NSK (Front)', 'NSK front hub bearing', 'aftermarket', 1, '2025-09-29 13:38:02', '2025-09-29 13:38:02'),
(458, 15, 'Wheel Bearing - Used OEM (Front)', 'Genuine Nissan front hub bearing (used)', 'used', 1, '2025-09-29 13:38:02', '2025-09-29 13:38:02'),
(459, 12, 'Exhaust Gasket Set - Victor Reinz', 'Victor Reinz exhaust gasket kit', 'aftermarket', 1, '2025-09-29 13:38:02', '2025-09-29 13:38:02'),
(460, 12, 'Exhaust Gasket Set - Elring', 'Elring complete exhaust gasket set', 'aftermarket', 1, '2025-09-29 13:38:02', '2025-09-29 13:38:02'),
(461, 12, 'Rear Muffler - Walker', 'Walker rear silencer with tailpipe', 'aftermarket', 1, '2025-09-29 13:38:02', '2025-09-29 13:38:02'),
(462, 12, 'Rear Muffler - Bosal', 'Bosal exhaust silencer rear', 'aftermarket', 1, '2025-09-29 13:38:03', '2025-09-29 13:38:03'),
(463, 12, 'Rear Muffler - Used OEM', 'Genuine Nissan rear muffler (used)', 'used', 1, '2025-09-29 13:38:03', '2025-09-29 13:38:03'),
(464, 11, 'Oxygen Sensor - Bosch (Front)', 'Bosch universal O2 sensor front', 'aftermarket', 1, '2025-09-29 13:38:03', '2025-09-29 13:38:03'),
(465, 11, 'Oxygen Sensor - Denso (Front)', 'Denso O2 sensor front', 'aftermarket', 1, '2025-09-29 13:38:03', '2025-09-29 13:38:03'),
(466, 11, 'Oxygen Sensor - Used OEM (Front)', 'Genuine Nissan O2 sensor (used)', 'used', 1, '2025-09-29 13:38:03', '2025-09-29 13:38:03'),
(467, 4, 'Headlight Assembly - TYC (Left)', 'TYC headlamp left complete', 'aftermarket', 1, '2025-09-29 13:40:13', '2025-09-29 13:40:13'),
(468, 4, 'Headlight Assembly - Depo (Left)', 'Depo headlamp assembly left', 'aftermarket', 1, '2025-09-29 13:40:13', '2025-09-29 13:40:13'),
(469, 4, 'Headlight Assembly - Used OEM (Left)', 'Genuine Nissan headlamp (used)', 'used', 1, '2025-09-29 13:40:13', '2025-09-29 13:40:13'),
(470, 4, 'Tail Light Assembly - TYC (Left)', 'TYC rear combination lamp left', 'aftermarket', 1, '2025-09-29 13:40:13', '2025-09-29 13:40:13'),
(471, 4, 'Tail Light Assembly - Depo (Left)', 'Depo tail lamp left', 'aftermarket', 1, '2025-09-29 13:40:13', '2025-09-29 13:40:13'),
(472, 4, 'Fog Light - TYC (Front Left)', 'TYC fog lamp assembly left', 'aftermarket', 1, '2025-09-29 13:40:13', '2025-09-29 13:40:13'),
(473, 4, 'Fog Light - Depo (Front Left)', 'Depo fog lamp left', 'aftermarket', 1, '2025-09-29 13:40:13', '2025-09-29 13:40:13'),
(474, 13, 'Front Bumper Cover - Sherman', 'Sherman front bumper painted', 'aftermarket', 1, '2025-09-29 13:40:13', '2025-09-29 13:40:13'),
(475, 13, 'Front Bumper Cover - Replace', 'Replace brand front bumper', 'aftermarket', 1, '2025-09-29 13:40:13', '2025-09-29 13:40:13'),
(476, 13, 'Front Bumper Cover - Used OEM', 'Genuine Nissan front bumper (used)', 'used', 1, '2025-09-29 13:40:13', '2025-09-29 13:40:13'),
(477, 17, 'Side Mirror - TYC (Left)', 'TYC door mirror left with indicator', 'aftermarket', 1, '2025-09-29 13:40:13', '2025-09-29 13:40:13'),
(478, 17, 'Side Mirror - Kool Vue (Left)', 'Kool Vue power mirror left', 'aftermarket', 1, '2025-09-29 13:40:13', '2025-09-29 13:40:13'),
(479, 17, 'Side Mirror - Used OEM (Left)', 'Genuine Nissan side mirror (used)', 'used', 1, '2025-09-29 13:40:13', '2025-09-29 13:40:13'),
(480, 13, 'Front Grille - Replace', 'Replace radiator grille chrome', 'aftermarket', 1, '2025-09-29 13:40:13', '2025-09-29 13:40:13'),
(481, 13, 'Front Grille - Sherman', 'Sherman front grille assembly', 'aftermarket', 1, '2025-09-29 13:40:13', '2025-09-29 13:40:13'),
(482, 14, 'Floor Mat Set - WeatherTech', 'WeatherTech all-weather floor liners (4pc)', 'aftermarket', 1, '2025-09-29 13:40:13', '2025-09-29 13:40:13'),
(483, 14, 'Floor Mat Set - Husky Liners', 'Husky Liners floor mats (4pc)', 'aftermarket', 1, '2025-09-29 13:40:13', '2025-09-29 13:40:13'),
(484, 14, 'Cargo Mat - WeatherTech', 'WeatherTech cargo liner trunk mat', 'aftermarket', 1, '2025-09-29 13:40:13', '2025-09-29 13:40:13'),
(485, 14, 'Cargo Mat - Husky Liners', 'Husky boot liner mat', 'aftermarket', 1, '2025-09-29 13:40:13', '2025-09-29 13:40:13'),
(486, 14, 'Steering Wheel Cover - Sparco', 'Sparco leather steering wheel cover', 'aftermarket', 1, '2025-09-29 13:40:13', '2025-09-29 13:40:13');

-- --------------------------------------------------------

--
-- Table structure for table `part_alternatives`
--

CREATE TABLE `part_alternatives` (
  `id` int(10) UNSIGNED NOT NULL,
  `original_part_id` int(10) UNSIGNED NOT NULL,
  `alternative_part_id` int(10) UNSIGNED NOT NULL,
  `compatibility_score` decimal(3,2) DEFAULT 1.00,
  `notes` text DEFAULT NULL,
  `created_at` timestamp NULL DEFAULT current_timestamp()
) ENGINE=InnoDB DEFAULT CHARSET=utf8mb4 COLLATE=utf8mb4_unicode_ci;

--
-- Dumping data for table `part_alternatives`
--

INSERT INTO `part_alternatives` (`id`, `original_part_id`, `alternative_part_id`, `compatibility_score`, `notes`, `created_at`) VALUES
(1, 1, 425, 0.95, 'Mann Filter - Premium aftermarket alternative', '2025-09-29 15:27:38'),
(2, 1, 426, 0.90, 'Bosch - Reliable aftermarket option', '2025-09-29 15:27:38'),
(3, 1, 427, 0.85, 'Used OEM - Budget option with some wear', '2025-09-29 15:27:38'),
(4, 2, 428, 1.00, 'K&N Performance - High-flow upgrade', '2025-09-29 15:27:38'),
(5, 2, 429, 0.90, 'Fram - Standard aftermarket replacement', '2025-09-29 15:27:38'),
(6, 3, 430, 1.00, 'Denso Iridium - Superior performance upgrade', '2025-09-29 15:27:38'),
(7, 3, 431, 0.95, 'Bosch Platinum - Premium aftermarket option', '2025-09-29 15:27:38'),
(8, 4, 449, 0.98, 'Castrol Edge - Full synthetic premium alternative', '2025-09-29 15:27:38'),
(9, 6, 432, 0.95, 'Aisin - OEM supplier quality', '2025-09-29 15:27:38'),
(10, 6, 433, 0.90, 'GMB - Reliable aftermarket option', '2025-09-29 15:27:38'),
(11, 6, 434, 0.80, 'Used OEM - Cost-effective option', '2025-09-29 15:27:38'),
(12, 21, 435, 0.98, 'Idemitsu CVTF - OEM supplier alternative', '2025-09-29 15:27:38'),
(13, 21, 436, 0.95, 'Valvoline CVTF - Premium aftermarket', '2025-09-29 15:27:38'),
(14, 25, 437, 0.95, 'Meyle - German engineered quality', '2025-09-29 15:27:38'),
(15, 25, 438, 0.90, 'Febest - Reliable aftermarket option', '2025-09-29 15:27:38'),
(16, 31, 405, 0.95, 'KYB Excel-G - OEM supplier performance', '2025-09-29 15:27:39'),
(17, 31, 406, 0.90, 'Monroe OESpectrum - Premium ride quality', '2025-09-29 15:27:39'),
(18, 31, 409, 0.75, 'Used OEM - Budget option with some wear', '2025-09-29 15:27:39'),
(19, 32, 407, 0.95, 'KYB Excel-G - OEM supplier performance', '2025-09-29 15:27:39'),
(20, 32, 408, 0.90, 'Monroe OESpectrum - Premium ride quality', '2025-09-29 15:27:39'),
(21, 32, 410, 0.75, 'Used OEM - Budget option with some wear', '2025-09-29 15:27:39'),
(22, 45, 411, 0.95, 'Moog - Premium suspension component', '2025-09-29 15:27:39'),
(23, 45, 412, 0.90, 'TRW - OEM quality aftermarket', '2025-09-29 15:27:39'),
(24, 46, 411, 0.95, 'Moog - Premium suspension component (universal fit)', '2025-09-29 15:27:39'),
(25, 46, 412, 0.90, 'TRW - OEM quality aftermarket (universal fit)', '2025-09-29 15:27:39'),
(26, 49, 413, 0.90, 'Febest - Quality aftermarket replacement', '2025-09-29 15:27:39'),
(27, 49, 414, 0.95, 'Moog - Premium ball joint with grease fitting', '2025-09-29 15:27:39'),
(28, 50, 413, 0.90, 'Febest - Quality aftermarket replacement (universal fit)', '2025-09-29 15:27:39'),
(29, 50, 414, 0.95, 'Moog - Premium ball joint with grease fitting (universal fit)', '2025-09-29 15:27:39'),
(30, 51, 439, 0.98, 'Akebono - OEM supplier ceramic pads', '2025-09-29 15:27:39'),
(31, 51, 440, 0.95, 'TRW - Premium aftermarket brake pads', '2025-09-29 15:27:39'),
(32, 51, 441, 0.70, 'Used OEM - Budget option with remaining life', '2025-09-29 15:27:39'),
(33, 52, 442, 1.00, 'Brembo - Performance upgrade option', '2025-09-29 15:27:39'),
(34, 52, 443, 0.90, 'Bendix - Reliable aftermarket pads', '2025-09-29 15:27:39'),
(35, 53, 444, 1.00, 'Brembo - Performance upgrade rotors', '2025-09-29 15:27:39'),
(36, 53, 445, 0.95, 'ATE - Premium aftermarket discs', '2025-09-29 15:27:39'),
(37, 53, 446, 0.70, 'Used OEM - Budget option with wear', '2025-09-29 15:27:39'),
(38, 54, 444, 1.00, 'Brembo - Performance upgrade rotors (pair)', '2025-09-29 15:27:39'),
(39, 54, 445, 0.95, 'ATE - Premium aftermarket discs (pair)', '2025-09-29 15:27:39'),
(40, 54, 446, 0.70, 'Used OEM - Budget option with wear (pair)', '2025-09-29 15:27:39'),
(41, 71, 415, 0.98, 'Denso - OEM supplier aluminum radiator', '2025-09-29 15:27:39'),
(42, 71, 416, 0.95, 'Koyo - Premium cooling performance', '2025-09-29 15:27:39'),
(43, 71, 417, 0.75, 'Used OEM - Budget option with potential wear', '2025-09-29 15:27:39'),
(44, 75, 418, 0.95, 'Gates - Premium aftermarket thermostat', '2025-09-29 15:27:39'),
(45, 75, 419, 0.90, 'Wahler - German engineered quality', '2025-09-29 15:27:39'),
(46, 86, 420, 0.98, 'Bosch S4 - Premium aftermarket battery', '2025-09-29 15:27:39'),
(47, 86, 421, 0.95, 'Varta Blue - Reliable European quality', '2025-09-29 15:27:39'),
(48, 87, 422, 0.90, 'Bosch Reman - Remanufactured OEM quality', '2025-09-29 15:27:39'),
(49, 87, 423, 0.95, 'Denso - New aftermarket alternator', '2025-09-29 15:27:39'),
(50, 87, 424, 0.75, 'Used OEM - Budget option with some wear', '2025-09-29 15:27:39'),
(51, 100, 447, 0.98, 'Mann Filter - Activated carbon premium', '2025-09-29 15:27:39'),
(52, 100, 448, 0.90, 'Bosch - Standard pollen filter', '2025-09-29 15:27:39'),
(53, 425, 426, 0.95, 'Bosch alternative to Mann Filter', '2025-09-29 15:27:39'),
(54, 426, 425, 0.95, 'Mann Filter alternative to Bosch', '2025-09-29 15:27:39'),
(55, 430, 431, 0.95, 'Bosch Platinum alternative to Denso Iridium', '2025-09-29 15:27:39'),
(56, 431, 430, 1.00, 'Denso Iridium upgrade from Bosch Platinum', '2025-09-29 15:27:39'),
(57, 432, 433, 0.95, 'GMB alternative to Aisin', '2025-09-29 15:27:39'),
(58, 433, 432, 1.00, 'Aisin upgrade from GMB', '2025-09-29 15:27:39'),
(59, 435, 436, 0.95, 'Valvoline alternative to Idemitsu', '2025-09-29 15:27:39'),
(60, 436, 435, 1.00, 'Idemitsu premium alternative to Valvoline', '2025-09-29 15:27:39'),
(61, 405, 406, 0.95, 'Monroe alternative to KYB left front', '2025-09-29 15:27:39'),
(62, 406, 405, 0.98, 'KYB performance alternative to Monroe left front', '2025-09-29 15:27:39'),
(63, 407, 408, 0.95, 'Monroe alternative to KYB right front', '2025-09-29 15:27:39'),
(64, 408, 407, 0.98, 'KYB performance alternative to Monroe right front', '2025-09-29 15:27:39'),
(65, 411, 412, 0.90, 'TRW alternative to Moog stabilizer link', '2025-09-29 15:27:39'),
(66, 412, 411, 1.00, 'Moog premium upgrade from TRW', '2025-09-29 15:27:39'),
(67, 413, 414, 1.00, 'Moog premium upgrade from Febest ball joint', '2025-09-29 15:27:39'),
(68, 414, 413, 0.85, 'Febest budget alternative to Moog', '2025-09-29 15:27:39'),
(69, 439, 440, 0.90, 'TRW alternative to Akebono front pads', '2025-09-29 15:27:39'),
(70, 440, 439, 1.00, 'Akebono OEM quality upgrade from TRW', '2025-09-29 15:27:39'),
(71, 442, 443, 0.85, 'Bendix budget alternative to Brembo rear pads', '2025-09-29 15:27:39'),
(72, 443, 442, 1.00, 'Brembo performance upgrade from Bendix', '2025-09-29 15:27:39'),
(73, 444, 445, 0.90, 'ATE alternative to Brembo brake discs', '2025-09-29 15:27:39'),
(74, 445, 444, 1.00, 'Brembo performance upgrade from ATE', '2025-09-29 15:27:39'),
(75, 415, 416, 0.95, 'Koyo alternative to Denso radiator', '2025-09-29 15:27:39'),
(76, 416, 415, 1.00, 'Denso OEM supplier quality upgrade from Koyo', '2025-09-29 15:27:39'),
(77, 418, 419, 0.90, 'Wahler alternative to Gates thermostat', '2025-09-29 15:27:39'),
(78, 419, 418, 0.95, 'Gates premium alternative to Wahler', '2025-09-29 15:27:39'),
(79, 420, 421, 0.95, 'Varta alternative to Bosch battery', '2025-09-29 15:27:39'),
(80, 421, 420, 1.00, 'Bosch premium alternative to Varta', '2025-09-29 15:27:39'),
(81, 422, 423, 1.00, 'Denso new unit upgrade from Bosch reman', '2025-09-29 15:27:39'),
(82, 423, 422, 0.80, 'Bosch reman budget alternative to Denso new', '2025-09-29 15:27:39'),
(83, 447, 448, 0.85, 'Bosch basic alternative to Mann activated carbon', '2025-09-29 15:27:39'),
(84, 448, 447, 1.00, 'Mann activated carbon upgrade from Bosch basic', '2025-09-29 15:27:39'),
(85, 425, 1, 1.00, 'Genuine Nissan OEM upgrade from Mann Filter', '2025-09-29 15:27:39'),
(86, 426, 1, 1.00, 'Genuine Nissan OEM upgrade from Bosch', '2025-09-29 15:27:39'),
(87, 428, 2, 0.90, 'OEM air filter for standard performance', '2025-09-29 15:27:39'),
(88, 429, 2, 1.00, 'Genuine Nissan OEM upgrade from Fram', '2025-09-29 15:27:39'),
(89, 430, 3, 0.95, 'OEM spark plugs standard option', '2025-09-29 15:27:39'),
(90, 431, 3, 1.00, 'Genuine Nissan OEM standard from Bosch Platinum', '2025-09-29 15:27:39'),
(91, 449, 4, 1.00, 'Genuine Nissan oil for warranty compliance', '2025-09-29 15:27:39'),
(92, 432, 6, 1.00, 'Genuine Nissan OEM water pump', '2025-09-29 15:27:39'),
(93, 433, 6, 1.00, 'Genuine Nissan OEM water pump', '2025-09-29 15:27:39'),
(94, 435, 21, 1.00, 'Genuine Nissan CVT oil for warranty', '2025-09-29 15:27:39'),
(95, 436, 21, 1.00, 'Genuine Nissan CVT oil for warranty', '2025-09-29 15:27:39'),
(96, 437, 25, 1.00, 'Genuine Nissan OEM boot kit', '2025-09-29 15:27:39'),
(97, 438, 25, 1.00, 'Genuine Nissan OEM boot kit', '2025-09-29 15:27:39'),
(98, 405, 31, 1.00, 'Genuine Nissan front strut OEM', '2025-09-29 15:27:39'),
(99, 406, 31, 1.00, 'Genuine Nissan front strut OEM', '2025-09-29 15:27:39'),
(100, 407, 32, 1.00, 'Genuine Nissan front strut OEM', '2025-09-29 15:27:39'),
(101, 408, 32, 1.00, 'Genuine Nissan front strut OEM', '2025-09-29 15:27:39'),
(102, 411, 45, 1.00, 'Genuine Nissan stabilizer link OEM', '2025-09-29 15:27:39'),
(103, 412, 45, 1.00, 'Genuine Nissan stabilizer link OEM', '2025-09-29 15:27:39'),
(104, 413, 49, 1.00, 'Genuine Nissan ball joint OEM', '2025-09-29 15:27:39'),
(105, 414, 49, 1.00, 'Genuine Nissan ball joint OEM', '2025-09-29 15:27:39'),
(106, 439, 51, 1.00, 'Genuine Nissan brake pads OEM', '2025-09-29 15:27:39'),
(107, 440, 51, 1.00, 'Genuine Nissan brake pads OEM', '2025-09-29 15:27:39'),
(108, 442, 52, 1.00, 'Genuine Nissan rear brake pads OEM', '2025-09-29 15:27:39'),
(109, 443, 52, 1.00, 'Genuine Nissan rear brake pads OEM', '2025-09-29 15:27:39'),
(110, 444, 53, 1.00, 'Genuine Nissan brake disc OEM', '2025-09-29 15:27:39'),
(111, 445, 53, 1.00, 'Genuine Nissan brake disc OEM', '2025-09-29 15:27:39'),
(112, 415, 71, 1.00, 'Genuine Nissan radiator OEM', '2025-09-29 15:27:39'),
(113, 416, 71, 1.00, 'Genuine Nissan radiator OEM', '2025-09-29 15:27:39'),
(114, 418, 75, 1.00, 'Genuine Nissan thermostat OEM', '2025-09-29 15:27:39'),
(115, 419, 75, 1.00, 'Genuine Nissan thermostat OEM', '2025-09-29 15:27:39'),
(116, 420, 86, 0.95, 'OEM equivalent battery specification', '2025-09-29 15:27:39'),
(117, 421, 86, 0.95, 'OEM equivalent battery specification', '2025-09-29 15:27:39'),
(118, 422, 87, 1.00, 'Genuine Nissan alternator OEM', '2025-09-29 15:27:39'),
(119, 423, 87, 1.00, 'Genuine Nissan alternator OEM', '2025-09-29 15:27:39'),
(120, 447, 100, 0.90, 'OEM cabin filter standard filtration', '2025-09-29 15:27:39'),
(121, 448, 100, 1.00, 'Genuine Nissan cabin filter OEM', '2025-09-29 15:27:39'),
(122, 427, 1, 1.00, 'New genuine Nissan oil filter upgrade', '2025-09-29 15:27:39'),
(123, 434, 6, 1.00, 'New genuine Nissan water pump upgrade', '2025-09-29 15:27:39'),
(124, 409, 31, 1.00, 'New genuine Nissan front strut upgrade', '2025-09-29 15:27:39'),
(125, 410, 32, 1.00, 'New genuine Nissan front strut upgrade', '2025-09-29 15:27:39'),
(126, 441, 51, 1.00, 'New genuine Nissan brake pads upgrade', '2025-09-29 15:27:39'),
(127, 446, 53, 1.00, 'New genuine Nissan brake disc upgrade', '2025-09-29 15:27:39'),
(128, 417, 71, 1.00, 'New genuine Nissan radiator upgrade', '2025-09-29 15:27:39'),
(129, 424, 87, 1.00, 'New genuine Nissan alternator upgrade', '2025-09-29 15:27:39');

-- --------------------------------------------------------

--
-- Table structure for table `part_categories`
--

CREATE TABLE `part_categories` (
  `id` int(10) UNSIGNED NOT NULL,
  `name` varchar(100) NOT NULL,
  `slug` varchar(100) NOT NULL,
  `parent_id` int(10) UNSIGNED DEFAULT NULL,
  `icon` varchar(255) DEFAULT NULL,
  `sort_order` int(11) DEFAULT 0,
  `active` tinyint(1) DEFAULT 1,
  `created_at` timestamp NULL DEFAULT current_timestamp()
) ENGINE=InnoDB DEFAULT CHARSET=utf8mb4 COLLATE=utf8mb4_unicode_ci;

--
-- Dumping data for table `part_categories`
--

INSERT INTO `part_categories` (`id`, `name`, `slug`, `parent_id`, `icon`, `sort_order`, `active`, `created_at`) VALUES
(1, 'Engine & Components', 'engine-components', NULL, NULL, 1, 1, '2025-09-29 11:27:19'),
(2, 'Transmission & Drivetrain', 'transmission-drivetrain', NULL, NULL, 2, 1, '2025-09-29 11:27:19'),
(3, 'Suspension & Components', 'suspension-components', NULL, NULL, 3, 1, '2025-09-29 11:27:19'),
(4, 'Lightings', 'lightings', NULL, NULL, 4, 1, '2025-09-29 11:27:19'),
(5, 'Computers & Sensors', 'computers-sensors', NULL, NULL, 5, 1, '2025-09-29 11:27:19'),
(6, 'Chassis', 'chassis', NULL, NULL, 6, 1, '2025-09-29 11:27:19'),
(7, 'Body Parts', 'body-parts', NULL, NULL, 7, 1, '2025-09-29 11:27:19'),
(8, 'Door Parts', 'door-parts', NULL, NULL, 8, 1, '2025-09-29 11:27:19'),
(9, 'Car Electronics', 'car-electronics', NULL, NULL, 9, 1, '2025-09-29 11:27:19'),
(10, 'Cooling Components', 'cooling-components', NULL, NULL, 10, 1, '2025-09-29 11:27:19'),
(11, 'Electrical Parts', 'electrical-parts', NULL, NULL, 11, 1, '2025-09-29 11:27:19'),
(12, 'Exhaust & Components', 'exhaust-components', NULL, NULL, 12, 1, '2025-09-29 11:27:19'),
(13, 'Exterior Parts', 'exterior-parts', NULL, NULL, 13, 1, '2025-09-29 11:27:19'),
(14, 'Interior Parts', 'interior-parts', NULL, NULL, 14, 1, '2025-09-29 11:27:19'),
(15, 'Tires & Wheels', 'tires-wheels', NULL, NULL, 15, 1, '2025-09-29 11:27:19'),
(16, 'Brake System', 'brake-system', NULL, NULL, 16, 1, '2025-09-29 11:27:19'),
(17, 'Mirrors & Windshields', 'mirrors-windshields', NULL, NULL, 17, 1, '2025-09-29 11:27:19'),
(18, 'Other Parts', 'other-parts', NULL, NULL, 18, 1, '2025-09-29 11:27:19');

-- --------------------------------------------------------

--
-- Table structure for table `part_numbers`
--

CREATE TABLE `part_numbers` (
  `id` int(10) UNSIGNED NOT NULL,
  `part_id` int(10) UNSIGNED NOT NULL,
  `part_number` varchar(100) NOT NULL,
  `brand` varchar(100) DEFAULT NULL,
  `is_primary` tinyint(1) DEFAULT 0,
  `created_at` timestamp NULL DEFAULT current_timestamp()
) ENGINE=InnoDB DEFAULT CHARSET=utf8mb4 COLLATE=utf8mb4_unicode_ci;

--
-- Dumping data for table `part_numbers`
--

INSERT INTO `part_numbers` (`id`, `part_id`, `part_number`, `brand`, `is_primary`, `created_at`) VALUES
(1, 1, '15208-65F0A', 'Nissan', 1, '2025-09-29 12:35:15'),
(2, 2, '16546-EN000', 'Nissan', 1, '2025-09-29 12:35:15'),
(3, 3, 'LZKAR6AP-11', 'NGK', 1, '2025-09-29 12:35:15'),
(4, 4, 'KE900-90042', 'Nissan', 1, '2025-09-29 12:35:15'),
(5, 5, '13028-EN20A', 'Nissan', 1, '2025-09-29 12:35:15'),
(6, 6, '21010-EN20A', 'Nissan', 1, '2025-09-29 12:35:15'),
(7, 7, '17040-JD50A', 'Nissan', 1, '2025-09-29 12:35:15'),
(8, 8, '10101-EN20A', 'Nissan', 1, '2025-09-29 12:35:15'),
(9, 9, '11810-EN20A', 'Nissan', 1, '2025-09-29 12:35:15'),
(10, 10, '13270-EN20A', 'Nissan', 1, '2025-09-29 12:35:15'),
(11, 11, '11110-EN20A', 'Nissan', 1, '2025-09-29 12:35:15'),
(12, 12, '11720-EN20A', 'Nissan', 1, '2025-09-29 12:35:15'),
(13, 13, '11955-EN20A', 'Nissan', 1, '2025-09-29 12:35:15'),
(14, 14, '11925-EN20A', 'Nissan', 1, '2025-09-29 12:35:15'),
(15, 15, '23731-EN20A', 'Nissan', 1, '2025-09-29 12:35:15'),
(16, 16, '23731-EN20B', 'Nissan', 1, '2025-09-29 12:35:15'),
(17, 17, '11220-JD20A', 'Nissan', 1, '2025-09-29 12:35:15'),
(18, 18, '11320-JD20A', 'Nissan', 1, '2025-09-29 12:35:15'),
(19, 19, '11360-JD20A', 'Nissan', 1, '2025-09-29 12:35:15'),
(20, 20, '16119-EN20A', 'Nissan', 1, '2025-09-29 12:35:15'),
(21, 21, 'KLE52-00004', 'Nissan', 1, '2025-09-29 12:35:15'),
(22, 22, '31726-3TX0A', 'Nissan', 1, '2025-09-29 12:35:15'),
(23, 23, '39100-JD70A', 'Nissan', 1, '2025-09-29 12:35:15'),
(24, 24, '39100-JD70B', 'Nissan', 1, '2025-09-29 12:35:15'),
(25, 25, '39241-JD70A', 'Nissan', 1, '2025-09-29 12:35:15'),
(26, 26, '39111-JD70A', 'Nissan', 1, '2025-09-29 12:35:15'),
(27, 27, '11350-JD70A', 'Nissan', 1, '2025-09-29 12:35:15'),
(28, 28, 'KE916-99932', 'Nissan', 1, '2025-09-29 12:35:15'),
(29, 29, '37000-JD70C', 'Nissan', 1, '2025-09-29 12:35:15'),
(30, 30, '11350-JD71A', 'Nissan', 1, '2025-09-29 12:35:15'),
(31, 31, '54302-JD70A', 'Nissan', 1, '2025-09-29 12:35:15'),
(32, 32, '54303-JD70A', 'Nissan', 1, '2025-09-29 12:35:15'),
(33, 33, '56210-JD70A', 'Nissan', 1, '2025-09-29 12:35:15'),
(34, 34, '56210-JD70B', 'Nissan', 1, '2025-09-29 12:35:15'),
(35, 35, '54010-JD70A', 'Nissan', 1, '2025-09-29 12:35:15'),
(36, 36, '54010-JD70B', 'Nissan', 1, '2025-09-29 12:35:15'),
(37, 37, '55020-JD70A', 'Nissan', 1, '2025-09-29 12:35:15'),
(38, 38, '55020-JD70B', 'Nissan', 1, '2025-09-29 12:35:15'),
(39, 39, '54500-JD70A', 'Nissan', 1, '2025-09-29 12:35:15'),
(40, 40, '54501-JD70A', 'Nissan', 1, '2025-09-29 12:35:15'),
(41, 41, '54524-JD70A', 'Nissan', 1, '2025-09-29 12:35:15'),
(42, 42, '54525-JD70A', 'Nissan', 1, '2025-09-29 12:35:15'),
(43, 43, '54668-JD70A', 'Nissan', 1, '2025-09-29 12:35:15'),
(44, 44, '56230-JD70A', 'Nissan', 1, '2025-09-29 12:35:15'),
(45, 45, '54618-JD70A', 'Nissan', 1, '2025-09-29 12:35:15'),
(46, 46, '54618-JD70B', 'Nissan', 1, '2025-09-29 12:35:15'),
(47, 47, '56261-JD70A', 'Nissan', 1, '2025-09-29 12:35:15'),
(48, 48, '56261-JD70B', 'Nissan', 1, '2025-09-29 12:35:15'),
(49, 49, '40160-JD70A', 'Nissan', 1, '2025-09-29 12:35:15'),
(50, 50, '40160-JD70B', 'Nissan', 1, '2025-09-29 12:35:15'),
(51, 51, 'D1060-JD70A', 'Nissan', 1, '2025-09-29 12:35:15'),
(52, 52, 'D1060-JD70B', 'Nissan', 1, '2025-09-29 12:35:15'),
(53, 53, '40206-JD70A', 'Nissan', 1, '2025-09-29 12:35:15'),
(54, 54, '40206-JD70B', 'Nissan', 1, '2025-09-29 12:35:15'),
(55, 55, '43206-JD70A', 'Nissan', 1, '2025-09-29 12:35:15'),
(56, 56, '43206-JD70B', 'Nissan', 1, '2025-09-29 12:35:15'),
(57, 57, '41011-JD70A', 'Nissan', 1, '2025-09-29 12:35:15'),
(58, 58, '41011-JD70B', 'Nissan', 1, '2025-09-29 12:35:15'),
(59, 59, '43018-JD70A', 'Nissan', 1, '2025-09-29 12:35:15'),
(60, 60, '43018-JD70B', 'Nissan', 1, '2025-09-29 12:35:15'),
(61, 61, '46010-JD70A', 'Nissan', 1, '2025-09-29 12:35:15'),
(62, 62, '47210-JD70A', 'Nissan', 1, '2025-09-29 12:35:15'),
(63, 63, 'KE903-99932', 'Nissan', 1, '2025-09-29 12:35:15'),
(64, 64, '47910-JD70A', 'Nissan', 1, '2025-09-29 12:35:15'),
(65, 65, '47910-JD70B', 'Nissan', 1, '2025-09-29 12:35:15'),
(66, 66, '47911-JD70A', 'Nissan', 1, '2025-09-29 12:35:15'),
(67, 67, '47911-JD70B', 'Nissan', 1, '2025-09-29 12:35:15'),
(68, 68, '46210-JD70A', 'Nissan', 1, '2025-09-29 12:35:15'),
(69, 69, '46210-JD70B', 'Nissan', 1, '2025-09-29 12:35:15'),
(70, 70, '36531-JD70A', 'Nissan', 1, '2025-09-29 12:35:15'),
(71, 71, '21410-JD70A', 'Nissan', 1, '2025-09-29 12:35:15'),
(72, 72, '21503-EN20A', 'Nissan', 1, '2025-09-29 12:35:15'),
(73, 73, '21504-EN20A', 'Nissan', 1, '2025-09-29 12:35:15'),
(74, 74, '21481-EN20A', 'Nissan', 1, '2025-09-29 12:35:15'),
(75, 75, '21200-EN20A', 'Nissan', 1, '2025-09-29 12:35:15'),
(76, 76, '21111-EN20A', 'Nissan', 1, '2025-09-29 12:35:15'),
(77, 77, '22630-EN20A', 'Nissan', 1, '2025-09-29 12:35:15'),
(78, 78, '21430-EN20A', 'Nissan', 1, '2025-09-29 12:35:15'),
(79, 79, '21710-JD70A', 'Nissan', 1, '2025-09-29 12:35:15'),
(80, 80, '27140-EN20A', 'Nissan', 1, '2025-09-29 12:35:15'),
(81, 81, '27116-EN20A', 'Nissan', 1, '2025-09-29 12:35:15'),
(82, 82, '92100-JD70A', 'Nissan', 1, '2025-09-29 12:35:15'),
(83, 83, '92600-JD70A', 'Nissan', 1, '2025-09-29 12:35:15'),
(84, 84, '92410-JD70A', 'Nissan', 1, '2025-09-29 12:35:15'),
(85, 85, 'KE902-99945', 'Nissan', 1, '2025-09-29 12:35:15'),
(86, 86, '24410-EN20A', 'Nissan', 1, '2025-09-29 12:35:15'),
(87, 87, '23100-EN20A', 'Nissan', 1, '2025-09-29 12:35:15'),
(88, 88, '23300-EN20A', 'Nissan', 1, '2025-09-29 12:35:15'),
(89, 89, '22448-EN20A', 'Nissan', 1, '2025-09-29 12:35:15'),
(90, 90, '17040-JD70A', 'Nissan', 1, '2025-09-29 12:35:15'),
(91, 91, '22693-EN20A', 'Nissan', 1, '2025-09-29 12:35:15'),
(92, 92, '22693-EN20B', 'Nissan', 1, '2025-09-29 12:35:15'),
(93, 93, '22680-7S000', 'Nissan', 1, '2025-09-29 12:35:15'),
(94, 94, '22060-EN20A', 'Nissan', 1, '2025-09-29 12:35:15'),
(95, 95, '25510-JD70A', 'Nissan', 1, '2025-09-29 12:35:15'),
(96, 96, '28800-JD70A', 'Nissan', 1, '2025-09-29 12:35:15'),
(97, 97, '28700-JD70A', 'Nissan', 1, '2025-09-29 12:35:15'),
(98, 98, '28890-JD70A', 'Nissan', 1, '2025-09-29 12:35:15'),
(99, 99, '28790-JD70A', 'Nissan', 1, '2025-09-29 12:35:15'),
(100, 100, '80731-JD70A', 'Nissan', 1, '2025-09-29 12:35:15'),
(101, 101, '80730-JD70A', 'Nissan', 1, '2025-09-29 12:35:15'),
(102, 102, '82721-JD70A', 'Nissan', 1, '2025-09-29 12:35:15'),
(103, 103, '82720-JD70A', 'Nissan', 1, '2025-09-29 12:35:15'),
(104, 104, 'H11-12V55W', 'Osram', 1, '2025-09-29 12:35:15'),
(105, 105, 'HB3-12V60W', 'Osram', 1, '2025-09-29 12:35:15'),
(106, 106, '26060-JD70A', 'Nissan', 1, '2025-09-29 12:35:15'),
(107, 107, '26010-JD70A', 'Nissan', 1, '2025-09-29 12:35:15'),
(108, 108, '26555-JD70A', 'Nissan', 1, '2025-09-29 12:35:15'),
(109, 109, '26550-JD70A', 'Nissan', 1, '2025-09-29 12:35:15'),
(110, 110, '26150-JD70A', 'Nissan', 1, '2025-09-29 12:35:15'),
(111, 111, '26155-JD70A', 'Nissan', 1, '2025-09-29 12:35:15'),
(112, 112, '26160-JD70A', 'Nissan', 1, '2025-09-29 12:35:15'),
(113, 113, '26165-JD70A', 'Nissan', 1, '2025-09-29 12:35:15'),
(114, 114, '26510-JD70A', 'Nissan', 1, '2025-09-29 12:35:15'),
(115, 115, '26430-JD70A', 'Nissan', 1, '2025-09-29 12:35:15'),
(116, 116, '26590-JD70A', 'Nissan', 1, '2025-09-29 12:35:15'),
(117, 117, '62022-JD70H', 'Nissan', 1, '2025-09-29 12:35:15'),
(118, 118, '85022-JD70H', 'Nissan', 1, '2025-09-29 12:35:15'),
(119, 119, '62310-JD70A', 'Nissan', 1, '2025-09-29 12:35:15'),
(120, 120, '65100-JD70A', 'Nissan', 1, '2025-09-29 12:35:15'),
(121, 121, '63100-JD70A', 'Nissan', 1, '2025-09-29 12:35:15'),
(122, 122, '63101-JD70A', 'Nissan', 1, '2025-09-29 12:35:15'),
(123, 123, '93820-JD70A', 'Nissan', 1, '2025-09-29 12:35:15'),
(124, 124, '93821-JD70A', 'Nissan', 1, '2025-09-29 12:35:15'),
(125, 125, '80670-JD70A', 'Nissan', 1, '2025-09-29 12:35:15'),
(126, 126, '80671-JD70A', 'Nissan', 1, '2025-09-29 12:35:15'),
(127, 127, '82670-JD70A', 'Nissan', 1, '2025-09-29 12:35:15'),
(128, 128, '82671-JD70A', 'Nissan', 1, '2025-09-29 12:35:15'),
(129, 129, '90600-JD70A', 'Nissan', 1, '2025-09-29 12:35:15'),
(130, 130, 'KE965-JD700', 'Nissan', 1, '2025-09-29 12:35:15'),
(131, 131, 'KE965-JD701', 'Nissan', 1, '2025-09-29 12:35:15'),
(132, 132, '87000-JD70A', 'Nissan', 1, '2025-09-29 12:35:15'),
(133, 133, '87001-JD70A', 'Nissan', 1, '2025-09-29 12:35:15'),
(134, 134, '88100-JD70A', 'Nissan', 1, '2025-09-29 12:35:15'),
(135, 135, '68000-JD70A', 'Nissan', 1, '2025-09-29 12:35:15'),
(136, 136, '48430-JD70A', 'Nissan', 1, '2025-09-29 12:35:15'),
(137, 137, 'KE745-JD700', 'Nissan', 1, '2025-09-29 12:35:15'),
(138, 138, 'KE965-JD702', 'Nissan', 1, '2025-09-29 12:35:15'),
(139, 139, '96401-JD70A', 'Nissan', 1, '2025-09-29 12:35:15'),
(140, 140, '96400-JD70A', 'Nissan', 1, '2025-09-29 12:35:15'),
(141, 141, '68500-JD70A', 'Nissan', 1, '2025-09-29 12:35:15'),
(142, 142, '68920-JD70A', 'Nissan', 1, '2025-09-29 12:35:15'),
(143, 143, '68950-JD70A', 'Nissan', 1, '2025-09-29 12:35:15'),
(144, 144, '27891-EN000', 'Nissan', 1, '2025-09-29 12:35:15'),
(145, 145, '80901-JD70A', 'Nissan', 1, '2025-09-29 12:35:15'),
(146, 146, '80900-JD70A', 'Nissan', 1, '2025-09-29 12:35:15'),
(147, 147, '82901-JD70A', 'Nissan', 1, '2025-09-29 12:35:15'),
(148, 148, '82900-JD70A', 'Nissan', 1, '2025-09-29 12:35:15'),
(149, 149, '86400-JD70A', 'Nissan', 1, '2025-09-29 12:35:15'),
(150, 150, '88400-JD70A', 'Nissan', 1, '2025-09-29 12:35:15'),
(151, 151, '80100-JD70A', 'Nissan', 1, '2025-09-29 12:35:15'),
(152, 152, '80101-JD70A', 'Nissan', 1, '2025-09-29 12:35:15'),
(153, 153, '82100-JD70A', 'Nissan', 1, '2025-09-29 12:35:15'),
(154, 154, '82101-JD70A', 'Nissan', 1, '2025-09-29 12:35:15'),
(155, 155, '80410-JD70A', 'Nissan', 1, '2025-09-29 12:35:15'),
(156, 156, '80411-JD70A', 'Nissan', 1, '2025-09-29 12:35:15'),
(157, 157, '80501-JD70A', 'Nissan', 1, '2025-09-29 12:35:15'),
(158, 158, '80500-JD70A', 'Nissan', 1, '2025-09-29 12:35:15'),
(159, 159, '82501-JD70A', 'Nissan', 1, '2025-09-29 12:35:15'),
(160, 160, '82500-JD70A', 'Nissan', 1, '2025-09-29 12:35:15'),
(161, 161, '80831-JD70A', 'Nissan', 1, '2025-09-29 12:35:15'),
(162, 162, '80830-JD70A', 'Nissan', 1, '2025-09-29 12:35:15'),
(163, 163, '82831-JD70A', 'Nissan', 1, '2025-09-29 12:35:15'),
(164, 164, '82830-JD70A', 'Nissan', 1, '2025-09-29 12:35:15'),
(165, 165, '80720-JD70A', 'Nissan', 1, '2025-09-29 12:35:15'),
(166, 166, '80721-JD70A', 'Nissan', 1, '2025-09-29 12:35:15'),
(167, 167, '80430-JD70A', 'Nissan', 1, '2025-09-29 12:35:15'),
(168, 168, '82430-JD70A', 'Nissan', 1, '2025-09-29 12:35:15'),
(169, 169, '96301-JD70A', 'Nissan', 1, '2025-09-29 12:35:15'),
(170, 170, '96302-JD70A', 'Nissan', 1, '2025-09-29 12:35:15'),
(171, 171, '96365-JD70A', 'Nissan', 1, '2025-09-29 12:35:15'),
(172, 172, '96366-JD70A', 'Nissan', 1, '2025-09-29 12:35:15'),
(173, 173, '96321-JD70A', 'Nissan', 1, '2025-09-29 12:35:15'),
(174, 174, '72700-JD70A', 'Nissan', 1, '2025-09-29 12:35:15'),
(175, 175, '90350-JD70A', 'Nissan', 1, '2025-09-29 12:35:15'),
(176, 176, '80310-JD70A', 'Nissan', 1, '2025-09-29 12:35:15'),
(177, 177, '80311-JD70A', 'Nissan', 1, '2025-09-29 12:35:15'),
(178, 178, '82310-JD70A', 'Nissan', 1, '2025-09-29 12:35:15'),
(179, 179, '82311-JD70A', 'Nissan', 1, '2025-09-29 12:35:15'),
(180, 180, '83340-JD70A', 'Nissan', 1, '2025-09-29 12:35:15'),
(181, 181, '83341-JD70A', 'Nissan', 1, '2025-09-29 12:35:15'),
(182, 182, '14001-EN20A', 'Nissan', 1, '2025-09-29 12:35:15'),
(183, 183, '20010-EN20A', 'Nissan', 1, '2025-09-29 12:35:15'),
(184, 184, '20100-EN20A', 'Nissan', 1, '2025-09-29 12:35:15'),
(185, 185, '20100-EN20B', 'Nissan', 1, '2025-09-29 12:35:15'),
(186, 186, '20010-JD70A', 'Nissan', 1, '2025-09-29 12:35:15'),
(187, 187, '14035-EN20A', 'Nissan', 1, '2025-09-29 12:35:15'),
(188, 188, '20651-EN20A', 'Nissan', 1, '2025-09-29 12:35:15'),
(189, 189, '14710-EN20A', 'Nissan', 1, '2025-09-29 12:35:15'),
(190, 190, '14041-EN20A', 'Nissan', 1, '2025-09-29 12:35:15'),
(191, 191, '40300-JD70A', 'Nissan', 1, '2025-09-29 12:35:15'),
(192, 192, '40342-JD70A', 'Nissan', 1, '2025-09-29 12:35:15'),
(193, 193, '215/60R17-96H', 'Yokohama', 1, '2025-09-29 12:35:15'),
(194, 194, '40224-JD70A', 'Nissan', 1, '2025-09-29 12:35:15'),
(195, 195, '43212-JD70A', 'Nissan', 1, '2025-09-29 12:35:15'),
(196, 196, 'T155/90D16', 'Nissan', 1, '2025-09-29 12:35:15'),
(197, 197, '40700-JD70A', 'Nissan', 1, '2025-09-29 12:35:15'),
(198, 198, '40315-JD70A', 'Nissan', 1, '2025-09-29 12:35:15'),
(199, 199, '40202-JD70A', 'Nissan', 1, '2025-09-29 12:35:15'),
(200, 200, '43202-JD70A', 'Nissan', 1, '2025-09-29 12:35:15'),
(201, 201, '90100-JD70A', 'Nissan', 1, '2025-09-29 12:35:15'),
(202, 202, '90450-JD70A', 'Nissan', 1, '2025-09-29 12:35:15'),
(203, 203, '90451-JD70A', 'Nissan', 1, '2025-09-29 12:35:15'),
(204, 204, '90501-JD70A', 'Nissan', 1, '2025-09-29 12:35:15'),
(205, 205, '90830-JD70A', 'Nissan', 1, '2025-09-29 12:35:15'),
(206, 206, '73100-JD70A', 'Nissan', 1, '2025-09-29 12:35:15'),
(207, 207, '76850-JD70A', 'Nissan', 1, '2025-09-29 12:35:15'),
(208, 208, '76851-JD70A', 'Nissan', 1, '2025-09-29 12:35:15'),
(209, 209, '63842-JD70A', 'Nissan', 1, '2025-09-29 12:35:15'),
(210, 210, '63843-JD70A', 'Nissan', 1, '2025-09-29 12:35:15'),
(211, 211, '84941-JD70A', 'Nissan', 1, '2025-09-29 12:35:15'),
(212, 212, '84940-JD70A', 'Nissan', 1, '2025-09-29 12:35:15'),
(213, 213, '75890-JD70A', 'Nissan', 1, '2025-09-29 12:35:15'),
(214, 214, '75891-JD70A', 'Nissan', 1, '2025-09-29 12:35:15'),
(215, 215, '54400-JD70A', 'Nissan', 1, '2025-09-29 12:35:15'),
(216, 216, '55400-JD70A', 'Nissan', 1, '2025-09-29 12:35:15'),
(217, 217, '62500-JD70A', 'Nissan', 1, '2025-09-29 12:35:15'),
(218, 218, '76210-JD70A', 'Nissan', 1, '2025-09-29 12:35:15'),
(219, 219, '76211-JD70A', 'Nissan', 1, '2025-09-29 12:35:15'),
(220, 220, '62100-JD70A', 'Nissan', 1, '2025-09-29 12:35:15'),
(221, 221, '85020-JD70A', 'Nissan', 1, '2025-09-29 12:35:15'),
(222, 222, 'MEC37-620', 'Nissan', 1, '2025-09-29 12:35:16'),
(223, 223, '31036-3TX0A', 'Nissan', 1, '2025-09-29 12:35:16'),
(224, 224, '47660-JD70A', 'Nissan', 1, '2025-09-29 12:35:16'),
(225, 225, '98820-JD70A', 'Nissan', 1, '2025-09-29 12:35:16'),
(226, 226, '284B2-JD70A', 'Nissan', 1, '2025-09-29 12:35:16'),
(227, 227, '18919-EN20A', 'Nissan', 1, '2025-09-29 12:35:16'),
(228, 228, '22630-EN20B', 'Nissan', 1, '2025-09-29 12:35:16'),
(229, 229, '25060-JD70A', 'Nissan', 1, '2025-09-29 12:35:16'),
(230, 230, '28438-JD70A', 'Nissan', 1, '2025-09-29 12:35:16'),
(231, 231, '28438-JD70B', 'Nissan', 1, '2025-09-29 12:35:16'),
(232, 232, '28800-JD71A', 'Nissan', 1, '2025-09-29 12:35:16'),
(233, 233, '28800-JD72A', 'Nissan', 1, '2025-09-29 12:35:16'),
(234, 234, '28185-JD70A', 'Nissan', 1, '2025-09-29 12:35:16'),
(235, 235, '28156-JD70A', 'Nissan', 1, '2025-09-29 12:35:16'),
(236, 236, '28156-JD70B', 'Nissan', 1, '2025-09-29 12:35:16'),
(237, 237, '28157-JD70A', 'Nissan', 1, '2025-09-29 12:35:16'),
(238, 238, '28157-JD70B', 'Nissan', 1, '2025-09-29 12:35:16'),
(239, 239, '28206-JD70A', 'Nissan', 1, '2025-09-29 12:35:16'),
(240, 240, '28442-JD70A', 'Nissan', 1, '2025-09-29 12:35:16'),
(241, 241, '25230-JD70A', 'Nissan', 1, '2025-09-29 12:35:16'),
(242, 242, '28395-JD70A', 'Nissan', 1, '2025-09-29 12:35:16'),
(243, 243, '28396-JD70A', 'Nissan', 1, '2025-09-29 12:35:16'),
(244, 244, '28268-JD70A', 'Nissan', 1, '2025-09-29 12:46:39'),
(245, 245, '80671-JD70A1', 'Nissan', 1, '2025-09-29 12:46:39'),
(246, 246, '999M1-J010P', 'Nissan', 1, '2025-09-29 12:46:39'),
(247, 247, '999M1-J010S', 'Nissan', 1, '2025-09-29 12:46:39'),
(248, 248, '999T1-G2000', 'Nissan', 1, '2025-09-29 12:46:39'),
(249, 249, '999T1-G2001', 'Nissan', 1, '2025-09-29 12:46:39'),
(250, 250, '99550-JD70A', 'Nissan', 1, '2025-09-29 12:46:39'),
(251, 251, '99551-JD70A', 'Nissan', 1, '2025-09-29 12:46:39'),
(252, 252, '999T1-G2002', 'Nissan', 1, '2025-09-29 12:46:39'),
(360, 405, 'KYB-339232L', 'KYB', 1, '2025-09-29 13:35:08'),
(361, 406, 'MON-72641L', 'Monroe', 1, '2025-09-29 13:35:08'),
(362, 407, 'KYB-339232R', 'KYB', 1, '2025-09-29 13:35:08'),
(363, 408, 'MON-72641R', 'Monroe', 1, '2025-09-29 13:35:08'),
(364, 409, 'NISSAN-54302L-USED', 'Nissan', 1, '2025-09-29 13:35:08'),
(365, 410, 'NISSAN-54303R-USED', 'Nissan', 1, '2025-09-29 13:35:08'),
(366, 411, 'MOOG-K750214', 'Moog', 1, '2025-09-29 13:35:08'),
(367, 412, 'TRW-JTS564', 'TRW', 1, '2025-09-29 13:35:08'),
(368, 413, 'FEBEST-0120J10', 'Febest', 1, '2025-09-29 13:35:08'),
(369, 414, 'MOOG-K500175', 'Moog', 1, '2025-09-29 13:35:08'),
(370, 415, 'DENSO-2219236', 'Denso', 1, '2025-09-29 13:35:08'),
(371, 416, 'KOYO-PA010474', 'Koyo', 1, '2025-09-29 13:35:08'),
(372, 417, 'NISSAN-21410-USED', 'Nissan', 1, '2025-09-29 13:35:08'),
(373, 418, 'GATES-33508', 'Gates', 1, '2025-09-29 13:35:08'),
(374, 419, 'WAHLER-422782D', 'Wahler', 1, '2025-09-29 13:35:08'),
(375, 420, 'BOSCH-S4025', 'Bosch', 1, '2025-09-29 13:35:08'),
(376, 421, 'VARTA-E11', 'Varta', 1, '2025-09-29 13:35:08'),
(377, 422, 'BOSCH-AL0895X', 'Bosch', 1, '2025-09-29 13:35:08'),
(378, 423, 'DENSO-2100709', 'Denso', 1, '2025-09-29 13:35:08'),
(379, 424, 'NISSAN-23100-USED', 'Nissan', 1, '2025-09-29 13:35:08'),
(380, 425, 'W712/73', 'Mann Filter', 1, '2025-09-29 13:35:41'),
(381, 426, 'P3336', 'Bosch', 1, '2025-09-29 13:35:41'),
(382, 427, '15208-65F0A-USED', 'Nissan', 1, '2025-09-29 13:35:41'),
(383, 428, '33-2375', 'K&N', 1, '2025-09-29 13:35:41'),
(384, 429, 'CA10262', 'Fram', 1, '2025-09-29 13:35:41'),
(385, 430, 'IK20', 'Denso', 1, '2025-09-29 13:35:41'),
(386, 431, 'FR7DPX', 'Bosch', 1, '2025-09-29 13:35:41'),
(387, 432, 'WPN-089', 'Aisin', 1, '2025-09-29 13:35:41'),
(388, 433, 'GWN-84A', 'GMB', 1, '2025-09-29 13:35:41'),
(389, 434, '21010-EN20A-USED', 'Nissan', 1, '2025-09-29 13:35:41'),
(390, 435, '30301201-746', 'Idemitsu', 1, '2025-09-29 13:35:42'),
(391, 436, 'VV324', 'Valvoline', 1, '2025-09-29 13:35:42'),
(392, 437, '100 498 0064', 'Meyle', 1, '2025-09-29 13:35:42'),
(393, 438, '0215-J10F', 'Febest', 1, '2025-09-29 13:35:42'),
(394, 439, 'ACT1312', 'Akebono', 1, '2025-09-29 13:35:42'),
(395, 440, 'GDB3421', 'TRW', 1, '2025-09-29 13:35:42'),
(396, 441, 'D1060-JD70A-USED', 'Nissan', 1, '2025-09-29 13:35:42'),
(397, 442, 'P56 060', 'Brembo', 1, '2025-09-29 13:35:42'),
(398, 443, 'DB1820', 'Bendix', 1, '2025-09-29 13:35:42'),
(399, 444, '09.9772.11', 'Brembo', 1, '2025-09-29 13:35:42'),
(400, 445, '24.0125-0195.1', 'ATE', 1, '2025-09-29 13:35:42'),
(401, 446, '40206-JD70A-USED', 'Nissan', 1, '2025-09-29 13:35:42'),
(402, 447, 'MANN-CUK2442', 'Mann Filter', 1, '2025-09-29 13:38:02'),
(403, 448, 'BOSCH-1987432120', 'Bosch', 1, '2025-09-29 13:38:02'),
(404, 449, 'CASTROL-15337F', 'Castrol', 1, '2025-09-29 13:38:02'),
(405, 450, 'MOBIL1-120764', 'Mobil 1', 1, '2025-09-29 13:38:02'),
(406, 451, 'MANN-WK512', 'Mann Filter', 1, '2025-09-29 13:38:02'),
(407, 452, 'BOSCH-0580464070', 'Bosch', 1, '2025-09-29 13:38:02'),
(408, 453, 'BRIDGESTONE-T005-21560R17', 'Bridgestone', 1, '2025-09-29 13:38:02'),
(409, 454, 'MICHELIN-PRIM4-21560R17', 'Michelin', 1, '2025-09-29 13:38:02'),
(410, 455, 'USED-21560R17-70PCT', 'Various', 1, '2025-09-29 13:38:02'),
(411, 456, 'SKF-VKBA3643', 'SKF', 1, '2025-09-29 13:38:02'),
(412, 457, 'NSK-62TB0629B01', 'NSK', 1, '2025-09-29 13:38:02'),
(413, 458, 'NISSAN-40202-USED', 'Nissan', 1, '2025-09-29 13:38:02'),
(414, 459, 'VICTORREINZ-027911', 'Victor Reinz', 1, '2025-09-29 13:38:02'),
(415, 460, 'ELRING-915232', 'Elring', 1, '2025-09-29 13:38:02'),
(416, 461, 'WALKER-21356', 'Walker', 1, '2025-09-29 13:38:03'),
(417, 462, 'BOSAL-175441', 'Bosal', 1, '2025-09-29 13:38:03'),
(418, 463, 'NISSAN-20100B-USED', 'Nissan', 1, '2025-09-29 13:38:03'),
(419, 464, 'BOSCH-15730', 'Bosch', 1, '2025-09-29 13:38:03'),
(420, 465, 'DENSO-2349029', 'Denso', 1, '2025-09-29 13:38:03'),
(421, 466, 'NISSAN-22693-USED', 'Nissan', 1, '2025-09-29 13:38:03'),
(422, 467, 'TYC-20-9179-00-1', 'TYC', 1, '2025-09-29 13:40:13'),
(423, 468, 'DEPO-260-1173L-LDEM2', 'Depo', 1, '2025-09-29 13:40:13'),
(424, 469, 'NISSAN-26060L-USED', 'Nissan', 1, '2025-09-29 13:40:13'),
(425, 470, 'TYC-11-6538-01-1', 'TYC', 1, '2025-09-29 13:40:13'),
(426, 471, 'DEPO-260-1939L-UE', 'Depo', 1, '2025-09-29 13:40:13'),
(427, 472, 'TYC-19-0940-01-9', 'TYC', 1, '2025-09-29 13:40:13'),
(428, 473, 'DEPO-260-2006L-AQ', 'Depo', 1, '2025-09-29 13:40:13'),
(429, 474, 'SHERMAN-NI1000274', 'Sherman', 1, '2025-09-29 13:40:13'),
(430, 475, 'REPLACE-NI1000274C', 'Replace', 1, '2025-09-29 13:40:13'),
(431, 476, 'NISSAN-62022-USED', 'Nissan', 1, '2025-09-29 13:40:13'),
(432, 477, 'TYC-5210141-2CAT', 'TYC', 1, '2025-09-29 13:40:13'),
(433, 478, 'KOOLVUE-NI26EL', 'Kool Vue', 1, '2025-09-29 13:40:13'),
(434, 479, 'NISSAN-96301L-USED', 'Nissan', 1, '2025-09-29 13:40:13'),
(435, 480, 'REPLACE-NI1200239', 'Replace', 1, '2025-09-29 13:40:13'),
(436, 481, 'SHERMAN-NI1200239V', 'Sherman', 1, '2025-09-29 13:40:13'),
(437, 482, 'WEATHERTECH-443021', 'WeatherTech', 1, '2025-09-29 13:40:13'),
(438, 483, 'HUSKY-98921', 'Husky Liners', 1, '2025-09-29 13:40:13'),
(439, 484, 'WEATHERTECH-40498', 'WeatherTech', 1, '2025-09-29 13:40:13'),
(440, 485, 'HUSKY-23921', 'Husky Liners', 1, '2025-09-29 13:40:13'),
(441, 486, 'SPARCO-SPC1111', 'Sparco', 1, '2025-09-29 13:40:13');

-- --------------------------------------------------------

--
-- Table structure for table `provider_availability`
--

CREATE TABLE `provider_availability` (
  `id` int(10) UNSIGNED NOT NULL,
  `provider_id` int(10) UNSIGNED NOT NULL,
  `day_of_week` tinyint(4) NOT NULL,
  `open_time` time DEFAULT NULL,
  `close_time` time DEFAULT NULL,
  `is_available` tinyint(1) DEFAULT 1
) ENGINE=InnoDB DEFAULT CHARSET=utf8mb4 COLLATE=utf8mb4_unicode_ci;

-- --------------------------------------------------------

--
-- Table structure for table `saved_vehicles`
--

CREATE TABLE `saved_vehicles` (
  `id` int(10) UNSIGNED NOT NULL,
  `user_id` int(10) UNSIGNED NOT NULL,
  `model_year_id` int(10) UNSIGNED NOT NULL,
  `registration_number` varchar(50) DEFAULT NULL,
  `nickname` varchar(50) DEFAULT NULL,
  `vin` varchar(17) DEFAULT NULL,
  `created_at` timestamp NULL DEFAULT current_timestamp()
) ENGINE=InnoDB DEFAULT CHARSET=utf8mb4 COLLATE=utf8mb4_unicode_ci;

--
-- Dumping data for table `saved_vehicles`
--

INSERT INTO `saved_vehicles` (`id`, `user_id`, `model_year_id`, `registration_number`, `nickname`, `vin`, `created_at`) VALUES
(1, 1, 263, 'T 123 ABC', 'Mziki Mnene', '', '2025-09-29 21:20:50');

-- --------------------------------------------------------

--
-- Table structure for table `search_logs`
--

CREATE TABLE `search_logs` (
  `id` int(10) UNSIGNED NOT NULL,
  `user_id` int(10) UNSIGNED DEFAULT NULL,
  `search_type` enum('vehicle','part_number','part_name') NOT NULL,
  `search_query` varchar(255) DEFAULT NULL,
  `results_count` int(11) DEFAULT 0,
  `ip_address` varchar(45) DEFAULT NULL,
  `created_at` timestamp NULL DEFAULT current_timestamp()
) ENGINE=InnoDB DEFAULT CHARSET=utf8mb4 COLLATE=utf8mb4_unicode_ci;

-- --------------------------------------------------------

--
-- Table structure for table `service_bookings`
--

CREATE TABLE `service_bookings` (
  `id` int(10) UNSIGNED NOT NULL,
  `user_id` int(10) UNSIGNED NOT NULL,
  `vehicle_id` int(10) UNSIGNED NOT NULL,
  `provider_id` int(10) UNSIGNED DEFAULT NULL,
  `category_id` int(10) UNSIGNED NOT NULL,
  `preferred_date` date DEFAULT NULL,
  `preferred_time` time DEFAULT NULL,
  `problem_description` text DEFAULT NULL,
  `urgency` enum('low','medium','high','emergency') DEFAULT 'medium',
  `status` enum('pending','accepted','rejected','completed','cancelled') DEFAULT 'pending',
  `provider_notes` text DEFAULT NULL,
  `created_at` timestamp NULL DEFAULT current_timestamp(),
  `updated_at` timestamp NULL DEFAULT current_timestamp() ON UPDATE current_timestamp()
) ENGINE=InnoDB DEFAULT CHARSET=utf8mb4 COLLATE=utf8mb4_unicode_ci;

-- --------------------------------------------------------

--
-- Table structure for table `service_categories`
--

CREATE TABLE `service_categories` (
  `id` int(10) UNSIGNED NOT NULL,
  `name` varchar(100) NOT NULL,
  `icon` varchar(10) DEFAULT NULL,
  `sort_order` int(11) DEFAULT 0,
  `active` tinyint(1) DEFAULT 1,
  `created_at` timestamp NULL DEFAULT current_timestamp()
) ENGINE=InnoDB DEFAULT CHARSET=utf8mb4 COLLATE=utf8mb4_unicode_ci;

--
-- Dumping data for table `service_categories`
--

INSERT INTO `service_categories` (`id`, `name`, `icon`, `sort_order`, `active`, `created_at`) VALUES
(1, 'Oil Change', '🛢️', 1, 1, '2025-09-29 21:45:48'),
(2, 'Brake Service', '🛑', 2, 1, '2025-09-29 21:45:48'),
(3, 'Engine Repair', '⚙️', 3, 1, '2025-09-29 21:45:48'),
(4, 'Transmission', '🔧', 4, 1, '2025-09-29 21:45:48'),
(5, 'Suspension', '🚗', 5, 1, '2025-09-29 21:45:48'),
(6, 'AC Service', '❄️', 6, 1, '2025-09-29 21:45:48'),
(7, 'Electrical', '🔌', 7, 1, '2025-09-29 21:45:48'),
(8, 'Body Work', '🚪', 8, 1, '2025-09-29 21:45:48'),
(9, 'Tire Service', '🛞', 9, 1, '2025-09-29 21:45:48'),
(10, 'General Checkup', '✔️', 10, 1, '2025-09-29 21:45:48'),
(11, 'Emergency', '🚨', 11, 1, '2025-09-29 21:45:48'),
(12, 'Other', '🔨', 12, 1, '2025-09-29 21:45:48');

-- --------------------------------------------------------

--
-- Table structure for table `service_parts`
--

CREATE TABLE `service_parts` (
  `id` int(10) UNSIGNED NOT NULL,
  `service_id` int(10) UNSIGNED NOT NULL,
  `part_id` int(10) UNSIGNED NOT NULL,
  `quantity` int(11) DEFAULT 1,
  `unit_price` decimal(10,2) DEFAULT NULL,
  `total_price` decimal(10,2) DEFAULT NULL,
  `part_condition` enum('new','used','refurbished') DEFAULT 'new',
  `warranty_months` int(11) DEFAULT 0,
  `created_at` timestamp NULL DEFAULT current_timestamp()
) ENGINE=InnoDB DEFAULT CHARSET=utf8mb4 COLLATE=utf8mb4_unicode_ci;

-- --------------------------------------------------------

--
-- Table structure for table `service_providers`
--

CREATE TABLE `service_providers` (
  `id` int(10) UNSIGNED NOT NULL,
  `type` enum('mechanic','garage') NOT NULL,
  `business_name` varchar(100) NOT NULL,
  `owner_name` varchar(100) DEFAULT NULL,
  `phone` varchar(20) NOT NULL,
  `email` varchar(100) DEFAULT NULL,
  `city_id` int(10) UNSIGNED DEFAULT NULL,
  `address` text DEFAULT NULL,
  `specialization` varchar(255) DEFAULT NULL,
  `experience_years` int(11) DEFAULT 0,
  `certification` varchar(255) DEFAULT NULL,
  `latitude` decimal(10,8) DEFAULT NULL,
  `longitude` decimal(11,8) DEFAULT NULL,
  `rating` decimal(2,1) DEFAULT 0.0,
  `verified_at` datetime DEFAULT NULL,
  `verification_token` varchar(6) DEFAULT NULL,
  `token_expires_at` datetime DEFAULT NULL,
  `active` tinyint(1) DEFAULT 1,
  `created_at` timestamp NULL DEFAULT current_timestamp(),
  `updated_at` timestamp NULL DEFAULT current_timestamp() ON UPDATE current_timestamp()
) ENGINE=InnoDB DEFAULT CHARSET=utf8mb4 COLLATE=utf8mb4_unicode_ci;

-- --------------------------------------------------------

--
-- Table structure for table `service_records`
--

CREATE TABLE `service_records` (
  `id` int(10) UNSIGNED NOT NULL,
  `vehicle_id` int(10) UNSIGNED NOT NULL,
  `provider_id` int(10) UNSIGNED NOT NULL,
  `category_id` int(10) UNSIGNED NOT NULL,
  `service_date` date NOT NULL,
  `mileage` int(11) NOT NULL,
  `next_service_mileage` int(11) DEFAULT NULL,
  `next_service_date` date DEFAULT NULL,
  `labor_cost` decimal(10,2) DEFAULT 0.00,
  `parts_cost` decimal(10,2) DEFAULT 0.00,
  `total_cost` decimal(10,2) DEFAULT 0.00,
  `currency_id` int(10) UNSIGNED DEFAULT NULL,
  `notes` text DEFAULT NULL,
  `invoice_number` varchar(50) DEFAULT NULL,
  `status` enum('scheduled','in_progress','completed','cancelled') DEFAULT 'completed',
  `created_at` timestamp NULL DEFAULT current_timestamp()
) ENGINE=InnoDB DEFAULT CHARSET=utf8mb4 COLLATE=utf8mb4_unicode_ci;

-- --------------------------------------------------------

--
-- Table structure for table `settings`
--

CREATE TABLE `settings` (
  `id` int(10) UNSIGNED NOT NULL,
  `setting_key` varchar(100) NOT NULL,
  `setting_value` text DEFAULT NULL,
  `setting_type` enum('text','number','boolean','json') DEFAULT 'text',
  `description` text DEFAULT NULL,
  `created_at` timestamp NULL DEFAULT current_timestamp(),
  `updated_at` timestamp NULL DEFAULT current_timestamp() ON UPDATE current_timestamp()
) ENGINE=InnoDB DEFAULT CHARSET=utf8mb4 COLLATE=utf8mb4_unicode_ci;

-- --------------------------------------------------------

--
-- Table structure for table `shops`
--

CREATE TABLE `shops` (
  `id` int(10) UNSIGNED NOT NULL,
  `name` varchar(100) NOT NULL,
  `type` enum('dealer','aftermarket','used_parts','multi') NOT NULL,
  `city_id` int(10) UNSIGNED NOT NULL,
  `address` text DEFAULT NULL,
  `phone` varchar(20) DEFAULT NULL,
  `email` varchar(100) DEFAULT NULL,
  `website` varchar(255) DEFAULT NULL,
  `latitude` decimal(10,8) DEFAULT NULL,
  `longitude` decimal(11,8) DEFAULT NULL,
  `rating` decimal(2,1) DEFAULT 0.0,
  `verified` tinyint(1) DEFAULT 0,
  `verification_token` varchar(6) DEFAULT NULL,
  `token_expires_at` datetime DEFAULT NULL,
  `active` tinyint(1) DEFAULT 1,
  `created_at` timestamp NULL DEFAULT current_timestamp(),
  `updated_at` timestamp NULL DEFAULT current_timestamp() ON UPDATE current_timestamp()
) ENGINE=InnoDB DEFAULT CHARSET=utf8mb4 COLLATE=utf8mb4_unicode_ci;

--
-- Dumping data for table `shops`
--

INSERT INTO `shops` (`id`, `name`, `type`, `city_id`, `address`, `phone`, `email`, `website`, `latitude`, `longitude`, `rating`, `verified`, `verification_token`, `token_expires_at`, `active`, `created_at`, `updated_at`) VALUES
(1, 'Nissan Tanzania - Dar es Salaam', 'dealer', 122, 'Plot 1656, Nyerere Road, Dar es Salaam', '+255-22-286-0000', 'sales@nissan.co.tz', 'www.nissan.co.tz', -6.79240000, 39.20830000, 0.0, 1, NULL, NULL, 1, '2025-09-29 11:28:52', '2025-09-29 11:28:52'),
(2, 'Tandale Used', 'used_parts', 122, 'Tandale Area, Mwananyamala Road, Dar es Salaam', '+255-713-456-789', 'info@tandaleused.co.tz', NULL, -6.76350000, 39.23750000, 0.0, 1, NULL, NULL, 1, '2025-09-29 13:15:24', '2025-09-29 13:15:24'),
(3, 'MR Genuine', 'aftermarket', 122, 'Kariakoo, Morogoro Road, Dar es Salaam', '+255-754-321-098', 'sales@mrgenuine.co.tz', 'www.mrgenuine.co.tz', -6.81670000, 39.28330000, 0.0, 1, NULL, NULL, 1, '2025-09-29 13:15:24', '2025-09-29 13:15:24'),
(4, 'DBT Auto', 'aftermarket', 122, 'Ubungo, Morogoro Road, Dar es Salaam', '+255-765-432-109', 'contact@dbtauto.co.tz', 'www.dbtauto.co.tz', -6.78330000, 39.25000000, 0.0, 1, NULL, NULL, 1, '2025-09-29 13:15:24', '2025-09-29 13:15:24'),
(5, 'Auto Hub', 'multi', 122, 'Kijichi', '+255757100063', 'sophia@jmfeeds.co.tz', NULL, NULL, NULL, 0.0, 1, '785881', '2025-09-30 16:12:36', 1, '2025-09-30 12:12:36', '2025-09-30 12:13:10');

-- --------------------------------------------------------

--
-- Table structure for table `shop_inventory`
--

CREATE TABLE `shop_inventory` (
  `id` int(10) UNSIGNED NOT NULL,
  `shop_id` int(10) UNSIGNED NOT NULL,
  `part_id` int(10) UNSIGNED NOT NULL,
  `currency_id` int(10) UNSIGNED NOT NULL,
  `price` decimal(12,2) NOT NULL,
  `quantity` int(11) DEFAULT 0,
  `warranty_months` int(11) DEFAULT 0,
  `condition_rating` enum('new','like_new','good','fair') DEFAULT 'new',
  `availability` enum('in_stock','out_of_stock','on_order') DEFAULT 'in_stock',
  `created_at` timestamp NULL DEFAULT current_timestamp(),
  `updated_at` timestamp NULL DEFAULT current_timestamp() ON UPDATE current_timestamp()
) ENGINE=InnoDB DEFAULT CHARSET=utf8mb4 COLLATE=utf8mb4_unicode_ci;

--
-- Dumping data for table `shop_inventory`
--

INSERT INTO `shop_inventory` (`id`, `shop_id`, `part_id`, `currency_id`, `price`, `quantity`, `warranty_months`, `condition_rating`, `availability`, `created_at`, `updated_at`) VALUES
(1, 1, 1, 9, 45000.00, 15, 12, 'new', 'in_stock', '2025-09-29 12:56:33', '2025-09-29 12:56:33'),
(2, 1, 2, 9, 85000.00, 10, 12, 'new', 'in_stock', '2025-09-29 12:56:33', '2025-09-29 12:56:33'),
(3, 1, 3, 9, 180000.00, 8, 24, 'new', 'in_stock', '2025-09-29 12:56:33', '2025-09-29 12:56:33'),
(4, 1, 4, 9, 95000.00, 20, 0, 'new', 'in_stock', '2025-09-29 12:56:33', '2025-09-29 12:56:33'),
(5, 1, 5, 9, 1850000.00, 3, 24, 'new', 'on_order', '2025-09-29 12:56:33', '2025-09-29 12:56:33'),
(6, 1, 6, 9, 650000.00, 5, 12, 'new', 'in_stock', '2025-09-29 12:56:33', '2025-09-29 12:56:33'),
(7, 1, 7, 9, 350000.00, 4, 12, 'new', 'in_stock', '2025-09-29 12:56:33', '2025-09-29 12:56:33'),
(8, 1, 8, 9, 420000.00, 2, 12, 'new', 'in_stock', '2025-09-29 12:56:33', '2025-09-29 12:56:33'),
(9, 1, 9, 9, 55000.00, 10, 12, 'new', 'in_stock', '2025-09-29 12:56:33', '2025-09-29 12:56:33'),
(10, 1, 10, 9, 35000.00, 12, 12, 'new', 'in_stock', '2025-09-29 12:56:33', '2025-09-29 12:56:33'),
(11, 1, 11, 9, 28000.00, 15, 12, 'new', 'in_stock', '2025-09-29 12:56:33', '2025-09-29 12:56:33'),
(12, 1, 12, 9, 95000.00, 8, 12, 'new', 'in_stock', '2025-09-29 12:56:33', '2025-09-29 12:56:33'),
(13, 1, 13, 9, 120000.00, 6, 12, 'new', 'in_stock', '2025-09-29 12:56:33', '2025-09-29 12:56:33'),
(14, 1, 14, 9, 75000.00, 6, 12, 'new', 'in_stock', '2025-09-29 12:56:33', '2025-09-29 12:56:33'),
(15, 1, 15, 9, 185000.00, 4, 12, 'new', 'in_stock', '2025-09-29 12:56:33', '2025-09-29 12:56:33'),
(16, 1, 16, 9, 195000.00, 4, 12, 'new', 'in_stock', '2025-09-29 12:56:33', '2025-09-29 12:56:33'),
(17, 1, 17, 9, 480000.00, 3, 12, 'new', 'in_stock', '2025-09-29 12:56:33', '2025-09-29 12:56:33'),
(18, 1, 18, 9, 520000.00, 3, 12, 'new', 'in_stock', '2025-09-29 12:56:33', '2025-09-29 12:56:33'),
(19, 1, 19, 9, 450000.00, 3, 12, 'new', 'in_stock', '2025-09-29 12:56:33', '2025-09-29 12:56:33'),
(20, 1, 20, 9, 1250000.00, 2, 12, 'new', 'on_order', '2025-09-29 12:56:33', '2025-09-29 12:56:33'),
(21, 1, 21, 9, 125000.00, 10, 0, 'new', 'in_stock', '2025-09-29 12:56:33', '2025-09-29 12:56:33'),
(22, 1, 22, 9, 95000.00, 6, 12, 'new', 'in_stock', '2025-09-29 12:56:33', '2025-09-29 12:56:33'),
(23, 1, 23, 9, 2850000.00, 1, 24, 'new', 'on_order', '2025-09-29 12:56:33', '2025-09-29 12:56:33'),
(24, 1, 24, 9, 2850000.00, 1, 24, 'new', 'on_order', '2025-09-29 12:56:33', '2025-09-29 12:56:33'),
(25, 1, 25, 9, 45000.00, 8, 12, 'new', 'in_stock', '2025-09-29 12:56:33', '2025-09-29 12:56:33'),
(26, 1, 26, 9, 38000.00, 8, 12, 'new', 'in_stock', '2025-09-29 12:56:33', '2025-09-29 12:56:33'),
(27, 1, 27, 9, 380000.00, 3, 12, 'new', 'in_stock', '2025-09-29 12:56:33', '2025-09-29 12:56:33'),
(28, 1, 28, 9, 75000.00, 8, 0, 'new', 'in_stock', '2025-09-29 12:56:33', '2025-09-29 12:56:33'),
(29, 1, 29, 9, 1950000.00, 1, 24, 'new', 'on_order', '2025-09-29 12:56:33', '2025-09-29 12:56:33'),
(30, 1, 30, 9, 285000.00, 2, 12, 'new', 'in_stock', '2025-09-29 12:56:33', '2025-09-29 12:56:33'),
(31, 1, 31, 9, 850000.00, 4, 12, 'new', 'in_stock', '2025-09-29 12:56:33', '2025-09-29 12:56:33'),
(32, 1, 32, 9, 850000.00, 4, 12, 'new', 'in_stock', '2025-09-29 12:56:33', '2025-09-29 12:56:33'),
(33, 1, 33, 9, 420000.00, 4, 12, 'new', 'in_stock', '2025-09-29 12:56:33', '2025-09-29 12:56:33'),
(34, 1, 34, 9, 420000.00, 4, 12, 'new', 'in_stock', '2025-09-29 12:56:33', '2025-09-29 12:56:33'),
(35, 1, 35, 9, 185000.00, 6, 12, 'new', 'in_stock', '2025-09-29 12:56:33', '2025-09-29 12:56:33'),
(36, 1, 36, 9, 185000.00, 6, 12, 'new', 'in_stock', '2025-09-29 12:56:33', '2025-09-29 12:56:33'),
(37, 1, 37, 9, 165000.00, 6, 12, 'new', 'in_stock', '2025-09-29 12:56:33', '2025-09-29 12:56:33'),
(38, 1, 38, 9, 165000.00, 6, 12, 'new', 'in_stock', '2025-09-29 12:56:33', '2025-09-29 12:56:33'),
(39, 1, 39, 9, 680000.00, 2, 12, 'new', 'in_stock', '2025-09-29 12:56:33', '2025-09-29 12:56:33'),
(40, 1, 40, 9, 680000.00, 2, 12, 'new', 'in_stock', '2025-09-29 12:56:33', '2025-09-29 12:56:33'),
(41, 1, 41, 9, 720000.00, 2, 12, 'new', 'on_order', '2025-09-29 12:56:33', '2025-09-29 12:56:33'),
(42, 1, 42, 9, 720000.00, 2, 12, 'new', 'on_order', '2025-09-29 12:56:33', '2025-09-29 12:56:33'),
(43, 1, 43, 9, 385000.00, 3, 12, 'new', 'in_stock', '2025-09-29 12:56:33', '2025-09-29 12:56:33'),
(44, 1, 44, 9, 295000.00, 3, 12, 'new', 'in_stock', '2025-09-29 12:56:33', '2025-09-29 12:56:33'),
(45, 1, 45, 9, 65000.00, 8, 12, 'new', 'in_stock', '2025-09-29 12:56:33', '2025-09-29 12:56:33'),
(46, 1, 46, 9, 65000.00, 8, 12, 'new', 'in_stock', '2025-09-29 12:56:33', '2025-09-29 12:56:33'),
(47, 1, 47, 9, 55000.00, 8, 12, 'new', 'in_stock', '2025-09-29 12:56:33', '2025-09-29 12:56:33'),
(48, 1, 48, 9, 55000.00, 8, 12, 'new', 'in_stock', '2025-09-29 12:56:33', '2025-09-29 12:56:33'),
(49, 1, 49, 9, 145000.00, 4, 12, 'new', 'in_stock', '2025-09-29 12:56:33', '2025-09-29 12:56:33'),
(50, 1, 50, 9, 145000.00, 4, 12, 'new', 'in_stock', '2025-09-29 12:56:33', '2025-09-29 12:56:33'),
(51, 1, 51, 9, 285000.00, 8, 12, 'new', 'in_stock', '2025-09-29 12:56:33', '2025-09-29 12:56:33'),
(52, 1, 52, 9, 265000.00, 8, 12, 'new', 'in_stock', '2025-09-29 12:56:33', '2025-09-29 12:56:33'),
(53, 1, 53, 9, 420000.00, 4, 12, 'new', 'in_stock', '2025-09-29 12:56:33', '2025-09-29 12:56:33'),
(54, 1, 54, 9, 420000.00, 4, 12, 'new', 'in_stock', '2025-09-29 12:56:33', '2025-09-29 12:56:33'),
(55, 1, 55, 9, 380000.00, 4, 12, 'new', 'in_stock', '2025-09-29 12:56:33', '2025-09-29 12:56:33'),
(56, 1, 56, 9, 380000.00, 4, 12, 'new', 'in_stock', '2025-09-29 12:56:33', '2025-09-29 12:56:33'),
(57, 1, 57, 9, 1450000.00, 2, 12, 'new', 'on_order', '2025-09-29 12:56:33', '2025-09-29 12:56:33'),
(58, 1, 58, 9, 1450000.00, 2, 12, 'new', 'on_order', '2025-09-29 12:56:33', '2025-09-29 12:56:33'),
(59, 1, 59, 9, 1280000.00, 2, 12, 'new', 'on_order', '2025-09-29 12:56:33', '2025-09-29 12:56:33'),
(60, 1, 60, 9, 1280000.00, 2, 12, 'new', 'on_order', '2025-09-29 12:56:33', '2025-09-29 12:56:33'),
(61, 1, 61, 9, 1850000.00, 1, 12, 'new', 'on_order', '2025-09-29 12:56:33', '2025-09-29 12:56:33'),
(62, 1, 62, 9, 1650000.00, 1, 12, 'new', 'on_order', '2025-09-29 12:56:33', '2025-09-29 12:56:33'),
(63, 1, 63, 9, 35000.00, 15, 0, 'new', 'in_stock', '2025-09-29 12:56:33', '2025-09-29 12:56:33'),
(64, 1, 64, 9, 125000.00, 4, 12, 'new', 'in_stock', '2025-09-29 12:56:33', '2025-09-29 12:56:33'),
(65, 1, 65, 9, 125000.00, 4, 12, 'new', 'in_stock', '2025-09-29 12:56:33', '2025-09-29 12:56:33'),
(66, 1, 66, 9, 125000.00, 4, 12, 'new', 'in_stock', '2025-09-29 12:56:33', '2025-09-29 12:56:33'),
(67, 1, 67, 9, 125000.00, 4, 12, 'new', 'in_stock', '2025-09-29 12:56:33', '2025-09-29 12:56:33'),
(68, 1, 68, 9, 75000.00, 8, 12, 'new', 'in_stock', '2025-09-29 12:56:33', '2025-09-29 12:56:33'),
(69, 1, 69, 9, 75000.00, 8, 12, 'new', 'in_stock', '2025-09-29 12:56:33', '2025-09-29 12:56:33'),
(70, 1, 70, 9, 185000.00, 2, 12, 'new', 'in_stock', '2025-09-29 12:56:33', '2025-09-29 12:56:33'),
(71, 1, 71, 9, 1850000.00, 2, 12, 'new', 'in_stock', '2025-09-29 12:56:33', '2025-09-29 12:56:33'),
(72, 1, 72, 9, 85000.00, 6, 12, 'new', 'in_stock', '2025-09-29 12:56:33', '2025-09-29 12:56:33'),
(73, 1, 73, 9, 95000.00, 6, 12, 'new', 'in_stock', '2025-09-29 12:56:33', '2025-09-29 12:56:33'),
(74, 1, 74, 9, 850000.00, 2, 12, 'new', 'in_stock', '2025-09-29 12:56:33', '2025-09-29 12:56:33'),
(75, 1, 75, 9, 65000.00, 8, 12, 'new', 'in_stock', '2025-09-29 12:56:33', '2025-09-29 12:56:33'),
(76, 1, 76, 9, 125000.00, 6, 12, 'new', 'in_stock', '2025-09-29 12:56:33', '2025-09-29 12:56:33'),
(77, 1, 77, 9, 95000.00, 6, 12, 'new', 'in_stock', '2025-09-29 12:56:33', '2025-09-29 12:56:33'),
(78, 1, 78, 9, 45000.00, 10, 12, 'new', 'in_stock', '2025-09-29 12:56:33', '2025-09-29 12:56:33'),
(79, 1, 79, 9, 185000.00, 4, 12, 'new', 'in_stock', '2025-09-29 12:56:33', '2025-09-29 12:56:33'),
(80, 1, 80, 9, 1650000.00, 1, 12, 'new', 'on_order', '2025-09-29 12:56:33', '2025-09-29 12:56:33'),
(81, 1, 81, 9, 145000.00, 4, 12, 'new', 'in_stock', '2025-09-29 12:56:33', '2025-09-29 12:56:33'),
(82, 1, 82, 9, 1950000.00, 1, 12, 'new', 'on_order', '2025-09-29 12:56:33', '2025-09-29 12:56:33'),
(83, 1, 83, 9, 3850000.00, 1, 24, 'new', 'on_order', '2025-09-29 12:56:33', '2025-09-29 12:56:33'),
(84, 1, 84, 9, 285000.00, 3, 12, 'new', 'in_stock', '2025-09-29 12:56:33', '2025-09-29 12:56:33'),
(85, 1, 85, 9, 125000.00, 10, 0, 'new', 'in_stock', '2025-09-29 12:56:33', '2025-09-29 12:56:33'),
(86, 1, 86, 9, 385000.00, 3, 12, 'new', 'in_stock', '2025-09-29 12:56:33', '2025-09-29 12:56:33'),
(87, 1, 87, 9, 1450000.00, 2, 24, 'new', 'in_stock', '2025-09-29 12:56:33', '2025-09-29 12:56:33'),
(88, 1, 88, 9, 950000.00, 2, 24, 'new', 'in_stock', '2025-09-29 12:56:33', '2025-09-29 12:56:33'),
(89, 1, 89, 9, 285000.00, 4, 12, 'new', 'in_stock', '2025-09-29 12:56:33', '2025-09-29 12:56:33'),
(90, 1, 90, 9, 850000.00, 2, 12, 'new', 'in_stock', '2025-09-29 12:56:33', '2025-09-29 12:56:33'),
(91, 1, 91, 9, 385000.00, 3, 12, 'new', 'in_stock', '2025-09-29 12:56:33', '2025-09-29 12:56:33'),
(92, 1, 92, 9, 385000.00, 3, 12, 'new', 'in_stock', '2025-09-29 12:56:33', '2025-09-29 12:56:33'),
(93, 1, 93, 9, 285000.00, 3, 12, 'new', 'in_stock', '2025-09-29 12:56:33', '2025-09-29 12:56:33'),
(94, 1, 94, 9, 185000.00, 4, 12, 'new', 'in_stock', '2025-09-29 12:56:33', '2025-09-29 12:56:33'),
(95, 1, 95, 9, 95000.00, 6, 12, 'new', 'in_stock', '2025-09-29 12:56:33', '2025-09-29 12:56:33'),
(96, 1, 96, 9, 385000.00, 3, 12, 'new', 'in_stock', '2025-09-29 12:56:33', '2025-09-29 12:56:33'),
(97, 1, 97, 9, 285000.00, 3, 12, 'new', 'in_stock', '2025-09-29 12:56:33', '2025-09-29 12:56:33'),
(98, 1, 98, 9, 75000.00, 10, 12, 'new', 'in_stock', '2025-09-29 12:56:33', '2025-09-29 12:56:33'),
(99, 1, 99, 9, 55000.00, 10, 12, 'new', 'in_stock', '2025-09-29 12:56:33', '2025-09-29 12:56:33'),
(100, 1, 100, 9, 285000.00, 2, 12, 'new', 'in_stock', '2025-09-29 12:56:33', '2025-09-29 12:56:33'),
(101, 1, 101, 9, 285000.00, 2, 12, 'new', 'in_stock', '2025-09-29 12:56:33', '2025-09-29 12:56:33'),
(102, 1, 102, 9, 285000.00, 2, 12, 'new', 'in_stock', '2025-09-29 12:56:33', '2025-09-29 12:56:33'),
(103, 1, 103, 9, 285000.00, 2, 12, 'new', 'in_stock', '2025-09-29 12:56:33', '2025-09-29 12:56:33'),
(104, 1, 104, 9, 25000.00, 20, 6, 'new', 'in_stock', '2025-09-29 12:56:33', '2025-09-29 12:56:33'),
(105, 1, 105, 9, 28000.00, 20, 6, 'new', 'in_stock', '2025-09-29 12:56:33', '2025-09-29 12:56:33'),
(106, 1, 106, 9, 1850000.00, 2, 12, 'new', 'in_stock', '2025-09-29 12:56:33', '2025-09-29 12:56:33'),
(107, 1, 107, 9, 1850000.00, 2, 12, 'new', 'in_stock', '2025-09-29 12:56:33', '2025-09-29 12:56:33'),
(108, 1, 108, 9, 650000.00, 3, 12, 'new', 'in_stock', '2025-09-29 12:56:33', '2025-09-29 12:56:33'),
(109, 1, 109, 9, 650000.00, 3, 12, 'new', 'in_stock', '2025-09-29 12:56:33', '2025-09-29 12:56:33'),
(110, 1, 110, 9, 385000.00, 3, 12, 'new', 'in_stock', '2025-09-29 12:56:33', '2025-09-29 12:56:33'),
(111, 1, 111, 9, 385000.00, 3, 12, 'new', 'in_stock', '2025-09-29 12:56:33', '2025-09-29 12:56:33'),
(112, 1, 112, 9, 85000.00, 6, 12, 'new', 'in_stock', '2025-09-29 12:56:33', '2025-09-29 12:56:33'),
(113, 1, 113, 9, 85000.00, 6, 12, 'new', 'in_stock', '2025-09-29 12:56:33', '2025-09-29 12:56:33'),
(114, 1, 114, 9, 45000.00, 8, 12, 'new', 'in_stock', '2025-09-29 12:56:33', '2025-09-29 12:56:33'),
(115, 1, 115, 9, 125000.00, 4, 12, 'new', 'in_stock', '2025-09-29 12:56:33', '2025-09-29 12:56:33'),
(116, 1, 116, 9, 285000.00, 2, 12, 'new', 'in_stock', '2025-09-29 12:56:33', '2025-09-29 12:56:33'),
(117, 1, 117, 9, 2850000.00, 1, 12, 'new', 'on_order', '2025-09-29 12:56:33', '2025-09-29 12:56:33'),
(118, 1, 118, 9, 2650000.00, 1, 12, 'new', 'on_order', '2025-09-29 12:56:33', '2025-09-29 12:56:33'),
(119, 1, 119, 9, 485000.00, 2, 12, 'new', 'in_stock', '2025-09-29 12:56:33', '2025-09-29 12:56:33'),
(120, 1, 120, 9, 1950000.00, 1, 12, 'new', 'on_order', '2025-09-29 12:56:33', '2025-09-29 12:56:33'),
(121, 1, 121, 9, 1650000.00, 1, 12, 'new', 'on_order', '2025-09-29 12:56:33', '2025-09-29 12:56:33'),
(122, 1, 122, 9, 1650000.00, 1, 12, 'new', 'on_order', '2025-09-29 12:56:33', '2025-09-29 12:56:33'),
(123, 1, 123, 9, 385000.00, 2, 12, 'new', 'in_stock', '2025-09-29 12:56:33', '2025-09-29 12:56:33'),
(124, 1, 124, 9, 385000.00, 2, 12, 'new', 'in_stock', '2025-09-29 12:56:33', '2025-09-29 12:56:33'),
(125, 1, 125, 9, 95000.00, 6, 12, 'new', 'in_stock', '2025-09-29 12:56:33', '2025-09-29 12:56:33'),
(126, 1, 126, 9, 95000.00, 6, 12, 'new', 'in_stock', '2025-09-29 12:56:33', '2025-09-29 12:56:33'),
(127, 1, 127, 9, 95000.00, 6, 12, 'new', 'in_stock', '2025-09-29 12:56:33', '2025-09-29 12:56:33'),
(128, 1, 128, 9, 95000.00, 6, 12, 'new', 'in_stock', '2025-09-29 12:56:33', '2025-09-29 12:56:33'),
(129, 1, 129, 9, 125000.00, 4, 12, 'new', 'in_stock', '2025-09-29 12:56:33', '2025-09-29 12:56:33'),
(130, 1, 130, 9, 85000.00, 5, 12, 'new', 'in_stock', '2025-09-29 12:56:33', '2025-09-29 12:56:33'),
(131, 1, 131, 9, 85000.00, 5, 12, 'new', 'in_stock', '2025-09-29 12:56:33', '2025-09-29 12:56:33'),
(132, 1, 132, 9, 3850000.00, 1, 12, 'new', 'on_order', '2025-09-29 12:56:33', '2025-09-29 12:56:33'),
(133, 1, 133, 9, 3850000.00, 1, 12, 'new', 'on_order', '2025-09-29 12:56:33', '2025-09-29 12:56:33'),
(134, 1, 134, 9, 4850000.00, 1, 12, 'new', 'on_order', '2025-09-29 12:56:33', '2025-09-29 12:56:33'),
(135, 1, 135, 9, 5850000.00, 1, 12, 'new', 'on_order', '2025-09-29 12:56:33', '2025-09-29 12:56:33'),
(136, 1, 136, 9, 1850000.00, 1, 12, 'new', 'on_order', '2025-09-29 12:56:33', '2025-09-29 12:56:33'),
(137, 1, 137, 9, 285000.00, 3, 12, 'new', 'in_stock', '2025-09-29 12:56:33', '2025-09-29 12:56:33'),
(138, 1, 138, 9, 185000.00, 3, 12, 'new', 'in_stock', '2025-09-29 12:56:33', '2025-09-29 12:56:33'),
(139, 1, 139, 9, 125000.00, 4, 12, 'new', 'in_stock', '2025-09-29 12:56:33', '2025-09-29 12:56:33'),
(140, 1, 140, 9, 125000.00, 4, 12, 'new', 'in_stock', '2025-09-29 12:56:33', '2025-09-29 12:56:33'),
(141, 1, 141, 9, 285000.00, 2, 12, 'new', 'in_stock', '2025-09-29 12:56:33', '2025-09-29 12:56:33'),
(142, 1, 142, 9, 385000.00, 2, 12, 'new', 'in_stock', '2025-09-29 12:56:33', '2025-09-29 12:56:33'),
(143, 1, 143, 9, 95000.00, 4, 12, 'new', 'in_stock', '2025-09-29 12:56:33', '2025-09-29 12:56:33'),
(144, 1, 144, 9, 75000.00, 10, 12, 'new', 'in_stock', '2025-09-29 12:56:33', '2025-09-29 12:56:33'),
(145, 1, 145, 9, 485000.00, 2, 12, 'new', 'in_stock', '2025-09-29 12:56:33', '2025-09-29 12:56:33'),
(146, 1, 146, 9, 485000.00, 2, 12, 'new', 'in_stock', '2025-09-29 12:56:33', '2025-09-29 12:56:33'),
(147, 1, 147, 9, 385000.00, 2, 12, 'new', 'in_stock', '2025-09-29 12:56:33', '2025-09-29 12:56:33'),
(148, 1, 148, 9, 385000.00, 2, 12, 'new', 'in_stock', '2025-09-29 12:56:33', '2025-09-29 12:56:33'),
(149, 1, 149, 9, 145000.00, 4, 12, 'new', 'in_stock', '2025-09-29 12:56:33', '2025-09-29 12:56:33'),
(150, 1, 150, 9, 145000.00, 4, 12, 'new', 'in_stock', '2025-09-29 12:56:33', '2025-09-29 12:56:33'),
(151, 1, 151, 9, 2850000.00, 1, 12, 'new', 'on_order', '2025-09-29 12:56:33', '2025-09-29 12:56:33'),
(152, 1, 152, 9, 2850000.00, 1, 12, 'new', 'on_order', '2025-09-29 12:56:33', '2025-09-29 12:56:33'),
(153, 1, 153, 9, 2650000.00, 1, 12, 'new', 'on_order', '2025-09-29 12:56:33', '2025-09-29 12:56:33'),
(154, 1, 154, 9, 2650000.00, 1, 12, 'new', 'on_order', '2025-09-29 12:56:33', '2025-09-29 12:56:33'),
(155, 1, 155, 9, 185000.00, 3, 12, 'new', 'in_stock', '2025-09-29 12:56:33', '2025-09-29 12:56:33'),
(156, 1, 156, 9, 185000.00, 3, 12, 'new', 'in_stock', '2025-09-29 12:56:33', '2025-09-29 12:56:33'),
(157, 1, 157, 9, 285000.00, 3, 12, 'new', 'in_stock', '2025-09-29 12:56:33', '2025-09-29 12:56:33'),
(158, 1, 158, 9, 285000.00, 3, 12, 'new', 'in_stock', '2025-09-29 12:56:33', '2025-09-29 12:56:33'),
(159, 1, 159, 9, 285000.00, 3, 12, 'new', 'in_stock', '2025-09-29 12:56:33', '2025-09-29 12:56:33'),
(160, 1, 160, 9, 285000.00, 3, 12, 'new', 'in_stock', '2025-09-29 12:56:33', '2025-09-29 12:56:33'),
(161, 1, 161, 9, 95000.00, 6, 12, 'new', 'in_stock', '2025-09-29 12:56:33', '2025-09-29 12:56:33'),
(162, 1, 162, 9, 95000.00, 6, 12, 'new', 'in_stock', '2025-09-29 12:56:33', '2025-09-29 12:56:33'),
(163, 1, 163, 9, 95000.00, 6, 12, 'new', 'in_stock', '2025-09-29 12:56:33', '2025-09-29 12:56:33'),
(164, 1, 164, 9, 95000.00, 6, 12, 'new', 'in_stock', '2025-09-29 12:56:33', '2025-09-29 12:56:33'),
(165, 1, 165, 9, 385000.00, 2, 12, 'new', 'in_stock', '2025-09-29 12:56:33', '2025-09-29 12:56:33'),
(166, 1, 166, 9, 385000.00, 2, 12, 'new', 'in_stock', '2025-09-29 12:56:33', '2025-09-29 12:56:33'),
(167, 1, 167, 9, 55000.00, 8, 12, 'new', 'in_stock', '2025-09-29 12:56:33', '2025-09-29 12:56:33'),
(168, 1, 168, 9, 55000.00, 8, 12, 'new', 'in_stock', '2025-09-29 12:56:33', '2025-09-29 12:56:33'),
(169, 1, 169, 9, 850000.00, 2, 12, 'new', 'in_stock', '2025-09-29 12:56:33', '2025-09-29 12:56:33'),
(170, 1, 170, 9, 850000.00, 2, 12, 'new', 'in_stock', '2025-09-29 12:56:33', '2025-09-29 12:56:33'),
(171, 1, 171, 9, 285000.00, 4, 12, 'new', 'in_stock', '2025-09-29 12:56:33', '2025-09-29 12:56:33'),
(172, 1, 172, 9, 285000.00, 4, 12, 'new', 'in_stock', '2025-09-29 12:56:33', '2025-09-29 12:56:33'),
(173, 1, 173, 9, 285000.00, 3, 12, 'new', 'in_stock', '2025-09-29 12:56:33', '2025-09-29 12:56:33'),
(174, 1, 174, 9, 1850000.00, 1, 12, 'new', 'on_order', '2025-09-29 12:56:33', '2025-09-29 12:56:33'),
(175, 1, 175, 9, 1450000.00, 1, 12, 'new', 'on_order', '2025-09-29 12:56:33', '2025-09-29 12:56:33'),
(176, 1, 176, 9, 485000.00, 2, 12, 'new', 'in_stock', '2025-09-29 12:56:33', '2025-09-29 12:56:33'),
(177, 1, 177, 9, 485000.00, 2, 12, 'new', 'in_stock', '2025-09-29 12:56:33', '2025-09-29 12:56:33'),
(178, 1, 178, 9, 385000.00, 2, 12, 'new', 'in_stock', '2025-09-29 12:56:33', '2025-09-29 12:56:33'),
(179, 1, 179, 9, 385000.00, 2, 12, 'new', 'in_stock', '2025-09-29 12:56:33', '2025-09-29 12:56:33'),
(180, 1, 180, 9, 285000.00, 2, 12, 'new', 'in_stock', '2025-09-29 12:56:33', '2025-09-29 12:56:33'),
(181, 1, 181, 9, 285000.00, 2, 12, 'new', 'in_stock', '2025-09-29 12:56:33', '2025-09-29 12:56:33'),
(182, 1, 182, 9, 1450000.00, 1, 12, 'new', 'on_order', '2025-09-29 12:56:33', '2025-09-29 12:56:33'),
(183, 1, 183, 9, 850000.00, 2, 12, 'new', 'in_stock', '2025-09-29 12:56:33', '2025-09-29 12:56:33'),
(184, 1, 184, 9, 650000.00, 2, 12, 'new', 'in_stock', '2025-09-29 12:56:33', '2025-09-29 12:56:33'),
(185, 1, 185, 9, 950000.00, 2, 12, 'new', 'in_stock', '2025-09-29 12:56:33', '2025-09-29 12:56:33'),
(186, 1, 186, 9, 2850000.00, 1, 24, 'new', 'on_order', '2025-09-29 12:56:33', '2025-09-29 12:56:33'),
(187, 1, 187, 9, 125000.00, 6, 12, 'new', 'in_stock', '2025-09-29 12:56:33', '2025-09-29 12:56:33'),
(188, 1, 188, 9, 45000.00, 10, 12, 'new', 'in_stock', '2025-09-29 12:56:33', '2025-09-29 12:56:33'),
(189, 1, 189, 9, 850000.00, 2, 12, 'new', 'in_stock', '2025-09-29 12:56:33', '2025-09-29 12:56:33'),
(190, 1, 190, 9, 185000.00, 3, 12, 'new', 'in_stock', '2025-09-29 12:56:33', '2025-09-29 12:56:33'),
(191, 1, 191, 9, 850000.00, 4, 12, 'new', 'in_stock', '2025-09-29 12:56:33', '2025-09-29 12:56:33'),
(192, 1, 192, 9, 45000.00, 10, 12, 'new', 'in_stock', '2025-09-29 12:56:33', '2025-09-29 12:56:33'),
(193, 1, 193, 9, 385000.00, 8, 0, 'new', 'in_stock', '2025-09-29 12:56:33', '2025-09-29 12:56:33'),
(194, 1, 194, 9, 85000.00, 15, 12, 'new', 'in_stock', '2025-09-29 12:56:33', '2025-09-29 12:56:33'),
(195, 1, 195, 9, 15000.00, 20, 12, 'new', 'in_stock', '2025-09-29 12:56:33', '2025-09-29 12:56:33'),
(196, 1, 196, 9, 285000.00, 2, 0, 'new', 'in_stock', '2025-09-29 12:56:33', '2025-09-29 12:56:33'),
(197, 1, 197, 9, 125000.00, 8, 12, 'new', 'in_stock', '2025-09-29 12:56:33', '2025-09-29 12:56:33'),
(198, 1, 198, 9, 8500.00, 30, 12, 'new', 'in_stock', '2025-09-29 12:56:33', '2025-09-29 12:56:33'),
(199, 1, 199, 9, 485000.00, 4, 12, 'new', 'in_stock', '2025-09-29 12:56:33', '2025-09-29 12:56:33'),
(200, 1, 200, 9, 450000.00, 4, 12, 'new', 'in_stock', '2025-09-29 12:56:33', '2025-09-29 12:56:33'),
(201, 1, 201, 9, 3850000.00, 1, 12, 'new', 'on_order', '2025-09-29 12:56:33', '2025-09-29 12:56:33'),
(202, 1, 202, 9, 185000.00, 3, 12, 'new', 'in_stock', '2025-09-29 12:56:33', '2025-09-29 12:56:33'),
(203, 1, 203, 9, 185000.00, 3, 12, 'new', 'in_stock', '2025-09-29 12:56:33', '2025-09-29 12:56:33'),
(204, 1, 204, 9, 385000.00, 2, 12, 'new', 'in_stock', '2025-09-29 12:56:33', '2025-09-29 12:56:33'),
(205, 1, 205, 9, 125000.00, 4, 12, 'new', 'in_stock', '2025-09-29 12:56:33', '2025-09-29 12:56:33'),
(206, 1, 206, 9, 4850000.00, 1, 12, 'new', 'on_order', '2025-09-29 12:56:33', '2025-09-29 12:56:33'),
(207, 1, 207, 9, 285000.00, 2, 12, 'new', 'in_stock', '2025-09-29 12:56:33', '2025-09-29 12:56:33'),
(208, 1, 208, 9, 285000.00, 2, 12, 'new', 'in_stock', '2025-09-29 12:56:33', '2025-09-29 12:56:33'),
(209, 1, 209, 9, 185000.00, 4, 12, 'new', 'in_stock', '2025-09-29 12:56:33', '2025-09-29 12:56:33'),
(210, 1, 210, 9, 185000.00, 4, 12, 'new', 'in_stock', '2025-09-29 12:56:33', '2025-09-29 12:56:33'),
(211, 1, 211, 9, 165000.00, 4, 12, 'new', 'in_stock', '2025-09-29 12:56:33', '2025-09-29 12:56:33'),
(212, 1, 212, 9, 165000.00, 4, 12, 'new', 'in_stock', '2025-09-29 12:56:33', '2025-09-29 12:56:33'),
(213, 1, 213, 9, 285000.00, 3, 12, 'new', 'in_stock', '2025-09-29 12:56:33', '2025-09-29 12:56:33'),
(214, 1, 214, 9, 285000.00, 3, 12, 'new', 'in_stock', '2025-09-29 12:56:33', '2025-09-29 12:56:33'),
(215, 1, 215, 9, 3850000.00, 1, 24, 'new', 'on_order', '2025-09-29 12:56:33', '2025-09-29 12:56:33'),
(216, 1, 216, 9, 3650000.00, 1, 24, 'new', 'on_order', '2025-09-29 12:56:33', '2025-09-29 12:56:33'),
(217, 1, 217, 9, 850000.00, 1, 12, 'new', 'on_order', '2025-09-29 12:56:33', '2025-09-29 12:56:33'),
(218, 1, 218, 9, 2850000.00, 1, 24, 'new', 'on_order', '2025-09-29 12:56:33', '2025-09-29 12:56:33'),
(219, 1, 219, 9, 2850000.00, 1, 24, 'new', 'on_order', '2025-09-29 12:56:33', '2025-09-29 12:56:33'),
(220, 1, 220, 9, 95000.00, 4, 12, 'new', 'in_stock', '2025-09-29 12:56:33', '2025-09-29 12:56:33'),
(221, 1, 221, 9, 95000.00, 4, 12, 'new', 'in_stock', '2025-09-29 12:56:33', '2025-09-29 12:56:33'),
(222, 1, 222, 9, 4850000.00, 1, 24, 'new', 'on_order', '2025-09-29 12:56:33', '2025-09-29 12:56:33'),
(223, 1, 223, 9, 3850000.00, 1, 24, 'new', 'on_order', '2025-09-29 12:56:33', '2025-09-29 12:56:33'),
(224, 1, 224, 9, 2850000.00, 1, 24, 'new', 'on_order', '2025-09-29 12:56:33', '2025-09-29 12:56:33'),
(225, 1, 225, 9, 1950000.00, 1, 24, 'new', 'on_order', '2025-09-29 12:56:33', '2025-09-29 12:56:33'),
(226, 1, 226, 9, 1850000.00, 1, 24, 'new', 'on_order', '2025-09-29 12:56:33', '2025-09-29 12:56:33'),
(227, 1, 227, 9, 185000.00, 4, 12, 'new', 'in_stock', '2025-09-29 12:56:33', '2025-09-29 12:56:33'),
(228, 1, 228, 9, 145000.00, 4, 12, 'new', 'in_stock', '2025-09-29 12:56:33', '2025-09-29 12:56:33'),
(229, 1, 229, 9, 285000.00, 3, 12, 'new', 'in_stock', '2025-09-29 12:56:33', '2025-09-29 12:56:33'),
(230, 1, 230, 9, 125000.00, 6, 12, 'new', 'in_stock', '2025-09-29 12:56:33', '2025-09-29 12:56:33'),
(231, 1, 231, 9, 125000.00, 6, 12, 'new', 'in_stock', '2025-09-29 12:56:33', '2025-09-29 12:56:33'),
(232, 1, 232, 9, 185000.00, 3, 12, 'new', 'in_stock', '2025-09-29 12:56:33', '2025-09-29 12:56:33'),
(233, 1, 233, 9, 185000.00, 3, 12, 'new', 'in_stock', '2025-09-29 12:56:33', '2025-09-29 12:56:33'),
(234, 1, 234, 9, 2850000.00, 1, 12, 'new', 'on_order', '2025-09-29 12:56:33', '2025-09-29 12:56:33'),
(235, 1, 235, 9, 285000.00, 3, 12, 'new', 'in_stock', '2025-09-29 12:56:33', '2025-09-29 12:56:33'),
(236, 1, 236, 9, 285000.00, 3, 12, 'new', 'in_stock', '2025-09-29 12:56:33', '2025-09-29 12:56:33'),
(237, 1, 237, 9, 285000.00, 3, 12, 'new', 'in_stock', '2025-09-29 12:56:33', '2025-09-29 12:56:33'),
(238, 1, 238, 9, 285000.00, 3, 12, 'new', 'in_stock', '2025-09-29 12:56:33', '2025-09-29 12:56:33'),
(239, 1, 239, 9, 125000.00, 4, 12, 'new', 'in_stock', '2025-09-29 12:56:33', '2025-09-29 12:56:33'),
(240, 1, 240, 9, 485000.00, 2, 12, 'new', 'in_stock', '2025-09-29 12:56:33', '2025-09-29 12:56:33'),
(241, 1, 241, 9, 185000.00, 3, 12, 'new', 'in_stock', '2025-09-29 12:56:33', '2025-09-29 12:56:33'),
(242, 1, 242, 9, 125000.00, 4, 12, 'new', 'in_stock', '2025-09-29 12:56:33', '2025-09-29 12:56:33'),
(243, 1, 243, 9, 95000.00, 4, 12, 'new', 'in_stock', '2025-09-29 12:56:33', '2025-09-29 12:56:33'),
(244, 1, 244, 9, 485000.00, 3, 12, 'new', 'in_stock', '2025-09-29 12:56:33', '2025-09-29 12:56:33'),
(245, 1, 245, 9, 85000.00, 6, 12, 'new', 'in_stock', '2025-09-29 12:56:33', '2025-09-29 12:56:33'),
(246, 1, 246, 9, 25000.00, 10, 0, 'new', 'in_stock', '2025-09-29 12:56:33', '2025-09-29 12:56:33'),
(247, 1, 247, 9, 150000.00, 2, 0, 'new', 'in_stock', '2025-09-29 12:56:33', '2025-09-29 12:56:33'),
(248, 1, 248, 9, 45000.00, 5, 0, 'new', 'in_stock', '2025-09-29 12:56:33', '2025-09-29 12:56:33'),
(249, 1, 249, 9, 35000.00, 5, 0, 'new', 'in_stock', '2025-09-29 12:56:33', '2025-09-29 12:56:33'),
(250, 1, 250, 9, 125000.00, 3, 12, 'new', 'in_stock', '2025-09-29 12:56:33', '2025-09-29 12:56:33'),
(251, 1, 251, 9, 45000.00, 5, 12, 'new', 'in_stock', '2025-09-29 12:56:33', '2025-09-29 12:56:33'),
(252, 1, 252, 9, 185000.00, 2, 0, 'new', 'in_stock', '2025-09-29 12:56:33', '2025-09-29 12:56:33'),
(414, 3, 405, 9, 580000.00, 6, 12, 'new', 'in_stock', '2025-09-29 13:35:08', '2025-09-29 13:35:08'),
(415, 4, 405, 9, 620000.00, 5, 12, 'new', 'in_stock', '2025-09-29 13:35:08', '2025-09-29 13:35:08'),
(416, 3, 406, 9, 550000.00, 8, 12, 'new', 'in_stock', '2025-09-29 13:35:08', '2025-09-29 13:35:08'),
(417, 4, 406, 9, 595000.00, 6, 12, 'new', 'in_stock', '2025-09-29 13:35:08', '2025-09-29 13:35:08'),
(418, 3, 407, 9, 580000.00, 6, 12, 'new', 'in_stock', '2025-09-29 13:35:08', '2025-09-29 13:35:08'),
(419, 4, 407, 9, 620000.00, 5, 12, 'new', 'in_stock', '2025-09-29 13:35:08', '2025-09-29 13:35:08'),
(420, 3, 408, 9, 550000.00, 8, 12, 'new', 'in_stock', '2025-09-29 13:35:08', '2025-09-29 13:35:08'),
(421, 4, 408, 9, 595000.00, 6, 12, 'new', 'in_stock', '2025-09-29 13:35:08', '2025-09-29 13:35:08'),
(422, 2, 409, 9, 380000.00, 4, 0, '', 'in_stock', '2025-09-29 13:35:08', '2025-09-29 13:35:08'),
(423, 2, 410, 9, 380000.00, 4, 0, '', 'in_stock', '2025-09-29 13:35:08', '2025-09-29 13:35:08'),
(424, 3, 411, 9, 48000.00, 15, 12, 'new', 'in_stock', '2025-09-29 13:35:08', '2025-09-29 13:35:08'),
(425, 4, 411, 9, 55000.00, 12, 12, 'new', 'in_stock', '2025-09-29 13:35:08', '2025-09-29 13:35:08'),
(426, 3, 412, 9, 42000.00, 18, 12, 'new', 'in_stock', '2025-09-29 13:35:08', '2025-09-29 13:35:08'),
(427, 4, 412, 9, 50000.00, 15, 12, 'new', 'in_stock', '2025-09-29 13:35:08', '2025-09-29 13:35:08'),
(428, 3, 413, 9, 95000.00, 10, 12, 'new', 'in_stock', '2025-09-29 13:35:08', '2025-09-29 13:35:08'),
(429, 4, 413, 9, 110000.00, 8, 12, 'new', 'in_stock', '2025-09-29 13:35:08', '2025-09-29 13:35:08'),
(430, 3, 414, 9, 105000.00, 12, 12, 'new', 'in_stock', '2025-09-29 13:35:08', '2025-09-29 13:35:08'),
(431, 4, 414, 9, 120000.00, 10, 12, 'new', 'in_stock', '2025-09-29 13:35:08', '2025-09-29 13:35:08'),
(432, 3, 415, 9, 1450000.00, 3, 12, 'new', 'in_stock', '2025-09-29 13:35:08', '2025-09-29 13:35:08'),
(433, 4, 415, 9, 1580000.00, 2, 12, 'new', 'in_stock', '2025-09-29 13:35:08', '2025-09-29 13:35:08'),
(434, 3, 416, 9, 1350000.00, 4, 12, 'new', 'in_stock', '2025-09-29 13:35:08', '2025-09-29 13:35:08'),
(435, 4, 416, 9, 1480000.00, 3, 12, 'new', 'in_stock', '2025-09-29 13:35:08', '2025-09-29 13:35:08'),
(436, 2, 417, 9, 850000.00, 2, 0, '', 'in_stock', '2025-09-29 13:35:08', '2025-09-29 13:35:08'),
(437, 3, 418, 9, 48000.00, 12, 12, 'new', 'in_stock', '2025-09-29 13:35:08', '2025-09-29 13:35:08'),
(438, 4, 418, 9, 55000.00, 10, 12, 'new', 'in_stock', '2025-09-29 13:35:08', '2025-09-29 13:35:08'),
(439, 3, 419, 9, 52000.00, 15, 12, 'new', 'in_stock', '2025-09-29 13:35:08', '2025-09-29 13:35:08'),
(440, 4, 419, 9, 60000.00, 12, 12, 'new', 'in_stock', '2025-09-29 13:35:08', '2025-09-29 13:35:08'),
(441, 3, 420, 9, 285000.00, 8, 24, 'new', 'in_stock', '2025-09-29 13:35:08', '2025-09-29 13:35:08'),
(442, 4, 420, 9, 320000.00, 6, 24, 'new', 'in_stock', '2025-09-29 13:35:08', '2025-09-29 13:35:08'),
(443, 3, 421, 9, 295000.00, 10, 24, 'new', 'in_stock', '2025-09-29 13:35:08', '2025-09-29 13:35:08'),
(444, 4, 421, 9, 330000.00, 8, 24, 'new', 'in_stock', '2025-09-29 13:35:08', '2025-09-29 13:35:08'),
(445, 3, 422, 9, 950000.00, 3, 12, 'new', 'in_stock', '2025-09-29 13:35:08', '2025-09-29 13:35:08'),
(446, 4, 422, 9, 1050000.00, 2, 12, 'new', 'in_stock', '2025-09-29 13:35:08', '2025-09-29 13:35:08'),
(447, 3, 423, 9, 1150000.00, 2, 24, 'new', 'in_stock', '2025-09-29 13:35:08', '2025-09-29 13:35:08'),
(448, 4, 423, 9, 1250000.00, 2, 24, 'new', 'in_stock', '2025-09-29 13:35:08', '2025-09-29 13:35:08'),
(449, 2, 424, 9, 650000.00, 3, 0, '', 'in_stock', '2025-09-29 13:35:08', '2025-09-29 13:35:08'),
(450, 3, 425, 9, 28000.00, 25, 6, 'new', 'in_stock', '2025-09-29 13:35:41', '2025-09-29 13:35:41'),
(451, 4, 425, 9, 32000.00, 20, 6, 'new', 'in_stock', '2025-09-29 13:35:41', '2025-09-29 13:35:41'),
(452, 3, 426, 9, 25000.00, 30, 6, 'new', 'in_stock', '2025-09-29 13:35:41', '2025-09-29 13:35:41'),
(453, 4, 426, 9, 27000.00, 25, 6, 'new', 'in_stock', '2025-09-29 13:35:41', '2025-09-29 13:35:41'),
(454, 2, 427, 9, 15000.00, 10, 0, '', 'in_stock', '2025-09-29 13:35:41', '2025-09-29 13:35:41'),
(455, 3, 428, 9, 120000.00, 8, 12, 'new', 'in_stock', '2025-09-29 13:35:41', '2025-09-29 13:35:41'),
(456, 4, 428, 9, 135000.00, 6, 12, 'new', 'in_stock', '2025-09-29 13:35:41', '2025-09-29 13:35:41'),
(457, 3, 429, 9, 55000.00, 15, 6, 'new', 'in_stock', '2025-09-29 13:35:41', '2025-09-29 13:35:41'),
(458, 4, 429, 9, 62000.00, 12, 6, 'new', 'in_stock', '2025-09-29 13:35:41', '2025-09-29 13:35:41'),
(459, 3, 430, 9, 140000.00, 10, 12, 'new', 'in_stock', '2025-09-29 13:35:41', '2025-09-29 13:35:41'),
(460, 4, 430, 9, 155000.00, 8, 12, 'new', 'in_stock', '2025-09-29 13:35:41', '2025-09-29 13:35:41'),
(461, 3, 431, 9, 135000.00, 12, 12, 'new', 'in_stock', '2025-09-29 13:35:41', '2025-09-29 13:35:41'),
(462, 4, 431, 9, 145000.00, 10, 12, 'new', 'in_stock', '2025-09-29 13:35:41', '2025-09-29 13:35:41'),
(463, 3, 432, 9, 420000.00, 5, 12, 'new', 'in_stock', '2025-09-29 13:35:41', '2025-09-29 13:35:41'),
(464, 4, 432, 9, 450000.00, 4, 12, 'new', 'in_stock', '2025-09-29 13:35:41', '2025-09-29 13:35:41'),
(465, 3, 433, 9, 380000.00, 6, 12, 'new', 'in_stock', '2025-09-29 13:35:41', '2025-09-29 13:35:41'),
(466, 4, 433, 9, 410000.00, 5, 12, 'new', 'in_stock', '2025-09-29 13:35:41', '2025-09-29 13:35:41'),
(467, 2, 434, 9, 280000.00, 3, 0, '', 'in_stock', '2025-09-29 13:35:42', '2025-09-29 13:35:42'),
(468, 3, 435, 9, 95000.00, 15, 0, 'new', 'in_stock', '2025-09-29 13:35:42', '2025-09-29 13:35:42'),
(469, 4, 435, 9, 105000.00, 12, 0, 'new', 'in_stock', '2025-09-29 13:35:42', '2025-09-29 13:35:42'),
(470, 3, 436, 9, 88000.00, 18, 0, 'new', 'in_stock', '2025-09-29 13:35:42', '2025-09-29 13:35:42'),
(471, 4, 436, 9, 98000.00, 15, 0, 'new', 'in_stock', '2025-09-29 13:35:42', '2025-09-29 13:35:42'),
(472, 3, 437, 9, 32000.00, 15, 6, 'new', 'in_stock', '2025-09-29 13:35:42', '2025-09-29 13:35:42'),
(473, 4, 437, 9, 38000.00, 12, 6, 'new', 'in_stock', '2025-09-29 13:35:42', '2025-09-29 13:35:42'),
(474, 3, 438, 9, 28000.00, 18, 6, 'new', 'in_stock', '2025-09-29 13:35:42', '2025-09-29 13:35:42'),
(475, 4, 438, 9, 35000.00, 15, 6, 'new', 'in_stock', '2025-09-29 13:35:42', '2025-09-29 13:35:42'),
(476, 3, 439, 9, 185000.00, 12, 12, 'new', 'in_stock', '2025-09-29 13:35:42', '2025-09-29 13:35:42'),
(477, 4, 439, 9, 205000.00, 10, 12, 'new', 'in_stock', '2025-09-29 13:35:42', '2025-09-29 13:35:42'),
(478, 3, 440, 9, 165000.00, 15, 12, 'new', 'in_stock', '2025-09-29 13:35:42', '2025-09-29 13:35:42'),
(479, 4, 440, 9, 180000.00, 12, 12, 'new', 'in_stock', '2025-09-29 13:35:42', '2025-09-29 13:35:42'),
(480, 2, 441, 9, 120000.00, 8, 0, '', 'in_stock', '2025-09-29 13:35:42', '2025-09-29 13:35:42'),
(481, 3, 442, 9, 195000.00, 10, 12, 'new', 'in_stock', '2025-09-29 13:35:42', '2025-09-29 13:35:42'),
(482, 4, 442, 9, 215000.00, 8, 12, 'new', 'in_stock', '2025-09-29 13:35:42', '2025-09-29 13:35:42'),
(483, 3, 443, 9, 170000.00, 12, 12, 'new', 'in_stock', '2025-09-29 13:35:42', '2025-09-29 13:35:42'),
(484, 4, 443, 9, 185000.00, 10, 12, 'new', 'in_stock', '2025-09-29 13:35:42', '2025-09-29 13:35:42'),
(485, 3, 444, 9, 320000.00, 6, 12, 'new', 'in_stock', '2025-09-29 13:35:42', '2025-09-29 13:35:42'),
(486, 4, 444, 9, 355000.00, 5, 12, 'new', 'in_stock', '2025-09-29 13:35:42', '2025-09-29 13:35:42'),
(487, 3, 445, 9, 295000.00, 8, 12, 'new', 'in_stock', '2025-09-29 13:35:42', '2025-09-29 13:35:42'),
(488, 4, 445, 9, 325000.00, 6, 12, 'new', 'in_stock', '2025-09-29 13:35:42', '2025-09-29 13:35:42'),
(489, 2, 446, 9, 220000.00, 4, 0, '', 'in_stock', '2025-09-29 13:35:42', '2025-09-29 13:35:42'),
(490, 3, 447, 9, 55000.00, 15, 12, 'new', 'in_stock', '2025-09-29 13:38:02', '2025-09-29 13:38:02'),
(491, 4, 447, 9, 62000.00, 12, 12, 'new', 'in_stock', '2025-09-29 13:38:02', '2025-09-29 13:38:02'),
(492, 3, 448, 9, 50000.00, 18, 12, 'new', 'in_stock', '2025-09-29 13:38:02', '2025-09-29 13:38:02'),
(493, 4, 448, 9, 58000.00, 15, 12, 'new', 'in_stock', '2025-09-29 13:38:02', '2025-09-29 13:38:02'),
(494, 3, 449, 9, 75000.00, 25, 0, 'new', 'in_stock', '2025-09-29 13:38:02', '2025-09-29 13:38:02'),
(495, 4, 449, 9, 85000.00, 20, 0, 'new', 'in_stock', '2025-09-29 13:38:02', '2025-09-29 13:38:02'),
(496, 3, 450, 9, 82000.00, 30, 0, 'new', 'in_stock', '2025-09-29 13:38:02', '2025-09-29 13:38:02'),
(497, 4, 450, 9, 92000.00, 25, 0, 'new', 'in_stock', '2025-09-29 13:38:02', '2025-09-29 13:38:02'),
(498, 3, 451, 9, 285000.00, 6, 12, 'new', 'in_stock', '2025-09-29 13:38:02', '2025-09-29 13:38:02'),
(499, 4, 451, 9, 315000.00, 5, 12, 'new', 'in_stock', '2025-09-29 13:38:02', '2025-09-29 13:38:02'),
(500, 3, 452, 9, 265000.00, 8, 12, 'new', 'in_stock', '2025-09-29 13:38:02', '2025-09-29 13:38:02'),
(501, 4, 452, 9, 295000.00, 6, 12, 'new', 'in_stock', '2025-09-29 13:38:02', '2025-09-29 13:38:02'),
(502, 3, 453, 9, 320000.00, 12, 0, 'new', 'in_stock', '2025-09-29 13:38:02', '2025-09-29 13:38:02'),
(503, 4, 453, 9, 350000.00, 10, 0, 'new', 'in_stock', '2025-09-29 13:38:02', '2025-09-29 13:38:02'),
(504, 3, 454, 9, 365000.00, 15, 0, 'new', 'in_stock', '2025-09-29 13:38:02', '2025-09-29 13:38:02'),
(505, 4, 454, 9, 395000.00, 12, 0, 'new', 'in_stock', '2025-09-29 13:38:02', '2025-09-29 13:38:02'),
(506, 2, 455, 9, 150000.00, 8, 0, '', 'in_stock', '2025-09-29 13:38:02', '2025-09-29 13:38:02'),
(507, 3, 456, 9, 385000.00, 8, 12, 'new', 'in_stock', '2025-09-29 13:38:02', '2025-09-29 13:38:02'),
(508, 4, 456, 9, 425000.00, 6, 12, 'new', 'in_stock', '2025-09-29 13:38:02', '2025-09-29 13:38:02'),
(509, 3, 457, 9, 365000.00, 10, 12, 'new', 'in_stock', '2025-09-29 13:38:02', '2025-09-29 13:38:02'),
(510, 4, 457, 9, 405000.00, 8, 12, 'new', 'in_stock', '2025-09-29 13:38:02', '2025-09-29 13:38:02'),
(511, 2, 458, 9, 220000.00, 5, 0, '', 'in_stock', '2025-09-29 13:38:02', '2025-09-29 13:38:02'),
(512, 3, 459, 9, 95000.00, 10, 12, 'new', 'in_stock', '2025-09-29 13:38:02', '2025-09-29 13:38:02'),
(513, 4, 459, 9, 110000.00, 8, 12, 'new', 'in_stock', '2025-09-29 13:38:02', '2025-09-29 13:38:02'),
(514, 3, 460, 9, 88000.00, 12, 12, 'new', 'in_stock', '2025-09-29 13:38:02', '2025-09-29 13:38:02'),
(515, 4, 460, 9, 105000.00, 10, 12, 'new', 'in_stock', '2025-09-29 13:38:02', '2025-09-29 13:38:02'),
(516, 3, 461, 9, 750000.00, 3, 12, 'new', 'in_stock', '2025-09-29 13:38:03', '2025-09-29 13:38:03'),
(517, 4, 461, 9, 820000.00, 2, 12, 'new', 'in_stock', '2025-09-29 13:38:03', '2025-09-29 13:38:03'),
(518, 3, 462, 9, 695000.00, 4, 12, 'new', 'in_stock', '2025-09-29 13:38:03', '2025-09-29 13:38:03'),
(519, 4, 462, 9, 765000.00, 3, 12, 'new', 'in_stock', '2025-09-29 13:38:03', '2025-09-29 13:38:03'),
(520, 2, 463, 9, 450000.00, 2, 0, '', 'in_stock', '2025-09-29 13:38:03', '2025-09-29 13:38:03'),
(521, 3, 464, 9, 295000.00, 6, 12, 'new', 'in_stock', '2025-09-29 13:38:03', '2025-09-29 13:38:03'),
(522, 4, 464, 9, 335000.00, 5, 12, 'new', 'in_stock', '2025-09-29 13:38:03', '2025-09-29 13:38:03'),
(523, 3, 465, 9, 320000.00, 8, 12, 'new', 'in_stock', '2025-09-29 13:38:03', '2025-09-29 13:38:03'),
(524, 4, 465, 9, 365000.00, 6, 12, 'new', 'in_stock', '2025-09-29 13:38:03', '2025-09-29 13:38:03'),
(525, 2, 466, 9, 180000.00, 4, 0, '', 'in_stock', '2025-09-29 13:38:03', '2025-09-29 13:38:03'),
(526, 3, 467, 9, 1250000.00, 2, 12, 'new', 'in_stock', '2025-09-29 13:40:13', '2025-09-29 13:40:13'),
(527, 4, 467, 9, 1380000.00, 2, 12, 'new', 'in_stock', '2025-09-29 13:40:13', '2025-09-29 13:40:13'),
(528, 3, 468, 9, 1180000.00, 3, 12, 'new', 'in_stock', '2025-09-29 13:40:13', '2025-09-29 13:40:13'),
(529, 4, 468, 9, 1295000.00, 2, 12, 'new', 'in_stock', '2025-09-29 13:40:13', '2025-09-29 13:40:13'),
(530, 2, 469, 9, 850000.00, 2, 0, '', 'in_stock', '2025-09-29 13:40:13', '2025-09-29 13:40:13'),
(531, 3, 470, 9, 485000.00, 4, 12, 'new', 'in_stock', '2025-09-29 13:40:13', '2025-09-29 13:40:13'),
(532, 4, 470, 9, 535000.00, 3, 12, 'new', 'in_stock', '2025-09-29 13:40:13', '2025-09-29 13:40:13'),
(533, 3, 471, 9, 455000.00, 5, 12, 'new', 'in_stock', '2025-09-29 13:40:13', '2025-09-29 13:40:13'),
(534, 4, 471, 9, 505000.00, 4, 12, 'new', 'in_stock', '2025-09-29 13:40:13', '2025-09-29 13:40:13'),
(535, 3, 472, 9, 285000.00, 6, 12, 'new', 'in_stock', '2025-09-29 13:40:13', '2025-09-29 13:40:13'),
(536, 4, 472, 9, 320000.00, 5, 12, 'new', 'in_stock', '2025-09-29 13:40:13', '2025-09-29 13:40:13'),
(537, 3, 473, 9, 265000.00, 8, 12, 'new', 'in_stock', '2025-09-29 13:40:13', '2025-09-29 13:40:13'),
(538, 4, 473, 9, 295000.00, 6, 12, 'new', 'in_stock', '2025-09-29 13:40:13', '2025-09-29 13:40:13'),
(539, 3, 474, 9, 2150000.00, 1, 12, 'new', 'on_order', '2025-09-29 13:40:13', '2025-09-29 13:40:13'),
(540, 4, 474, 9, 2350000.00, 1, 12, 'new', 'on_order', '2025-09-29 13:40:13', '2025-09-29 13:40:13'),
(541, 3, 475, 9, 1950000.00, 1, 12, 'new', 'on_order', '2025-09-29 13:40:13', '2025-09-29 13:40:13'),
(542, 4, 475, 9, 2150000.00, 1, 12, 'new', 'on_order', '2025-09-29 13:40:13', '2025-09-29 13:40:13'),
(543, 2, 476, 9, 1250000.00, 1, 0, '', 'in_stock', '2025-09-29 13:40:13', '2025-09-29 13:40:13'),
(544, 3, 477, 9, 650000.00, 3, 12, 'new', 'in_stock', '2025-09-29 13:40:13', '2025-09-29 13:40:13'),
(545, 4, 477, 9, 720000.00, 2, 12, 'new', 'in_stock', '2025-09-29 13:40:13', '2025-09-29 13:40:13'),
(546, 3, 478, 9, 595000.00, 4, 12, 'new', 'in_stock', '2025-09-29 13:40:13', '2025-09-29 13:40:13'),
(547, 4, 478, 9, 665000.00, 3, 12, 'new', 'in_stock', '2025-09-29 13:40:13', '2025-09-29 13:40:13'),
(548, 2, 479, 9, 385000.00, 3, 0, '', 'in_stock', '2025-09-29 13:40:13', '2025-09-29 13:40:13'),
(549, 3, 480, 9, 385000.00, 3, 12, 'new', 'in_stock', '2025-09-29 13:40:13', '2025-09-29 13:40:13'),
(550, 4, 480, 9, 435000.00, 2, 12, 'new', 'in_stock', '2025-09-29 13:40:13', '2025-09-29 13:40:13'),
(551, 3, 481, 9, 365000.00, 4, 12, 'new', 'in_stock', '2025-09-29 13:40:13', '2025-09-29 13:40:13'),
(552, 4, 481, 9, 415000.00, 3, 12, 'new', 'in_stock', '2025-09-29 13:40:13', '2025-09-29 13:40:13'),
(553, 3, 482, 9, 385000.00, 6, 12, 'new', 'in_stock', '2025-09-29 13:40:13', '2025-09-29 13:40:13'),
(554, 4, 482, 9, 425000.00, 5, 12, 'new', 'in_stock', '2025-09-29 13:40:13', '2025-09-29 13:40:13'),
(555, 3, 483, 9, 325000.00, 8, 12, 'new', 'in_stock', '2025-09-29 13:40:13', '2025-09-29 13:40:13'),
(556, 4, 483, 9, 365000.00, 6, 12, 'new', 'in_stock', '2025-09-29 13:40:13', '2025-09-29 13:40:13'),
(557, 3, 484, 9, 185000.00, 8, 12, 'new', 'in_stock', '2025-09-29 13:40:13', '2025-09-29 13:40:13'),
(558, 4, 484, 9, 215000.00, 6, 12, 'new', 'in_stock', '2025-09-29 13:40:13', '2025-09-29 13:40:13'),
(559, 3, 485, 9, 165000.00, 10, 12, 'new', 'in_stock', '2025-09-29 13:40:13', '2025-09-29 13:40:13'),
(560, 4, 485, 9, 195000.00, 8, 12, 'new', 'in_stock', '2025-09-29 13:40:13', '2025-09-29 13:40:13'),
(561, 3, 486, 9, 85000.00, 15, 6, 'new', 'in_stock', '2025-09-29 13:40:13', '2025-09-29 13:40:13'),
(562, 4, 486, 9, 95000.00, 12, 6, 'new', 'in_stock', '2025-09-29 13:40:13', '2025-09-29 13:40:13');

-- --------------------------------------------------------

--
-- Table structure for table `users`
--

CREATE TABLE `users` (
  `id` int(10) UNSIGNED NOT NULL,
  `phone` varchar(20) NOT NULL,
  `name` varchar(100) DEFAULT NULL,
  `email` varchar(100) DEFAULT NULL,
  `verification_token` varchar(6) DEFAULT NULL,
  `token_expires_at` datetime DEFAULT NULL,
  `verified_at` datetime DEFAULT NULL,
  `country_id` int(10) UNSIGNED DEFAULT NULL,
  `city_id` int(10) UNSIGNED DEFAULT NULL,
  `language_id` int(10) UNSIGNED DEFAULT NULL,
  `created_at` timestamp NULL DEFAULT current_timestamp(),
  `updated_at` timestamp NULL DEFAULT current_timestamp() ON UPDATE current_timestamp()
) ENGINE=InnoDB DEFAULT CHARSET=utf8mb4 COLLATE=utf8mb4_unicode_ci;

--
-- Dumping data for table `users`
--

INSERT INTO `users` (`id`, `phone`, `name`, `email`, `verification_token`, `token_expires_at`, `verified_at`, `country_id`, `city_id`, `language_id`, `created_at`, `updated_at`) VALUES
(1, '+255744177930', NULL, NULL, '687921', '2025-09-30 16:14:31', '2025-09-29 20:12:00', 49, 122, NULL, '2025-09-29 17:10:56', '2025-09-30 12:14:31'),
(2, '+255673177216', NULL, NULL, '904201', '2025-10-03 16:48:35', '2025-10-03 15:49:34', 49, 122, NULL, '2025-10-03 19:48:35', '2025-10-03 19:49:34'),
(3, '+255123456789', NULL, NULL, '717986', '2025-10-03 18:09:41', NULL, 49, 122, NULL, '2025-10-03 21:09:13', '2025-10-03 21:09:41'),
(4, '+2550744177930', NULL, NULL, '486499', '2025-10-03 18:09:54', NULL, 49, 122, NULL, '2025-10-03 21:09:54', '2025-10-03 21:09:54'),
(5, '+10744177930', NULL, NULL, '066276', '2025-10-03 18:10:47', NULL, 1, 1, NULL, '2025-10-03 21:10:47', '2025-10-03 21:10:47');

-- --------------------------------------------------------

--
-- Table structure for table `vehicle_part_compatibility`
--

CREATE TABLE `vehicle_part_compatibility` (
  `id` int(10) UNSIGNED NOT NULL,
  `part_id` int(10) UNSIGNED NOT NULL,
  `model_year_id` int(10) UNSIGNED NOT NULL,
  `notes` text DEFAULT NULL,
  `created_at` timestamp NULL DEFAULT current_timestamp()
) ENGINE=InnoDB DEFAULT CHARSET=utf8mb4 COLLATE=utf8mb4_unicode_ci;

--
-- Dumping data for table `vehicle_part_compatibility`
--

INSERT INTO `vehicle_part_compatibility` (`id`, `part_id`, `model_year_id`, `notes`, `created_at`) VALUES
(1, 1, 263, 'OEM part for 2014 Nissan Dualis J10', '2025-09-29 13:11:40'),
(2, 2, 263, 'OEM part for 2014 Nissan Dualis J10', '2025-09-29 13:11:40'),
(3, 3, 263, 'OEM part for 2014 Nissan Dualis J10', '2025-09-29 13:11:40'),
(4, 4, 263, 'OEM part for 2014 Nissan Dualis J10', '2025-09-29 13:11:40'),
(5, 5, 263, 'OEM part for 2014 Nissan Dualis J10', '2025-09-29 13:11:40'),
(6, 6, 263, 'OEM part for 2014 Nissan Dualis J10', '2025-09-29 13:11:40'),
(7, 7, 263, 'OEM part for 2014 Nissan Dualis J10', '2025-09-29 13:11:40'),
(8, 8, 263, 'OEM part for 2014 Nissan Dualis J10', '2025-09-29 13:11:40'),
(9, 9, 263, 'OEM part for 2014 Nissan Dualis J10', '2025-09-29 13:11:40'),
(10, 10, 263, 'OEM part for 2014 Nissan Dualis J10', '2025-09-29 13:11:40'),
(11, 11, 263, 'OEM part for 2014 Nissan Dualis J10', '2025-09-29 13:11:40'),
(12, 12, 263, 'OEM part for 2014 Nissan Dualis J10', '2025-09-29 13:11:40'),
(13, 13, 263, 'OEM part for 2014 Nissan Dualis J10', '2025-09-29 13:11:40'),
(14, 14, 263, 'OEM part for 2014 Nissan Dualis J10', '2025-09-29 13:11:40'),
(15, 15, 263, 'OEM part for 2014 Nissan Dualis J10', '2025-09-29 13:11:40'),
(16, 16, 263, 'OEM part for 2014 Nissan Dualis J10', '2025-09-29 13:11:40'),
(17, 17, 263, 'OEM part for 2014 Nissan Dualis J10', '2025-09-29 13:11:40'),
(18, 18, 263, 'OEM part for 2014 Nissan Dualis J10', '2025-09-29 13:11:40'),
(19, 19, 263, 'OEM part for 2014 Nissan Dualis J10', '2025-09-29 13:11:40'),
(20, 20, 263, 'OEM part for 2014 Nissan Dualis J10', '2025-09-29 13:11:40'),
(21, 21, 263, 'OEM part for 2014 Nissan Dualis J10', '2025-09-29 13:11:40'),
(22, 22, 263, 'OEM part for 2014 Nissan Dualis J10', '2025-09-29 13:11:40'),
(23, 23, 263, 'OEM part for 2014 Nissan Dualis J10', '2025-09-29 13:11:40'),
(24, 24, 263, 'OEM part for 2014 Nissan Dualis J10', '2025-09-29 13:11:40'),
(25, 25, 263, 'OEM part for 2014 Nissan Dualis J10', '2025-09-29 13:11:40'),
(26, 26, 263, 'OEM part for 2014 Nissan Dualis J10', '2025-09-29 13:11:40'),
(27, 27, 263, 'OEM part for 2014 Nissan Dualis J10', '2025-09-29 13:11:40'),
(28, 28, 263, 'OEM part for 2014 Nissan Dualis J10', '2025-09-29 13:11:40'),
(29, 29, 263, 'OEM part for 2014 Nissan Dualis J10', '2025-09-29 13:11:40'),
(30, 30, 263, 'OEM part for 2014 Nissan Dualis J10', '2025-09-29 13:11:40'),
(31, 31, 263, 'OEM part for 2014 Nissan Dualis J10', '2025-09-29 13:11:40'),
(32, 32, 263, 'OEM part for 2014 Nissan Dualis J10', '2025-09-29 13:11:40'),
(33, 33, 263, 'OEM part for 2014 Nissan Dualis J10', '2025-09-29 13:11:40'),
(34, 34, 263, 'OEM part for 2014 Nissan Dualis J10', '2025-09-29 13:11:40'),
(35, 35, 263, 'OEM part for 2014 Nissan Dualis J10', '2025-09-29 13:11:40'),
(36, 36, 263, 'OEM part for 2014 Nissan Dualis J10', '2025-09-29 13:11:40'),
(37, 37, 263, 'OEM part for 2014 Nissan Dualis J10', '2025-09-29 13:11:40'),
(38, 38, 263, 'OEM part for 2014 Nissan Dualis J10', '2025-09-29 13:11:40'),
(39, 39, 263, 'OEM part for 2014 Nissan Dualis J10', '2025-09-29 13:11:40'),
(40, 40, 263, 'OEM part for 2014 Nissan Dualis J10', '2025-09-29 13:11:40'),
(41, 41, 263, 'OEM part for 2014 Nissan Dualis J10', '2025-09-29 13:11:40'),
(42, 42, 263, 'OEM part for 2014 Nissan Dualis J10', '2025-09-29 13:11:40'),
(43, 43, 263, 'OEM part for 2014 Nissan Dualis J10', '2025-09-29 13:11:40'),
(44, 44, 263, 'OEM part for 2014 Nissan Dualis J10', '2025-09-29 13:11:40'),
(45, 45, 263, 'OEM part for 2014 Nissan Dualis J10', '2025-09-29 13:11:40'),
(46, 46, 263, 'OEM part for 2014 Nissan Dualis J10', '2025-09-29 13:11:40'),
(47, 47, 263, 'OEM part for 2014 Nissan Dualis J10', '2025-09-29 13:11:40'),
(48, 48, 263, 'OEM part for 2014 Nissan Dualis J10', '2025-09-29 13:11:40'),
(49, 49, 263, 'OEM part for 2014 Nissan Dualis J10', '2025-09-29 13:11:40'),
(50, 50, 263, 'OEM part for 2014 Nissan Dualis J10', '2025-09-29 13:11:40'),
(51, 51, 263, 'OEM part for 2014 Nissan Dualis J10', '2025-09-29 13:11:40'),
(52, 52, 263, 'OEM part for 2014 Nissan Dualis J10', '2025-09-29 13:11:40'),
(53, 53, 263, 'OEM part for 2014 Nissan Dualis J10', '2025-09-29 13:11:40'),
(54, 54, 263, 'OEM part for 2014 Nissan Dualis J10', '2025-09-29 13:11:40'),
(55, 55, 263, 'OEM part for 2014 Nissan Dualis J10', '2025-09-29 13:11:40'),
(56, 56, 263, 'OEM part for 2014 Nissan Dualis J10', '2025-09-29 13:11:40'),
(57, 57, 263, 'OEM part for 2014 Nissan Dualis J10', '2025-09-29 13:11:40'),
(58, 58, 263, 'OEM part for 2014 Nissan Dualis J10', '2025-09-29 13:11:40'),
(59, 59, 263, 'OEM part for 2014 Nissan Dualis J10', '2025-09-29 13:11:40'),
(60, 60, 263, 'OEM part for 2014 Nissan Dualis J10', '2025-09-29 13:11:40'),
(61, 61, 263, 'OEM part for 2014 Nissan Dualis J10', '2025-09-29 13:11:40'),
(62, 62, 263, 'OEM part for 2014 Nissan Dualis J10', '2025-09-29 13:11:40'),
(63, 63, 263, 'OEM part for 2014 Nissan Dualis J10', '2025-09-29 13:11:40'),
(64, 64, 263, 'OEM part for 2014 Nissan Dualis J10', '2025-09-29 13:11:40'),
(65, 65, 263, 'OEM part for 2014 Nissan Dualis J10', '2025-09-29 13:11:40'),
(66, 66, 263, 'OEM part for 2014 Nissan Dualis J10', '2025-09-29 13:11:40'),
(67, 67, 263, 'OEM part for 2014 Nissan Dualis J10', '2025-09-29 13:11:40'),
(68, 68, 263, 'OEM part for 2014 Nissan Dualis J10', '2025-09-29 13:11:40'),
(69, 69, 263, 'OEM part for 2014 Nissan Dualis J10', '2025-09-29 13:11:40'),
(70, 70, 263, 'OEM part for 2014 Nissan Dualis J10', '2025-09-29 13:11:40'),
(71, 71, 263, 'OEM part for 2014 Nissan Dualis J10', '2025-09-29 13:11:40'),
(72, 72, 263, 'OEM part for 2014 Nissan Dualis J10', '2025-09-29 13:11:40'),
(73, 73, 263, 'OEM part for 2014 Nissan Dualis J10', '2025-09-29 13:11:40'),
(74, 74, 263, 'OEM part for 2014 Nissan Dualis J10', '2025-09-29 13:11:40'),
(75, 75, 263, 'OEM part for 2014 Nissan Dualis J10', '2025-09-29 13:11:40'),
(76, 76, 263, 'OEM part for 2014 Nissan Dualis J10', '2025-09-29 13:11:40'),
(77, 77, 263, 'OEM part for 2014 Nissan Dualis J10', '2025-09-29 13:11:40'),
(78, 78, 263, 'OEM part for 2014 Nissan Dualis J10', '2025-09-29 13:11:40'),
(79, 79, 263, 'OEM part for 2014 Nissan Dualis J10', '2025-09-29 13:11:40'),
(80, 80, 263, 'OEM part for 2014 Nissan Dualis J10', '2025-09-29 13:11:40'),
(81, 81, 263, 'OEM part for 2014 Nissan Dualis J10', '2025-09-29 13:11:40'),
(82, 82, 263, 'OEM part for 2014 Nissan Dualis J10', '2025-09-29 13:11:40'),
(83, 83, 263, 'OEM part for 2014 Nissan Dualis J10', '2025-09-29 13:11:40'),
(84, 84, 263, 'OEM part for 2014 Nissan Dualis J10', '2025-09-29 13:11:40'),
(85, 85, 263, 'OEM part for 2014 Nissan Dualis J10', '2025-09-29 13:11:40'),
(86, 86, 263, 'OEM part for 2014 Nissan Dualis J10', '2025-09-29 13:11:40'),
(87, 87, 263, 'OEM part for 2014 Nissan Dualis J10', '2025-09-29 13:11:40'),
(88, 88, 263, 'OEM part for 2014 Nissan Dualis J10', '2025-09-29 13:11:40'),
(89, 89, 263, 'OEM part for 2014 Nissan Dualis J10', '2025-09-29 13:11:40'),
(90, 90, 263, 'OEM part for 2014 Nissan Dualis J10', '2025-09-29 13:11:40'),
(91, 91, 263, 'OEM part for 2014 Nissan Dualis J10', '2025-09-29 13:11:40'),
(92, 92, 263, 'OEM part for 2014 Nissan Dualis J10', '2025-09-29 13:11:40'),
(93, 93, 263, 'OEM part for 2014 Nissan Dualis J10', '2025-09-29 13:11:40'),
(94, 94, 263, 'OEM part for 2014 Nissan Dualis J10', '2025-09-29 13:11:40'),
(95, 95, 263, 'OEM part for 2014 Nissan Dualis J10', '2025-09-29 13:11:40'),
(96, 96, 263, 'OEM part for 2014 Nissan Dualis J10', '2025-09-29 13:11:40'),
(97, 97, 263, 'OEM part for 2014 Nissan Dualis J10', '2025-09-29 13:11:40'),
(98, 98, 263, 'OEM part for 2014 Nissan Dualis J10', '2025-09-29 13:11:40'),
(99, 99, 263, 'OEM part for 2014 Nissan Dualis J10', '2025-09-29 13:11:40'),
(100, 100, 263, 'OEM part for 2014 Nissan Dualis J10', '2025-09-29 13:11:40'),
(101, 101, 263, 'OEM part for 2014 Nissan Dualis J10', '2025-09-29 13:11:40'),
(102, 102, 263, 'OEM part for 2014 Nissan Dualis J10', '2025-09-29 13:11:40'),
(103, 103, 263, 'OEM part for 2014 Nissan Dualis J10', '2025-09-29 13:11:40'),
(104, 104, 263, 'OEM part for 2014 Nissan Dualis J10', '2025-09-29 13:11:40'),
(105, 105, 263, 'OEM part for 2014 Nissan Dualis J10', '2025-09-29 13:11:40'),
(106, 106, 263, 'OEM part for 2014 Nissan Dualis J10', '2025-09-29 13:11:40'),
(107, 107, 263, 'OEM part for 2014 Nissan Dualis J10', '2025-09-29 13:11:40'),
(108, 108, 263, 'OEM part for 2014 Nissan Dualis J10', '2025-09-29 13:11:40'),
(109, 109, 263, 'OEM part for 2014 Nissan Dualis J10', '2025-09-29 13:11:40'),
(110, 110, 263, 'OEM part for 2014 Nissan Dualis J10', '2025-09-29 13:11:40'),
(111, 111, 263, 'OEM part for 2014 Nissan Dualis J10', '2025-09-29 13:11:40'),
(112, 112, 263, 'OEM part for 2014 Nissan Dualis J10', '2025-09-29 13:11:40'),
(113, 113, 263, 'OEM part for 2014 Nissan Dualis J10', '2025-09-29 13:11:40'),
(114, 114, 263, 'OEM part for 2014 Nissan Dualis J10', '2025-09-29 13:11:40'),
(115, 115, 263, 'OEM part for 2014 Nissan Dualis J10', '2025-09-29 13:11:40'),
(116, 116, 263, 'OEM part for 2014 Nissan Dualis J10', '2025-09-29 13:11:40'),
(117, 117, 263, 'OEM part for 2014 Nissan Dualis J10', '2025-09-29 13:11:40'),
(118, 118, 263, 'OEM part for 2014 Nissan Dualis J10', '2025-09-29 13:11:40'),
(119, 119, 263, 'OEM part for 2014 Nissan Dualis J10', '2025-09-29 13:11:40'),
(120, 120, 263, 'OEM part for 2014 Nissan Dualis J10', '2025-09-29 13:11:40'),
(121, 121, 263, 'OEM part for 2014 Nissan Dualis J10', '2025-09-29 13:11:40'),
(122, 122, 263, 'OEM part for 2014 Nissan Dualis J10', '2025-09-29 13:11:40'),
(123, 123, 263, 'OEM part for 2014 Nissan Dualis J10', '2025-09-29 13:11:40'),
(124, 124, 263, 'OEM part for 2014 Nissan Dualis J10', '2025-09-29 13:11:40'),
(125, 125, 263, 'OEM part for 2014 Nissan Dualis J10', '2025-09-29 13:11:40'),
(126, 126, 263, 'OEM part for 2014 Nissan Dualis J10', '2025-09-29 13:11:40'),
(127, 127, 263, 'OEM part for 2014 Nissan Dualis J10', '2025-09-29 13:11:40'),
(128, 128, 263, 'OEM part for 2014 Nissan Dualis J10', '2025-09-29 13:11:40'),
(129, 129, 263, 'OEM part for 2014 Nissan Dualis J10', '2025-09-29 13:11:40'),
(130, 130, 263, 'OEM part for 2014 Nissan Dualis J10', '2025-09-29 13:11:40'),
(131, 131, 263, 'OEM part for 2014 Nissan Dualis J10', '2025-09-29 13:11:40'),
(132, 132, 263, 'OEM part for 2014 Nissan Dualis J10', '2025-09-29 13:11:40'),
(133, 133, 263, 'OEM part for 2014 Nissan Dualis J10', '2025-09-29 13:11:40'),
(134, 134, 263, 'OEM part for 2014 Nissan Dualis J10', '2025-09-29 13:11:40'),
(135, 135, 263, 'OEM part for 2014 Nissan Dualis J10', '2025-09-29 13:11:40'),
(136, 136, 263, 'OEM part for 2014 Nissan Dualis J10', '2025-09-29 13:11:40'),
(137, 137, 263, 'OEM part for 2014 Nissan Dualis J10', '2025-09-29 13:11:40'),
(138, 138, 263, 'OEM part for 2014 Nissan Dualis J10', '2025-09-29 13:11:40'),
(139, 139, 263, 'OEM part for 2014 Nissan Dualis J10', '2025-09-29 13:11:40'),
(140, 140, 263, 'OEM part for 2014 Nissan Dualis J10', '2025-09-29 13:11:40'),
(141, 141, 263, 'OEM part for 2014 Nissan Dualis J10', '2025-09-29 13:11:40'),
(142, 142, 263, 'OEM part for 2014 Nissan Dualis J10', '2025-09-29 13:11:40'),
(143, 143, 263, 'OEM part for 2014 Nissan Dualis J10', '2025-09-29 13:11:40'),
(144, 144, 263, 'OEM part for 2014 Nissan Dualis J10', '2025-09-29 13:11:40'),
(145, 145, 263, 'OEM part for 2014 Nissan Dualis J10', '2025-09-29 13:11:40'),
(146, 146, 263, 'OEM part for 2014 Nissan Dualis J10', '2025-09-29 13:11:40'),
(147, 147, 263, 'OEM part for 2014 Nissan Dualis J10', '2025-09-29 13:11:40'),
(148, 148, 263, 'OEM part for 2014 Nissan Dualis J10', '2025-09-29 13:11:40'),
(149, 149, 263, 'OEM part for 2014 Nissan Dualis J10', '2025-09-29 13:11:40'),
(150, 150, 263, 'OEM part for 2014 Nissan Dualis J10', '2025-09-29 13:11:40'),
(151, 151, 263, 'OEM part for 2014 Nissan Dualis J10', '2025-09-29 13:11:40'),
(152, 152, 263, 'OEM part for 2014 Nissan Dualis J10', '2025-09-29 13:11:40'),
(153, 153, 263, 'OEM part for 2014 Nissan Dualis J10', '2025-09-29 13:11:40'),
(154, 154, 263, 'OEM part for 2014 Nissan Dualis J10', '2025-09-29 13:11:40'),
(155, 155, 263, 'OEM part for 2014 Nissan Dualis J10', '2025-09-29 13:11:40'),
(156, 156, 263, 'OEM part for 2014 Nissan Dualis J10', '2025-09-29 13:11:40'),
(157, 157, 263, 'OEM part for 2014 Nissan Dualis J10', '2025-09-29 13:11:40'),
(158, 158, 263, 'OEM part for 2014 Nissan Dualis J10', '2025-09-29 13:11:40'),
(159, 159, 263, 'OEM part for 2014 Nissan Dualis J10', '2025-09-29 13:11:40'),
(160, 160, 263, 'OEM part for 2014 Nissan Dualis J10', '2025-09-29 13:11:40'),
(161, 161, 263, 'OEM part for 2014 Nissan Dualis J10', '2025-09-29 13:11:40'),
(162, 162, 263, 'OEM part for 2014 Nissan Dualis J10', '2025-09-29 13:11:40'),
(163, 163, 263, 'OEM part for 2014 Nissan Dualis J10', '2025-09-29 13:11:40'),
(164, 164, 263, 'OEM part for 2014 Nissan Dualis J10', '2025-09-29 13:11:40'),
(165, 165, 263, 'OEM part for 2014 Nissan Dualis J10', '2025-09-29 13:11:40'),
(166, 166, 263, 'OEM part for 2014 Nissan Dualis J10', '2025-09-29 13:11:40'),
(167, 167, 263, 'OEM part for 2014 Nissan Dualis J10', '2025-09-29 13:11:40'),
(168, 168, 263, 'OEM part for 2014 Nissan Dualis J10', '2025-09-29 13:11:40'),
(169, 169, 263, 'OEM part for 2014 Nissan Dualis J10', '2025-09-29 13:11:40'),
(170, 170, 263, 'OEM part for 2014 Nissan Dualis J10', '2025-09-29 13:11:40'),
(171, 171, 263, 'OEM part for 2014 Nissan Dualis J10', '2025-09-29 13:11:40'),
(172, 172, 263, 'OEM part for 2014 Nissan Dualis J10', '2025-09-29 13:11:40'),
(173, 173, 263, 'OEM part for 2014 Nissan Dualis J10', '2025-09-29 13:11:40'),
(174, 174, 263, 'OEM part for 2014 Nissan Dualis J10', '2025-09-29 13:11:40'),
(175, 175, 263, 'OEM part for 2014 Nissan Dualis J10', '2025-09-29 13:11:40'),
(176, 176, 263, 'OEM part for 2014 Nissan Dualis J10', '2025-09-29 13:11:40'),
(177, 177, 263, 'OEM part for 2014 Nissan Dualis J10', '2025-09-29 13:11:40'),
(178, 178, 263, 'OEM part for 2014 Nissan Dualis J10', '2025-09-29 13:11:40'),
(179, 179, 263, 'OEM part for 2014 Nissan Dualis J10', '2025-09-29 13:11:40'),
(180, 180, 263, 'OEM part for 2014 Nissan Dualis J10', '2025-09-29 13:11:40'),
(181, 181, 263, 'OEM part for 2014 Nissan Dualis J10', '2025-09-29 13:11:40'),
(182, 182, 263, 'OEM part for 2014 Nissan Dualis J10', '2025-09-29 13:11:40'),
(183, 183, 263, 'OEM part for 2014 Nissan Dualis J10', '2025-09-29 13:11:40'),
(184, 184, 263, 'OEM part for 2014 Nissan Dualis J10', '2025-09-29 13:11:40'),
(185, 185, 263, 'OEM part for 2014 Nissan Dualis J10', '2025-09-29 13:11:40'),
(186, 186, 263, 'OEM part for 2014 Nissan Dualis J10', '2025-09-29 13:11:40'),
(187, 187, 263, 'OEM part for 2014 Nissan Dualis J10', '2025-09-29 13:11:40'),
(188, 188, 263, 'OEM part for 2014 Nissan Dualis J10', '2025-09-29 13:11:40'),
(189, 189, 263, 'OEM part for 2014 Nissan Dualis J10', '2025-09-29 13:11:40'),
(190, 190, 263, 'OEM part for 2014 Nissan Dualis J10', '2025-09-29 13:11:40'),
(191, 191, 263, 'OEM part for 2014 Nissan Dualis J10', '2025-09-29 13:11:40'),
(192, 192, 263, 'OEM part for 2014 Nissan Dualis J10', '2025-09-29 13:11:40'),
(193, 193, 263, 'OEM part for 2014 Nissan Dualis J10', '2025-09-29 13:11:40'),
(194, 194, 263, 'OEM part for 2014 Nissan Dualis J10', '2025-09-29 13:11:40'),
(195, 195, 263, 'OEM part for 2014 Nissan Dualis J10', '2025-09-29 13:11:40'),
(196, 196, 263, 'OEM part for 2014 Nissan Dualis J10', '2025-09-29 13:11:40'),
(197, 197, 263, 'OEM part for 2014 Nissan Dualis J10', '2025-09-29 13:11:40'),
(198, 198, 263, 'OEM part for 2014 Nissan Dualis J10', '2025-09-29 13:11:40'),
(199, 199, 263, 'OEM part for 2014 Nissan Dualis J10', '2025-09-29 13:11:40'),
(200, 200, 263, 'OEM part for 2014 Nissan Dualis J10', '2025-09-29 13:11:40'),
(201, 201, 263, 'OEM part for 2014 Nissan Dualis J10', '2025-09-29 13:11:40'),
(202, 202, 263, 'OEM part for 2014 Nissan Dualis J10', '2025-09-29 13:11:40'),
(203, 203, 263, 'OEM part for 2014 Nissan Dualis J10', '2025-09-29 13:11:40'),
(204, 204, 263, 'OEM part for 2014 Nissan Dualis J10', '2025-09-29 13:11:40'),
(205, 205, 263, 'OEM part for 2014 Nissan Dualis J10', '2025-09-29 13:11:40'),
(206, 206, 263, 'OEM part for 2014 Nissan Dualis J10', '2025-09-29 13:11:40'),
(207, 207, 263, 'OEM part for 2014 Nissan Dualis J10', '2025-09-29 13:11:40'),
(208, 208, 263, 'OEM part for 2014 Nissan Dualis J10', '2025-09-29 13:11:40'),
(209, 209, 263, 'OEM part for 2014 Nissan Dualis J10', '2025-09-29 13:11:40'),
(210, 210, 263, 'OEM part for 2014 Nissan Dualis J10', '2025-09-29 13:11:40'),
(211, 211, 263, 'OEM part for 2014 Nissan Dualis J10', '2025-09-29 13:11:40'),
(212, 212, 263, 'OEM part for 2014 Nissan Dualis J10', '2025-09-29 13:11:40'),
(213, 213, 263, 'OEM part for 2014 Nissan Dualis J10', '2025-09-29 13:11:40'),
(214, 214, 263, 'OEM part for 2014 Nissan Dualis J10', '2025-09-29 13:11:40'),
(215, 215, 263, 'OEM part for 2014 Nissan Dualis J10', '2025-09-29 13:11:40'),
(216, 216, 263, 'OEM part for 2014 Nissan Dualis J10', '2025-09-29 13:11:40'),
(217, 217, 263, 'OEM part for 2014 Nissan Dualis J10', '2025-09-29 13:11:40'),
(218, 218, 263, 'OEM part for 2014 Nissan Dualis J10', '2025-09-29 13:11:40'),
(219, 219, 263, 'OEM part for 2014 Nissan Dualis J10', '2025-09-29 13:11:40'),
(220, 220, 263, 'OEM part for 2014 Nissan Dualis J10', '2025-09-29 13:11:40'),
(221, 221, 263, 'OEM part for 2014 Nissan Dualis J10', '2025-09-29 13:11:40'),
(222, 222, 263, 'OEM part for 2014 Nissan Dualis J10', '2025-09-29 13:11:40'),
(223, 223, 263, 'OEM part for 2014 Nissan Dualis J10', '2025-09-29 13:11:40'),
(224, 224, 263, 'OEM part for 2014 Nissan Dualis J10', '2025-09-29 13:11:40'),
(225, 225, 263, 'OEM part for 2014 Nissan Dualis J10', '2025-09-29 13:11:40'),
(226, 226, 263, 'OEM part for 2014 Nissan Dualis J10', '2025-09-29 13:11:40'),
(227, 227, 263, 'OEM part for 2014 Nissan Dualis J10', '2025-09-29 13:11:40'),
(228, 228, 263, 'OEM part for 2014 Nissan Dualis J10', '2025-09-29 13:11:40'),
(229, 229, 263, 'OEM part for 2014 Nissan Dualis J10', '2025-09-29 13:11:40'),
(230, 230, 263, 'OEM part for 2014 Nissan Dualis J10', '2025-09-29 13:11:40'),
(231, 231, 263, 'OEM part for 2014 Nissan Dualis J10', '2025-09-29 13:11:40'),
(232, 232, 263, 'OEM part for 2014 Nissan Dualis J10', '2025-09-29 13:11:40'),
(233, 233, 263, 'OEM part for 2014 Nissan Dualis J10', '2025-09-29 13:11:40'),
(234, 234, 263, 'OEM part for 2014 Nissan Dualis J10', '2025-09-29 13:11:40'),
(235, 235, 263, 'OEM part for 2014 Nissan Dualis J10', '2025-09-29 13:11:40'),
(236, 236, 263, 'OEM part for 2014 Nissan Dualis J10', '2025-09-29 13:11:40'),
(237, 237, 263, 'OEM part for 2014 Nissan Dualis J10', '2025-09-29 13:11:40'),
(238, 238, 263, 'OEM part for 2014 Nissan Dualis J10', '2025-09-29 13:11:40'),
(239, 239, 263, 'OEM part for 2014 Nissan Dualis J10', '2025-09-29 13:11:40'),
(240, 240, 263, 'OEM part for 2014 Nissan Dualis J10', '2025-09-29 13:11:40'),
(241, 241, 263, 'OEM part for 2014 Nissan Dualis J10', '2025-09-29 13:11:40'),
(242, 242, 263, 'OEM part for 2014 Nissan Dualis J10', '2025-09-29 13:11:40'),
(243, 243, 263, 'OEM part for 2014 Nissan Dualis J10', '2025-09-29 13:11:40'),
(244, 244, 263, 'OEM part for 2014 Nissan Dualis J10', '2025-09-29 13:11:40'),
(245, 245, 263, 'OEM part for 2014 Nissan Dualis J10', '2025-09-29 13:11:40'),
(246, 246, 263, 'OEM part for 2014 Nissan Dualis J10', '2025-09-29 13:11:40'),
(247, 247, 263, 'OEM part for 2014 Nissan Dualis J10', '2025-09-29 13:11:40'),
(248, 248, 263, 'OEM part for 2014 Nissan Dualis J10', '2025-09-29 13:11:40'),
(249, 249, 263, 'OEM part for 2014 Nissan Dualis J10', '2025-09-29 13:11:40'),
(250, 250, 263, 'OEM part for 2014 Nissan Dualis J10', '2025-09-29 13:11:40'),
(251, 251, 263, 'OEM part for 2014 Nissan Dualis J10', '2025-09-29 13:11:40'),
(252, 252, 263, 'OEM part for 2014 Nissan Dualis J10', '2025-09-29 13:11:40'),
(253, 253, 263, 'OEM part for 2014 Nissan Dualis J10', '2025-09-29 13:11:40'),
(254, 254, 263, 'OEM part for 2014 Nissan Dualis J10', '2025-09-29 13:11:40'),
(255, 255, 263, 'OEM part for 2014 Nissan Dualis J10', '2025-09-29 13:11:40'),
(256, 256, 263, 'OEM part for 2014 Nissan Dualis J10', '2025-09-29 13:11:40'),
(257, 257, 263, 'OEM part for 2014 Nissan Dualis J10', '2025-09-29 13:11:40'),
(258, 258, 263, 'OEM part for 2014 Nissan Dualis J10', '2025-09-29 13:11:40'),
(259, 259, 263, 'OEM part for 2014 Nissan Dualis J10', '2025-09-29 13:11:40'),
(260, 260, 263, 'OEM part for 2014 Nissan Dualis J10', '2025-09-29 13:11:40'),
(261, 261, 263, 'OEM part for 2014 Nissan Dualis J10', '2025-09-29 13:11:40'),
(262, 262, 263, 'OEM part for 2014 Nissan Dualis J10', '2025-09-29 13:11:40'),
(263, 263, 263, 'OEM part for 2014 Nissan Dualis J10', '2025-09-29 13:11:40'),
(264, 264, 263, 'OEM part for 2014 Nissan Dualis J10', '2025-09-29 13:11:40'),
(265, 265, 263, 'OEM part for 2014 Nissan Dualis J10', '2025-09-29 13:11:40'),
(266, 266, 263, 'OEM part for 2014 Nissan Dualis J10', '2025-09-29 13:11:40'),
(267, 267, 263, 'OEM part for 2014 Nissan Dualis J10', '2025-09-29 13:11:40'),
(268, 268, 263, 'OEM part for 2014 Nissan Dualis J10', '2025-09-29 13:11:40'),
(269, 269, 263, 'OEM part for 2014 Nissan Dualis J10', '2025-09-29 13:11:40'),
(270, 270, 263, 'OEM part for 2014 Nissan Dualis J10', '2025-09-29 13:11:40'),
(271, 271, 263, 'OEM part for 2014 Nissan Dualis J10', '2025-09-29 13:11:40'),
(272, 272, 263, 'OEM part for 2014 Nissan Dualis J10', '2025-09-29 13:11:40'),
(600, 405, 263, 'Front left shock for Dualis J10', '2025-09-29 13:35:08'),
(601, 406, 263, 'Front left shock for Dualis J10', '2025-09-29 13:35:08'),
(602, 407, 263, 'Front right shock for Dualis J10', '2025-09-29 13:35:08'),
(603, 408, 263, 'Front right shock for Dualis J10', '2025-09-29 13:35:08'),
(604, 409, 263, 'Used OEM front left shock', '2025-09-29 13:35:08'),
(605, 410, 263, 'Used OEM front right shock', '2025-09-29 13:35:08'),
(606, 411, 263, 'Front stabilizer link for Dualis J10', '2025-09-29 13:35:08'),
(607, 412, 263, 'Front stabilizer link for Dualis J10', '2025-09-29 13:35:08'),
(608, 413, 263, 'Lower ball joint for Dualis J10', '2025-09-29 13:35:08'),
(609, 414, 263, 'Lower ball joint for Dualis J10', '2025-09-29 13:35:08'),
(610, 415, 263, 'Radiator for Dualis J10', '2025-09-29 13:35:08'),
(611, 416, 263, 'Radiator for Dualis J10', '2025-09-29 13:35:08'),
(612, 417, 263, 'Used OEM radiator', '2025-09-29 13:35:08'),
(613, 418, 263, 'Thermostat for Dualis J10', '2025-09-29 13:35:08'),
(614, 419, 263, 'Thermostat for Dualis J10', '2025-09-29 13:35:08'),
(615, 420, 263, 'Battery for Dualis J10', '2025-09-29 13:35:08'),
(616, 421, 263, 'Battery for Dualis J10', '2025-09-29 13:35:08'),
(617, 422, 263, 'Alternator for Dualis J10', '2025-09-29 13:35:08'),
(618, 423, 263, 'Alternator for Dualis J10', '2025-09-29 13:35:08'),
(619, 424, 263, 'Used OEM alternator', '2025-09-29 13:35:08'),
(620, 425, 263, 'Aftermarket oil filter for Dualis J10', '2025-09-29 13:35:41'),
(621, 426, 263, 'Aftermarket oil filter for Dualis J10', '2025-09-29 13:35:41'),
(622, 427, 263, 'Used OEM oil filter', '2025-09-29 13:35:41'),
(623, 428, 263, 'Performance air filter for Dualis J10', '2025-09-29 13:35:41'),
(624, 429, 263, 'Standard air filter for Dualis J10', '2025-09-29 13:35:41'),
(625, 430, 263, 'Iridium plugs for Dualis J10', '2025-09-29 13:35:41'),
(626, 431, 263, 'Platinum plugs for Dualis J10', '2025-09-29 13:35:41'),
(627, 432, 263, 'Aftermarket water pump for Dualis J10', '2025-09-29 13:35:41'),
(628, 433, 263, 'Aftermarket water pump for Dualis J10', '2025-09-29 13:35:41'),
(629, 434, 263, 'Used OEM water pump', '2025-09-29 13:35:41'),
(630, 435, 263, 'CVT fluid for Dualis J10', '2025-09-29 13:35:42'),
(631, 436, 263, 'CVT fluid for Dualis J10', '2025-09-29 13:35:42'),
(632, 437, 263, 'CV boot for Dualis J10', '2025-09-29 13:35:42'),
(633, 438, 263, 'CV boot for Dualis J10', '2025-09-29 13:35:42'),
(634, 439, 263, 'Front brake pads for Dualis J10', '2025-09-29 13:35:42'),
(635, 440, 263, 'Front brake pads for Dualis J10', '2025-09-29 13:35:42'),
(636, 441, 263, 'Used OEM front brake pads', '2025-09-29 13:35:42'),
(637, 442, 263, 'Rear brake pads for Dualis J10', '2025-09-29 13:35:42'),
(638, 443, 263, 'Rear brake pads for Dualis J10', '2025-09-29 13:35:42'),
(639, 444, 263, 'Front brake discs for Dualis J10', '2025-09-29 13:35:42'),
(640, 445, 263, 'Front brake discs for Dualis J10', '2025-09-29 13:35:42'),
(641, 446, 263, 'Used OEM front brake discs', '2025-09-29 13:35:42'),
(642, 447, 263, 'Cabin filter for Dualis J10', '2025-09-29 13:38:02'),
(643, 448, 263, 'Cabin filter for Dualis J10', '2025-09-29 13:38:02'),
(644, 449, 263, 'Engine oil for Dualis J10', '2025-09-29 13:38:02'),
(645, 450, 263, 'Engine oil for Dualis J10', '2025-09-29 13:38:02'),
(646, 451, 263, 'Fuel filter for Dualis J10', '2025-09-29 13:38:02'),
(647, 452, 263, 'Fuel filter for Dualis J10', '2025-09-29 13:38:02'),
(648, 453, 263, 'Tire for Dualis J10', '2025-09-29 13:38:02'),
(649, 454, 263, 'Tire for Dualis J10', '2025-09-29 13:38:02'),
(650, 455, 263, 'Used tire for Dualis J10', '2025-09-29 13:38:02'),
(651, 456, 263, 'Front wheel bearing for Dualis J10', '2025-09-29 13:38:02'),
(652, 457, 263, 'Front wheel bearing for Dualis J10', '2025-09-29 13:38:02'),
(653, 458, 263, 'Used OEM front wheel bearing', '2025-09-29 13:38:02'),
(654, 459, 263, 'Exhaust gaskets for Dualis J10', '2025-09-29 13:38:02'),
(655, 460, 263, 'Exhaust gaskets for Dualis J10', '2025-09-29 13:38:02'),
(656, 461, 263, 'Rear muffler for Dualis J10', '2025-09-29 13:38:03'),
(657, 462, 263, 'Rear muffler for Dualis J10', '2025-09-29 13:38:03'),
(658, 463, 263, 'Used OEM rear muffler', '2025-09-29 13:38:03'),
(659, 464, 263, 'Front O2 sensor for Dualis J10', '2025-09-29 13:38:03'),
(660, 465, 263, 'Front O2 sensor for Dualis J10', '2025-09-29 13:38:03'),
(661, 466, 263, 'Used OEM front O2 sensor', '2025-09-29 13:38:03'),
(662, 467, 263, 'Left headlight for Dualis J10', '2025-09-29 13:40:13'),
(663, 468, 263, 'Left headlight for Dualis J10', '2025-09-29 13:40:13'),
(664, 469, 263, 'Used OEM left headlight', '2025-09-29 13:40:13'),
(665, 470, 263, 'Left tail light for Dualis J10', '2025-09-29 13:40:13'),
(666, 471, 263, 'Left tail light for Dualis J10', '2025-09-29 13:40:13'),
(667, 472, 263, 'Front fog light for Dualis J10', '2025-09-29 13:40:13'),
(668, 473, 263, 'Front fog light for Dualis J10', '2025-09-29 13:40:13'),
(669, 474, 263, 'Front bumper for Dualis J10', '2025-09-29 13:40:13'),
(670, 475, 263, 'Front bumper for Dualis J10', '2025-09-29 13:40:13'),
(671, 476, 263, 'Used OEM front bumper', '2025-09-29 13:40:13'),
(672, 477, 263, 'Left side mirror for Dualis J10', '2025-09-29 13:40:13'),
(673, 478, 263, 'Left side mirror for Dualis J10', '2025-09-29 13:40:13'),
(674, 479, 263, 'Used OEM left side mirror', '2025-09-29 13:40:13'),
(675, 480, 263, 'Front grille for Dualis J10', '2025-09-29 13:40:13'),
(676, 481, 263, 'Front grille for Dualis J10', '2025-09-29 13:40:13'),
(677, 482, 263, 'Floor mats for Dualis J10', '2025-09-29 13:40:13'),
(678, 483, 263, 'Floor mats for Dualis J10', '2025-09-29 13:40:13'),
(679, 484, 263, 'Cargo mat for Dualis J10', '2025-09-29 13:40:13'),
(680, 485, 263, 'Cargo mat for Dualis J10', '2025-09-29 13:40:13'),
(681, 486, 263, 'Steering wheel cover for Dualis J10', '2025-09-29 13:40:13');

--
-- Indexes for dumped tables
--

--
-- Indexes for table `admins`
--
ALTER TABLE `admins`
  ADD PRIMARY KEY (`id`),
  ADD UNIQUE KEY `username` (`username`),
  ADD UNIQUE KEY `email` (`email`),
  ADD KEY `idx_email` (`email`),
  ADD KEY `idx_active` (`active`);

--
-- Indexes for table `api_tokens`
--
ALTER TABLE `api_tokens`
  ADD PRIMARY KEY (`id`),
  ADD UNIQUE KEY `token` (`token`),
  ADD KEY `idx_token` (`token`),
  ADD KEY `idx_user` (`user_id`),
  ADD KEY `idx_expires` (`expires_at`);

--
-- Indexes for table `cities`
--
ALTER TABLE `cities`
  ADD PRIMARY KEY (`id`),
  ADD KEY `idx_country` (`country_id`),
  ADD KEY `idx_active` (`active`);

--
-- Indexes for table `comparison_logs`
--
ALTER TABLE `comparison_logs`
  ADD PRIMARY KEY (`id`),
  ADD KEY `idx_user` (`user_id`),
  ADD KEY `idx_created` (`created_at`);

--
-- Indexes for table `countries`
--
ALTER TABLE `countries`
  ADD PRIMARY KEY (`id`),
  ADD UNIQUE KEY `code` (`code`),
  ADD KEY `idx_active` (`active`);

--
-- Indexes for table `currencies`
--
ALTER TABLE `currencies`
  ADD PRIMARY KEY (`id`),
  ADD UNIQUE KEY `code` (`code`),
  ADD KEY `idx_active` (`active`);

--
-- Indexes for table `languages`
--
ALTER TABLE `languages`
  ADD PRIMARY KEY (`id`),
  ADD UNIQUE KEY `code` (`code`),
  ADD KEY `idx_active` (`active`);

--
-- Indexes for table `makes`
--
ALTER TABLE `makes`
  ADD PRIMARY KEY (`id`),
  ADD UNIQUE KEY `name` (`name`),
  ADD KEY `idx_name` (`name`),
  ADD KEY `idx_active` (`active`);

--
-- Indexes for table `models`
--
ALTER TABLE `models`
  ADD PRIMARY KEY (`id`),
  ADD UNIQUE KEY `unique_make_model` (`make_id`,`name`),
  ADD KEY `idx_make` (`make_id`),
  ADD KEY `idx_name` (`name`),
  ADD KEY `idx_active` (`active`);

--
-- Indexes for table `model_years`
--
ALTER TABLE `model_years`
  ADD PRIMARY KEY (`id`),
  ADD UNIQUE KEY `unique_model_year_code` (`model_id`,`year`,`model_code`),
  ADD KEY `idx_model` (`model_id`),
  ADD KEY `idx_year` (`year`),
  ADD KEY `idx_model_code` (`model_code`);

--
-- Indexes for table `parts`
--
ALTER TABLE `parts`
  ADD PRIMARY KEY (`id`),
  ADD KEY `idx_category` (`category_id`),
  ADD KEY `idx_type` (`type`),
  ADD KEY `idx_active` (`active`),
  ADD KEY `idx_parts_search` (`name`,`type`);
ALTER TABLE `parts` ADD FULLTEXT KEY `idx_search` (`name`,`description`);

--
-- Indexes for table `part_alternatives`
--
ALTER TABLE `part_alternatives`
  ADD PRIMARY KEY (`id`),
  ADD UNIQUE KEY `unique_alternative` (`original_part_id`,`alternative_part_id`),
  ADD KEY `idx_original` (`original_part_id`),
  ADD KEY `idx_alternative` (`alternative_part_id`);

--
-- Indexes for table `part_categories`
--
ALTER TABLE `part_categories`
  ADD PRIMARY KEY (`id`),
  ADD UNIQUE KEY `slug` (`slug`),
  ADD KEY `idx_parent` (`parent_id`),
  ADD KEY `idx_slug` (`slug`),
  ADD KEY `idx_active` (`active`);

--
-- Indexes for table `part_numbers`
--
ALTER TABLE `part_numbers`
  ADD PRIMARY KEY (`id`),
  ADD UNIQUE KEY `unique_part_number` (`part_number`,`brand`),
  ADD KEY `idx_part` (`part_id`),
  ADD KEY `idx_number` (`part_number`),
  ADD KEY `idx_brand` (`brand`);

--
-- Indexes for table `provider_availability`
--
ALTER TABLE `provider_availability`
  ADD PRIMARY KEY (`id`),
  ADD UNIQUE KEY `unique_provider_day` (`provider_id`,`day_of_week`);

--
-- Indexes for table `saved_vehicles`
--
ALTER TABLE `saved_vehicles`
  ADD PRIMARY KEY (`id`),
  ADD UNIQUE KEY `unique_user_vehicle` (`user_id`,`registration_number`),
  ADD KEY `model_year_id` (`model_year_id`),
  ADD KEY `idx_user` (`user_id`),
  ADD KEY `idx_registration` (`registration_number`);

--
-- Indexes for table `search_logs`
--
ALTER TABLE `search_logs`
  ADD PRIMARY KEY (`id`),
  ADD KEY `idx_user` (`user_id`),
  ADD KEY `idx_type` (`search_type`),
  ADD KEY `idx_created` (`created_at`);

--
-- Indexes for table `service_bookings`
--
ALTER TABLE `service_bookings`
  ADD PRIMARY KEY (`id`),
  ADD KEY `vehicle_id` (`vehicle_id`),
  ADD KEY `category_id` (`category_id`),
  ADD KEY `idx_user` (`user_id`),
  ADD KEY `idx_provider` (`provider_id`),
  ADD KEY `idx_status` (`status`),
  ADD KEY `idx_date` (`preferred_date`);

--
-- Indexes for table `service_categories`
--
ALTER TABLE `service_categories`
  ADD PRIMARY KEY (`id`);

--
-- Indexes for table `service_parts`
--
ALTER TABLE `service_parts`
  ADD PRIMARY KEY (`id`),
  ADD KEY `idx_service` (`service_id`),
  ADD KEY `idx_part` (`part_id`);

--
-- Indexes for table `service_providers`
--
ALTER TABLE `service_providers`
  ADD PRIMARY KEY (`id`),
  ADD UNIQUE KEY `phone` (`phone`),
  ADD KEY `idx_type` (`type`),
  ADD KEY `idx_city` (`city_id`),
  ADD KEY `idx_phone` (`phone`),
  ADD KEY `idx_verified` (`verified_at`);

--
-- Indexes for table `service_records`
--
ALTER TABLE `service_records`
  ADD PRIMARY KEY (`id`),
  ADD KEY `category_id` (`category_id`),
  ADD KEY `currency_id` (`currency_id`),
  ADD KEY `idx_vehicle` (`vehicle_id`),
  ADD KEY `idx_provider` (`provider_id`),
  ADD KEY `idx_date` (`service_date`),
  ADD KEY `idx_status` (`status`);

--
-- Indexes for table `settings`
--
ALTER TABLE `settings`
  ADD PRIMARY KEY (`id`),
  ADD UNIQUE KEY `setting_key` (`setting_key`),
  ADD KEY `idx_key` (`setting_key`);

--
-- Indexes for table `shops`
--
ALTER TABLE `shops`
  ADD PRIMARY KEY (`id`),
  ADD KEY `idx_city` (`city_id`),
  ADD KEY `idx_type` (`type`),
  ADD KEY `idx_active` (`active`),
  ADD KEY `idx_location` (`latitude`,`longitude`),
  ADD KEY `idx_shop_rating` (`rating`),
  ADD KEY `idx_token` (`verification_token`,`token_expires_at`);

--
-- Indexes for table `shop_inventory`
--
ALTER TABLE `shop_inventory`
  ADD PRIMARY KEY (`id`),
  ADD UNIQUE KEY `unique_shop_part` (`shop_id`,`part_id`),
  ADD KEY `currency_id` (`currency_id`),
  ADD KEY `idx_shop` (`shop_id`),
  ADD KEY `idx_part` (`part_id`),
  ADD KEY `idx_availability` (`availability`),
  ADD KEY `idx_inventory_price` (`price`);

--
-- Indexes for table `users`
--
ALTER TABLE `users`
  ADD PRIMARY KEY (`id`),
  ADD UNIQUE KEY `phone` (`phone`),
  ADD KEY `country_id` (`country_id`),
  ADD KEY `language_id` (`language_id`),
  ADD KEY `idx_phone` (`phone`),
  ADD KEY `idx_email` (`email`),
  ADD KEY `fk_user_city` (`city_id`),
  ADD KEY `idx_verification` (`verification_token`,`token_expires_at`),
  ADD KEY `idx_verified` (`verified_at`);

--
-- Indexes for table `vehicle_part_compatibility`
--
ALTER TABLE `vehicle_part_compatibility`
  ADD PRIMARY KEY (`id`),
  ADD UNIQUE KEY `unique_compatibility` (`part_id`,`model_year_id`),
  ADD KEY `idx_part` (`part_id`),
  ADD KEY `idx_model_year` (`model_year_id`);

--
-- AUTO_INCREMENT for dumped tables
--

--
-- AUTO_INCREMENT for table `admins`
--
ALTER TABLE `admins`
  MODIFY `id` int(10) UNSIGNED NOT NULL AUTO_INCREMENT, AUTO_INCREMENT=2;

--
-- AUTO_INCREMENT for table `api_tokens`
--
ALTER TABLE `api_tokens`
  MODIFY `id` int(10) UNSIGNED NOT NULL AUTO_INCREMENT;

--
-- AUTO_INCREMENT for table `cities`
--
ALTER TABLE `cities`
  MODIFY `id` int(10) UNSIGNED NOT NULL AUTO_INCREMENT, AUTO_INCREMENT=140;

--
-- AUTO_INCREMENT for table `comparison_logs`
--
ALTER TABLE `comparison_logs`
  MODIFY `id` int(10) UNSIGNED NOT NULL AUTO_INCREMENT;

--
-- AUTO_INCREMENT for table `countries`
--
ALTER TABLE `countries`
  MODIFY `id` int(10) UNSIGNED NOT NULL AUTO_INCREMENT, AUTO_INCREMENT=55;

--
-- AUTO_INCREMENT for table `currencies`
--
ALTER TABLE `currencies`
  MODIFY `id` int(10) UNSIGNED NOT NULL AUTO_INCREMENT, AUTO_INCREMENT=42;

--
-- AUTO_INCREMENT for table `languages`
--
ALTER TABLE `languages`
  MODIFY `id` int(10) UNSIGNED NOT NULL AUTO_INCREMENT, AUTO_INCREMENT=11;

--
-- AUTO_INCREMENT for table `makes`
--
ALTER TABLE `makes`
  MODIFY `id` int(10) UNSIGNED NOT NULL AUTO_INCREMENT, AUTO_INCREMENT=223;

--
-- AUTO_INCREMENT for table `models`
--
ALTER TABLE `models`
  MODIFY `id` int(10) UNSIGNED NOT NULL AUTO_INCREMENT, AUTO_INCREMENT=65;

--
-- AUTO_INCREMENT for table `model_years`
--
ALTER TABLE `model_years`
  MODIFY `id` int(10) UNSIGNED NOT NULL AUTO_INCREMENT, AUTO_INCREMENT=2300;

--
-- AUTO_INCREMENT for table `parts`
--
ALTER TABLE `parts`
  MODIFY `id` int(10) UNSIGNED NOT NULL AUTO_INCREMENT, AUTO_INCREMENT=487;

--
-- AUTO_INCREMENT for table `part_alternatives`
--
ALTER TABLE `part_alternatives`
  MODIFY `id` int(10) UNSIGNED NOT NULL AUTO_INCREMENT, AUTO_INCREMENT=130;

--
-- AUTO_INCREMENT for table `part_categories`
--
ALTER TABLE `part_categories`
  MODIFY `id` int(10) UNSIGNED NOT NULL AUTO_INCREMENT, AUTO_INCREMENT=19;

--
-- AUTO_INCREMENT for table `part_numbers`
--
ALTER TABLE `part_numbers`
  MODIFY `id` int(10) UNSIGNED NOT NULL AUTO_INCREMENT, AUTO_INCREMENT=442;

--
-- AUTO_INCREMENT for table `provider_availability`
--
ALTER TABLE `provider_availability`
  MODIFY `id` int(10) UNSIGNED NOT NULL AUTO_INCREMENT;

--
-- AUTO_INCREMENT for table `saved_vehicles`
--
ALTER TABLE `saved_vehicles`
  MODIFY `id` int(10) UNSIGNED NOT NULL AUTO_INCREMENT, AUTO_INCREMENT=2;

--
-- AUTO_INCREMENT for table `search_logs`
--
ALTER TABLE `search_logs`
  MODIFY `id` int(10) UNSIGNED NOT NULL AUTO_INCREMENT;

--
-- AUTO_INCREMENT for table `service_bookings`
--
ALTER TABLE `service_bookings`
  MODIFY `id` int(10) UNSIGNED NOT NULL AUTO_INCREMENT;

--
-- AUTO_INCREMENT for table `service_categories`
--
ALTER TABLE `service_categories`
  MODIFY `id` int(10) UNSIGNED NOT NULL AUTO_INCREMENT, AUTO_INCREMENT=13;

--
-- AUTO_INCREMENT for table `service_parts`
--
ALTER TABLE `service_parts`
  MODIFY `id` int(10) UNSIGNED NOT NULL AUTO_INCREMENT;

--
-- AUTO_INCREMENT for table `service_providers`
--
ALTER TABLE `service_providers`
  MODIFY `id` int(10) UNSIGNED NOT NULL AUTO_INCREMENT;

--
-- AUTO_INCREMENT for table `service_records`
--
ALTER TABLE `service_records`
  MODIFY `id` int(10) UNSIGNED NOT NULL AUTO_INCREMENT;

--
-- AUTO_INCREMENT for table `settings`
--
ALTER TABLE `settings`
  MODIFY `id` int(10) UNSIGNED NOT NULL AUTO_INCREMENT;

--
-- AUTO_INCREMENT for table `shops`
--
ALTER TABLE `shops`
  MODIFY `id` int(10) UNSIGNED NOT NULL AUTO_INCREMENT, AUTO_INCREMENT=6;

--
-- AUTO_INCREMENT for table `shop_inventory`
--
ALTER TABLE `shop_inventory`
  MODIFY `id` int(10) UNSIGNED NOT NULL AUTO_INCREMENT, AUTO_INCREMENT=563;

--
-- AUTO_INCREMENT for table `users`
--
ALTER TABLE `users`
  MODIFY `id` int(10) UNSIGNED NOT NULL AUTO_INCREMENT, AUTO_INCREMENT=6;

--
-- AUTO_INCREMENT for table `vehicle_part_compatibility`
--
ALTER TABLE `vehicle_part_compatibility`
  MODIFY `id` int(10) UNSIGNED NOT NULL AUTO_INCREMENT, AUTO_INCREMENT=682;

--
-- Constraints for dumped tables
--

--
-- Constraints for table `api_tokens`
--
ALTER TABLE `api_tokens`
  ADD CONSTRAINT `api_tokens_ibfk_1` FOREIGN KEY (`user_id`) REFERENCES `users` (`id`) ON DELETE CASCADE;

--
-- Constraints for table `cities`
--
ALTER TABLE `cities`
  ADD CONSTRAINT `cities_ibfk_1` FOREIGN KEY (`country_id`) REFERENCES `countries` (`id`) ON DELETE CASCADE;

--
-- Constraints for table `comparison_logs`
--
ALTER TABLE `comparison_logs`
  ADD CONSTRAINT `comparison_logs_ibfk_1` FOREIGN KEY (`user_id`) REFERENCES `users` (`id`) ON DELETE SET NULL;

--
-- Constraints for table `models`
--
ALTER TABLE `models`
  ADD CONSTRAINT `models_ibfk_1` FOREIGN KEY (`make_id`) REFERENCES `makes` (`id`) ON DELETE CASCADE;

--
-- Constraints for table `model_years`
--
ALTER TABLE `model_years`
  ADD CONSTRAINT `model_years_ibfk_1` FOREIGN KEY (`model_id`) REFERENCES `models` (`id`) ON DELETE CASCADE;

--
-- Constraints for table `parts`
--
ALTER TABLE `parts`
  ADD CONSTRAINT `parts_ibfk_1` FOREIGN KEY (`category_id`) REFERENCES `part_categories` (`id`);

--
-- Constraints for table `part_alternatives`
--
ALTER TABLE `part_alternatives`
  ADD CONSTRAINT `part_alternatives_ibfk_1` FOREIGN KEY (`original_part_id`) REFERENCES `parts` (`id`) ON DELETE CASCADE,
  ADD CONSTRAINT `part_alternatives_ibfk_2` FOREIGN KEY (`alternative_part_id`) REFERENCES `parts` (`id`) ON DELETE CASCADE;

--
-- Constraints for table `part_categories`
--
ALTER TABLE `part_categories`
  ADD CONSTRAINT `part_categories_ibfk_1` FOREIGN KEY (`parent_id`) REFERENCES `part_categories` (`id`) ON DELETE SET NULL;

--
-- Constraints for table `part_numbers`
--
ALTER TABLE `part_numbers`
  ADD CONSTRAINT `part_numbers_ibfk_1` FOREIGN KEY (`part_id`) REFERENCES `parts` (`id`) ON DELETE CASCADE;

--
-- Constraints for table `provider_availability`
--
ALTER TABLE `provider_availability`
  ADD CONSTRAINT `provider_availability_ibfk_1` FOREIGN KEY (`provider_id`) REFERENCES `service_providers` (`id`) ON DELETE CASCADE;

--
-- Constraints for table `saved_vehicles`
--
ALTER TABLE `saved_vehicles`
  ADD CONSTRAINT `saved_vehicles_ibfk_1` FOREIGN KEY (`user_id`) REFERENCES `users` (`id`) ON DELETE CASCADE,
  ADD CONSTRAINT `saved_vehicles_ibfk_2` FOREIGN KEY (`model_year_id`) REFERENCES `model_years` (`id`) ON DELETE CASCADE;

--
-- Constraints for table `search_logs`
--
ALTER TABLE `search_logs`
  ADD CONSTRAINT `search_logs_ibfk_1` FOREIGN KEY (`user_id`) REFERENCES `users` (`id`) ON DELETE SET NULL;

--
-- Constraints for table `service_bookings`
--
ALTER TABLE `service_bookings`
  ADD CONSTRAINT `service_bookings_ibfk_1` FOREIGN KEY (`user_id`) REFERENCES `users` (`id`),
  ADD CONSTRAINT `service_bookings_ibfk_2` FOREIGN KEY (`vehicle_id`) REFERENCES `saved_vehicles` (`id`),
  ADD CONSTRAINT `service_bookings_ibfk_3` FOREIGN KEY (`provider_id`) REFERENCES `service_providers` (`id`),
  ADD CONSTRAINT `service_bookings_ibfk_4` FOREIGN KEY (`category_id`) REFERENCES `service_categories` (`id`);

--
-- Constraints for table `service_parts`
--
ALTER TABLE `service_parts`
  ADD CONSTRAINT `service_parts_ibfk_1` FOREIGN KEY (`service_id`) REFERENCES `service_records` (`id`) ON DELETE CASCADE,
  ADD CONSTRAINT `service_parts_ibfk_2` FOREIGN KEY (`part_id`) REFERENCES `parts` (`id`);

--
-- Constraints for table `service_providers`
--
ALTER TABLE `service_providers`
  ADD CONSTRAINT `service_providers_ibfk_1` FOREIGN KEY (`city_id`) REFERENCES `cities` (`id`);

--
-- Constraints for table `service_records`
--
ALTER TABLE `service_records`
  ADD CONSTRAINT `service_records_ibfk_1` FOREIGN KEY (`vehicle_id`) REFERENCES `saved_vehicles` (`id`) ON DELETE CASCADE,
  ADD CONSTRAINT `service_records_ibfk_2` FOREIGN KEY (`provider_id`) REFERENCES `service_providers` (`id`),
  ADD CONSTRAINT `service_records_ibfk_3` FOREIGN KEY (`category_id`) REFERENCES `service_categories` (`id`),
  ADD CONSTRAINT `service_records_ibfk_4` FOREIGN KEY (`currency_id`) REFERENCES `currencies` (`id`);

--
-- Constraints for table `shops`
--
ALTER TABLE `shops`
  ADD CONSTRAINT `shops_ibfk_1` FOREIGN KEY (`city_id`) REFERENCES `cities` (`id`);

--
-- Constraints for table `shop_inventory`
--
ALTER TABLE `shop_inventory`
  ADD CONSTRAINT `shop_inventory_ibfk_1` FOREIGN KEY (`shop_id`) REFERENCES `shops` (`id`) ON DELETE CASCADE,
  ADD CONSTRAINT `shop_inventory_ibfk_2` FOREIGN KEY (`part_id`) REFERENCES `parts` (`id`) ON DELETE CASCADE,
  ADD CONSTRAINT `shop_inventory_ibfk_3` FOREIGN KEY (`currency_id`) REFERENCES `currencies` (`id`);

--
-- Constraints for table `users`
--
ALTER TABLE `users`
  ADD CONSTRAINT `fk_user_city` FOREIGN KEY (`city_id`) REFERENCES `cities` (`id`) ON DELETE SET NULL,
  ADD CONSTRAINT `users_ibfk_1` FOREIGN KEY (`country_id`) REFERENCES `countries` (`id`) ON DELETE SET NULL,
  ADD CONSTRAINT `users_ibfk_2` FOREIGN KEY (`language_id`) REFERENCES `languages` (`id`) ON DELETE SET NULL;

--
-- Constraints for table `vehicle_part_compatibility`
--
ALTER TABLE `vehicle_part_compatibility`
  ADD CONSTRAINT `vehicle_part_compatibility_ibfk_1` FOREIGN KEY (`part_id`) REFERENCES `parts` (`id`) ON DELETE CASCADE,
  ADD CONSTRAINT `vehicle_part_compatibility_ibfk_2` FOREIGN KEY (`model_year_id`) REFERENCES `model_years` (`id`) ON DELETE CASCADE;
COMMIT;

/*!40101 SET CHARACTER_SET_CLIENT=@OLD_CHARACTER_SET_CLIENT */;
/*!40101 SET CHARACTER_SET_RESULTS=@OLD_CHARACTER_SET_RESULTS */;
/*!40101 SET COLLATION_CONNECTION=@OLD_COLLATION_CONNECTION */;
